Cell.01	Cell.02	Cell.03	Cell.04	Cell.05	Cell.06	Cell.07	Cell.08	Cell.09	Cell.10	Cell.11	Cell.12	Cell.13	Cell.14	Cell.15	Cell.16	Cell.17	Cell.18	Cell.19	Cell.20
GeneID1	54	44	49	44	61	0	0	0	0	0	2	3	1	4	0	0	0	0	0	0
GeneID2	51	39	55	49	53	0	0	0	0	0	2	1	0	2	3	0	0	0	0	0
GeneID3	50	29	65	60	55	0	0	0	0	0	0	4	0	2	3	0	0	0	0	0
GeneID4	39	52	41	58	51	0	0	0	0	0	1	6	2	3	3	0	0	0	0	0
GeneID5	33	56	49	45	48	0	0	0	0	0	0	3	5	0	2	0	0	0	0	0
GeneID6	52	50	49	40	54	0	0	0	0	0	3	1	4	1	4	0	0	0	0	0
GeneID7	36	54	55	53	46	0	0	0	0	0	2	1	2	2	2	0	0	0	0	0
GeneID8	41	45	51	47	59	0	0	0	0	0	3	0	2	3	3	0	0	0	0	0
GeneID9	48	51	57	62	43	0	0	0	0	0	3	1	4	1	0	0	0	0	0	0
GeneID10	37	59	59	62	51	0	0	0	0	0	2	1	2	0	1	0	0	0	0	0
GeneID11	53	50	62	49	62	0	0	0	0	0	0	3	5	1	0	0	0	0	0	0
GeneID12	48	40	53	45	52	0	0	0	0	0	3	4	0	3	2	0	0	0	0	0
GeneID13	52	41	53	59	54	0	0	0	0	0	1	2	2	2	3	0	0	0	0	0
GeneID14	44	49	48	45	54	0	0	0	0	0	2	2	1	1	3	0	0	0	0	0
GeneID15	49	43	44	61	45	0	0	0	0	0	4	1	1	2	2	0	0	0	0	0
GeneID16	51	62	50	42	47	0	0	0	0	0	0	3	2	2	1	0	0	0	0	0
GeneID17	46	42	48	58	50	0	0	0	0	0	2	2	2	3	3	0	0	0	0	0
GeneID18	44	62	39	62	51	0	0	0	0	0	2	3	6	3	0	0	0	0	0	0
GeneID19	53	40	47	48	60	0	0	0	0	0	1	0	1	2	2	0	0	0	0	0
GeneID20	46	58	53	65	47	0	0	0	0	0	4	1	3	3	1	0	0	0	0	0
GeneID21	46	55	65	48	57	0	0	0	0	0	3	1	1	2	3	0	0	0	0	0
GeneID22	52	46	64	52	46	0	0	0	0	0	2	1	4	2	4	0	0	0	0	0
GeneID23	45	57	38	54	45	0	0	0	0	0	2	1	1	4	0	0	0	0	0	0
GeneID24	45	58	42	52	59	0	0	0	0	0	1	2	5	2	1	0	0	0	0	0
GeneID25	41	46	49	69	48	0	0	0	0	0	3	1	1	1	2	0	0	0	0	0
GeneID26	55	58	49	46	50	0	0	0	0	0	2	3	3	5	1	0	0	0	0	0
GeneID27	61	43	46	58	49	0	0	0	0	0	4	1	2	1	5	0	0	0	0	0
GeneID28	51	49	51	53	44	0	0	0	0	0	0	3	2	2	4	0	0	0	0	0
GeneID29	42	48	45	50	41	0	0	0	0	0	2	2	1	1	3	0	0	0	0	0
GeneID30	54	54	40	63	52	0	0	0	0	0	0	3	2	3	2	0	0	0	0	0
GeneID31	58	47	48	51	50	0	0	0	0	0	1	0	0	2	3	0	0	0	0	0
GeneID32	44	46	45	43	63	0	0	0	0	0	1	0	3	1	3	0	0	0	0	0
GeneID33	54	56	45	48	48	0	0	0	0	0	1	0	2	4	1	0	0	0	0	0
GeneID34	48	50	41	47	43	0	0	0	0	0	2	3	2	2	5	0	0	0	0	0
GeneID35	53	43	58	48	50	0	0	0	0	0	2	3	1	0	3	0	0	0	0	0
GeneID36	52	54	60	51	60	0	0	0	0	0	2	3	0	2	2	0	0	0	0	0
GeneID37	56	37	58	39	41	0	0	0	0	0	4	3	1	3	0	0	0	0	0	0
GeneID38	51	55	43	62	44	0	0	0	0	0	2	1	2	0	3	0	0	0	0	0
GeneID39	38	32	48	46	41	0	0	0	0	0	3	1	4	2	4	0	0	0	0	0
GeneID40	51	50	53	59	50	0	0	0	0	0	1	1	1	1	0	0	0	0	0	0
GeneID41	40	37	56	54	55	0	0	0	0	0	2	3	2	2	1	0	0	0	0	0
GeneID42	54	52	50	57	52	0	0	0	0	0	3	2	2	2	5	0	0	0	0	0
GeneID43	54	61	50	45	55	0	0	0	0	0	3	1	0	4	1	0	0	0	0	0
GeneID44	52	46	49	49	42	0	0	0	0	0	1	3	1	2	4	0	0	0	0	0
GeneID45	46	53	45	50	49	0	0	0	0	0	2	3	2	0	2	0	0	0	0	0
GeneID46	56	51	49	59	43	0	0	0	0	0	2	3	1	2	3	0	0	0	0	0
GeneID47	41	53	57	53	54	0	0	0	0	0	0	1	2	2	1	0	0	0	0	0
GeneID48	47	46	53	55	55	0	0	0	0	0	4	1	2	2	0	0	0	0	0	0
GeneID49	44	47	48	49	48	0	0	0	0	0	5	0	1	2	1	0	0	0	0	0
GeneID50	45	55	58	55	56	0	0	0	0	0	1	3	2	3	4	0	0	0	0	0
GeneID51	51	43	48	54	59	0	0	0	0	0	0	1	0	3	3	0	0	0	0	0
GeneID52	32	50	62	36	46	0	0	0	0	0	1	1	4	1	4	0	0	0	0	0
GeneID53	47	48	44	44	48	0	0	0	0	0	4	2	3	3	2	0	0	0	0	0
GeneID54	36	33	56	55	48	0	0	0	0	0	6	2	3	1	1	0	0	0	0	0
GeneID55	44	50	47	50	51	0	0	0	0	0	2	3	1	5	2	0	0	0	0	0
GeneID56	44	58	45	45	53	0	0	0	0	0	3	4	2	2	3	0	0	0	0	0
GeneID57	46	37	49	54	53	0	0	0	0	0	1	3	1	4	1	0	0	0	0	0
GeneID58	37	57	55	48	58	0	0	0	0	0	7	2	1	1	3	0	0	0	0	0
GeneID59	53	59	56	54	53	0	0	0	0	0	0	2	0	1	4	0	0	0	0	0
GeneID60	48	52	46	54	52	0	0	0	0	0	1	3	4	3	3	0	0	0	0	0
GeneID61	44	52	61	59	43	0	0	0	0	0	1	1	1	1	5	0	0	0	0	0
GeneID62	61	46	49	44	46	0	0	0	0	0	4	0	2	1	2	0	0	0	0	0
GeneID63	56	41	46	48	53	0	0	0	0	0	2	1	1	2	0	0	0	0	0	0
GeneID64	44	42	54	57	35	0	0	0	0	0	2	2	2	4	2	0	0	0	0	0
GeneID65	56	61	66	36	39	0	0	0	0	0	1	2	2	3	2	0	0	0	0	0
GeneID66	46	58	58	47	56	0	0	0	0	0	1	5	3	0	2	0	0	0	0	0
GeneID67	50	57	48	42	46	0	0	0	0	0	1	2	2	3	0	0	0	0	0	0
GeneID68	45	57	59	42	38	0	0	0	0	0	3	5	3	2	3	0	0	0	0	0
GeneID69	53	50	42	56	48	0	0	0	0	0	3	0	3	0	0	0	0	0	0	0
GeneID70	41	47	60	48	57	0	0	0	0	0	4	3	2	2	3	0	0	0	0	0
GeneID71	46	58	56	54	54	0	0	0	0	0	1	3	2	1	0	0	0	0	0	0
GeneID72	60	55	41	38	43	0	0	0	0	0	4	1	1	7	5	0	0	0	0	0
GeneID73	49	49	39	54	61	0	0	0	0	0	3	0	1	1	3	0	0	0	0	0
GeneID74	44	47	53	52	43	0	0	0	0	0	3	1	4	0	0	0	0	0	0	0
GeneID75	51	52	53	46	54	0	0	0	0	0	1	1	2	1	1	0	0	0	0	0
GeneID76	51	42	48	62	52	0	0	0	0	0	3	3	3	3	2	0	0	0	0	0
GeneID77	47	46	47	45	51	0	0	0	0	0	2	1	3	1	5	0	0	0	0	0
GeneID78	44	43	59	54	44	0	0	0	0	0	2	2	1	1	0	0	0	0	0	0
GeneID79	42	63	48	49	46	0	0	0	0	0	2	2	0	2	3	0	0	0	0	0
GeneID80	50	42	57	50	46	0	0	0	0	0	0	4	2	1	3	0	0	0	0	0
GeneID81	52	64	48	44	62	0	0	0	0	0	3	3	2	1	0	0	0	0	0	0
GeneID82	50	38	44	49	43	0	0	0	0	0	1	2	2	1	1	0	0	0	0	0
GeneID83	53	53	52	52	43	0	0	0	0	0	2	2	1	2	2	0	0	0	0	0
GeneID84	32	44	45	40	51	0	0	0	0	0	1	2	1	4	2	0	0	0	0	0
GeneID85	54	49	45	38	37	0	0	0	0	0	2	1	1	2	4	0	0	0	0	0
GeneID86	36	51	57	42	45	0	0	0	0	0	1	2	1	3	1	0	0	0	0	0
GeneID87	49	51	60	51	52	0	0	0	0	0	5	1	3	2	0	0	0	0	0	0
GeneID88	54	43	43	40	49	0	0	0	0	0	2	1	2	3	4	0	0	0	0	0
GeneID89	58	56	48	37	62	0	0	0	0	0	2	2	2	0	1	0	0	0	0	0
GeneID90	57	48	51	51	48	0	0	0	0	0	1	1	2	4	1	0	0	0	0	0
GeneID91	48	51	45	61	57	0	0	0	0	0	2	2	5	1	4	0	0	0	0	0
GeneID92	52	58	47	55	60	0	0	0	0	0	1	4	0	1	1	0	0	0	0	0
GeneID93	49	49	53	41	48	0	0	0	0	0	2	0	5	0	4	0	0	0	0	0
GeneID94	48	49	53	53	48	0	0	0	0	0	1	3	2	0	4	0	0	0	0	0
GeneID95	53	40	41	46	51	0	0	0	0	0	3	5	1	1	1	0	0	0	0	0
GeneID96	54	50	45	62	36	0	0	0	0	0	2	0	4	1	4	0	0	0	0	0
GeneID97	45	57	47	53	52	0	0	0	0	0	4	1	4	0	1	0	0	0	0	0
GeneID98	55	38	57	45	43	0	0	0	0	0	3	0	1	1	4	0	0	0	0	0
GeneID99	50	53	51	46	47	0	0	0	0	0	3	2	3	3	2	0	0	0	0	0
GeneID100	48	58	50	47	63	0	0	0	0	0	4	0	1	0	2	0	0	0	0	0
GeneID101	49	63	41	45	52	0	0	0	0	0	1	0	0	2	4	0	0	0	0	0
GeneID102	39	47	50	66	53	0	0	0	0	0	3	0	3	1	1	0	0	0	0	0
GeneID103	50	49	65	56	43	0	0	0	0	0	2	3	2	3	2	0	0	0	0	0
GeneID104	47	46	51	57	45	0	0	0	0	0	1	2	3	3	2	0	0	0	0	0
GeneID105	50	40	39	55	46	0	0	0	0	0	3	3	2	1	2	0	0	0	0	0
GeneID106	48	52	50	45	47	0	0	0	0	0	1	2	3	0	1	0	0	0	0	0
GeneID107	39	52	48	43	55	0	0	0	0	0	0	3	0	0	2	0	0	0	0	0
GeneID108	38	58	61	53	53	0	0	0	0	0	2	1	1	3	3	0	0	0	0	0
GeneID109	58	55	33	53	45	0	0	0	0	0	2	1	0	1	1	0	0	0	0	0
GeneID110	49	53	44	47	33	0	0	0	0	0	2	3	1	1	0	0	0	0	0	0
GeneID111	46	47	50	47	48	0	0	0	0	0	5	2	1	5	0	0	0	0	0	0
GeneID112	34	40	54	37	55	0	0	0	0	0	1	1	3	4	2	0	0	0	0	0
GeneID113	52	54	45	40	49	0	0	0	0	0	7	4	2	0	1	0	0	0	0	0
GeneID114	59	50	54	42	39	0	0	0	0	0	4	1	3	4	0	0	0	0	0	0
GeneID115	57	63	75	42	50	0	0	0	0	0	2	3	1	1	2	0	0	0	0	0
GeneID116	56	48	52	42	49	0	0	0	0	0	3	1	5	0	3	0	0	0	0	0
GeneID117	56	55	50	39	49	0	0	0	0	0	5	4	1	2	0	0	0	0	0	0
GeneID118	46	57	53	52	43	0	0	0	0	0	2	3	1	2	2	0	0	0	0	0
GeneID119	46	55	41	49	48	0	0	0	0	0	1	0	1	2	3	0	0	0	0	0
GeneID120	56	45	55	49	51	0	0	0	0	0	2	2	4	1	2	0	0	0	0	0
GeneID121	59	51	52	67	58	0	0	0	0	0	1	2	1	3	1	0	0	0	0	0
GeneID122	50	49	48	50	47	0	0	0	0	0	3	2	1	0	2	0	0	0	0	0
GeneID123	48	59	50	56	51	0	0	0	0	0	1	2	0	3	5	0	0	0	0	0
GeneID124	50	47	51	45	47	0	0	0	0	0	2	2	6	2	1	0	0	0	0	0
GeneID125	52	50	42	47	37	0	0	0	0	0	5	3	1	2	1	0	0	0	0	0
GeneID126	56	66	54	51	55	0	0	0	0	0	1	4	1	4	2	0	0	0	0	0
GeneID127	48	44	58	54	60	0	0	0	0	0	1	0	2	1	0	0	0	0	0	0
GeneID128	41	46	48	54	45	0	0	0	0	0	2	1	3	2	3	0	0	0	0	0
GeneID129	59	59	42	58	44	0	0	0	0	0	2	1	1	3	0	0	0	0	0	0
GeneID130	47	32	48	49	59	0	0	0	0	0	0	2	3	1	2	0	0	0	0	0
GeneID131	51	37	59	46	37	0	0	0	0	0	2	0	4	2	1	0	0	0	0	0
GeneID132	50	43	46	56	64	0	0	0	0	0	0	1	1	4	1	0	0	0	0	0
GeneID133	49	55	50	48	38	0	0	0	0	0	1	6	3	1	4	0	0	0	0	0
GeneID134	49	59	55	61	55	0	0	0	0	0	3	1	1	1	1	0	0	0	0	0
GeneID135	33	39	68	44	55	0	0	0	0	0	3	4	2	1	1	0	0	0	0	0
GeneID136	39	53	62	49	51	0	0	0	0	0	1	4	2	5	4	0	0	0	0	0
GeneID137	54	52	48	41	54	0	0	0	0	0	1	3	1	2	6	0	0	0	0	0
GeneID138	40	54	44	64	44	0	0	0	0	0	4	1	0	2	3	0	0	0	0	0
GeneID139	53	42	47	50	49	0	0	0	0	0	2	1	1	1	1	0	0	0	0	0
GeneID140	39	49	57	50	50	0	0	0	0	0	4	4	1	2	4	0	0	0	0	0
GeneID141	51	51	45	48	50	0	0	0	0	0	1	2	2	3	5	0	0	0	0	0
GeneID142	51	38	56	49	54	0	0	0	0	0	2	3	2	2	2	0	0	0	0	0
GeneID143	48	53	57	47	49	0	0	0	0	0	2	0	1	2	1	0	0	0	0	0
GeneID144	56	65	59	54	47	0	0	0	0	0	4	2	4	2	2	0	0	0	0	0
GeneID145	53	49	62	57	60	0	0	0	0	0	0	1	4	1	4	0	0	0	0	0
GeneID146	54	58	46	52	48	0	0	0	0	0	0	5	1	5	3	0	0	0	0	0
GeneID147	53	48	46	41	54	0	0	0	0	0	0	2	4	2	2	0	0	0	0	0
GeneID148	54	60	46	53	59	0	0	0	0	0	1	4	3	0	2	0	0	0	0	0
GeneID149	56	54	46	47	61	0	0	0	0	0	0	2	2	1	1	0	0	0	0	0
GeneID150	42	70	60	43	46	0	0	0	0	0	1	2	2	3	1	0	0	0	0	0
GeneID151	58	39	53	59	49	0	0	0	0	0	2	4	3	6	2	0	0	0	0	0
GeneID152	38	52	54	58	44	0	0	0	0	0	5	3	1	1	2	0	0	0	0	0
GeneID153	43	50	45	55	46	0	0	0	0	0	2	1	5	1	0	0	0	0	0	0
GeneID154	51	43	53	50	62	0	0	0	0	0	0	2	3	1	1	0	0	0	0	0
GeneID155	55	46	59	57	52	0	0	0	0	0	2	4	0	1	1	0	0	0	0	0
GeneID156	54	48	46	54	51	0	0	0	0	0	3	0	0	2	1	0	0	0	0	0
GeneID157	58	43	51	57	57	0	0	0	0	0	2	0	3	3	4	0	0	0	0	0
GeneID158	30	42	51	46	47	0	0	0	0	0	1	0	3	0	0	0	0	0	0	0
GeneID159	54	60	53	39	57	0	0	0	0	0	2	0	1	0	1	0	0	0	0	0
GeneID160	54	42	48	62	43	0	0	0	0	0	0	1	1	2	2	0	0	0	0	0
GeneID161	46	62	56	49	47	0	0	0	0	0	1	3	2	3	3	0	0	0	0	0
GeneID162	59	47	50	54	40	0	0	0	0	0	2	3	3	3	1	0	0	0	0	0
GeneID163	46	52	53	57	33	0	0	0	0	0	0	1	1	5	0	0	0	0	0	0
GeneID164	52	46	40	47	52	0	0	0	0	0	1	2	1	1	0	0	0	0	0	0
GeneID165	36	45	49	53	58	0	0	0	0	0	1	4	1	2	3	0	0	0	0	0
GeneID166	45	44	47	55	50	0	0	0	0	0	2	2	1	2	4	0	0	0	0	0
GeneID167	67	50	46	58	50	0	0	0	0	0	2	4	2	2	2	0	0	0	0	0
GeneID168	57	57	48	41	55	0	0	0	0	0	0	0	2	1	2	0	0	0	0	0
GeneID169	47	47	61	45	44	0	0	0	0	0	4	2	1	3	2	0	0	0	0	0
GeneID170	43	51	47	46	53	0	0	0	0	0	6	0	1	1	3	0	0	0	0	0
GeneID171	43	44	48	50	53	0	0	0	0	0	5	2	1	3	4	0	0	0	0	0
GeneID172	53	47	42	44	36	0	0	0	0	0	0	1	5	3	2	0	0	0	0	0
GeneID173	53	56	51	37	40	0	0	0	0	0	2	3	3	2	1	0	0	0	0	0
GeneID174	49	42	55	62	50	0	0	0	0	0	2	2	2	1	2	0	0	0	0	0
GeneID175	54	62	46	50	51	0	0	0	0	0	1	0	1	2	1	0	0	0	0	0
GeneID176	62	49	48	50	40	0	0	0	0	0	4	1	3	1	0	0	0	0	0	0
GeneID177	47	43	42	50	47	0	0	0	0	0	0	1	4	2	0	0	0	0	0	0
GeneID178	46	51	50	48	50	0	0	0	0	0	8	1	6	3	2	0	0	0	0	0
GeneID179	43	71	56	58	56	0	0	0	0	0	4	3	2	1	0	0	0	0	0	0
GeneID180	52	44	52	61	43	0	0	0	0	0	3	2	0	2	6	0	0	0	0	0
GeneID181	46	50	48	55	47	0	0	0	0	0	7	4	1	2	1	0	0	0	0	0
GeneID182	49	53	59	58	51	0	0	0	0	0	1	3	1	1	4	0	0	0	0	0
GeneID183	48	54	43	51	39	0	0	0	0	0	3	4	1	2	3	0	0	0	0	0
GeneID184	55	44	38	70	62	0	0	0	0	0	2	0	1	0	3	0	0	0	0	0
GeneID185	43	55	59	59	57	0	0	0	0	0	2	1	1	1	0	0	0	0	0	0
GeneID186	63	44	55	48	45	0	0	0	0	0	0	0	4	0	1	0	0	0	0	0
GeneID187	59	44	49	50	43	0	0	0	0	0	2	0	3	1	0	0	0	0	0	0
GeneID188	47	43	50	44	50	0	0	0	0	0	5	3	1	2	2	0	0	0	0	0
GeneID189	48	55	50	57	46	0	0	0	0	0	2	2	0	0	1	0	0	0	0	0
GeneID190	53	54	67	53	43	0	0	0	0	0	4	1	1	2	1	0	0	0	0	0
GeneID191	47	53	54	54	51	0	0	0	0	0	0	0	4	3	1	0	0	0	0	0
GeneID192	55	54	57	39	46	0	0	0	0	0	2	0	4	0	0	0	0	0	0	0
GeneID193	43	51	39	45	35	0	0	0	0	0	2	4	1	3	1	0	0	0	0	0
GeneID194	52	61	55	45	45	0	0	0	0	0	2	0	0	3	2	0	0	0	0	0
GeneID195	44	48	42	50	61	0	0	0	0	0	0	5	0	3	0	0	0	0	0	0
GeneID196	44	51	43	54	53	0	0	0	0	0	2	2	5	1	2	0	0	0	0	0
GeneID197	53	57	44	60	42	0	0	0	0	0	2	0	3	0	3	0	0	0	0	0
GeneID198	49	50	37	64	52	0	0	0	0	0	4	3	3	2	1	0	0	0	0	0
GeneID199	51	52	57	52	47	0	0	0	0	0	3	1	1	4	4	0	0	0	0	0
GeneID200	45	46	52	49	52	0	0	0	0	0	1	2	1	1	3	0	0	0	0	0
GeneID201	53	50	61	50	52	0	0	0	0	0	2	2	0	1	5	0	0	0	0	0
GeneID202	47	46	42	43	62	0	0	0	0	0	3	2	2	2	1	0	0	0	0	0
GeneID203	41	50	60	62	48	0	0	0	0	0	0	2	0	3	0	0	0	0	0	0
GeneID204	42	58	57	57	46	0	0	0	0	0	4	1	2	2	0	0	0	0	0	0
GeneID205	56	58	67	46	48	0	0	0	0	0	1	3	3	3	2	0	0	0	0	0
GeneID206	54	50	52	62	57	0	0	0	0	0	2	3	2	2	2	0	0	0	0	0
GeneID207	53	50	60	46	46	0	0	0	0	0	0	3	3	3	1	0	0	0	0	0
GeneID208	49	50	46	44	56	0	0	0	0	0	0	0	0	3	2	0	0	0	0	0
GeneID209	61	53	44	51	50	0	0	0	0	0	0	0	5	4	1	0	0	0	0	0
GeneID210	51	58	46	57	58	0	0	0	0	0	2	0	2	1	2	0	0	0	0	0
GeneID211	45	44	54	44	39	0	0	0	0	0	2	2	0	7	3	0	0	0	0	0
GeneID212	56	46	55	51	58	0	0	0	0	0	5	7	0	5	2	0	0	0	0	0
GeneID213	68	48	54	57	44	0	0	0	0	0	0	1	1	1	3	0	0	0	0	0
GeneID214	49	35	61	46	46	0	0	0	0	0	5	0	1	2	1	0	0	0	0	0
GeneID215	50	54	53	51	47	0	0	0	0	0	1	1	4	4	1	0	0	0	0	0
GeneID216	49	49	47	38	56	0	0	0	0	0	2	1	3	3	0	0	0	0	0	0
GeneID217	47	43	43	53	51	0	0	0	0	0	1	6	0	2	6	0	0	0	0	0
GeneID218	56	60	41	53	61	0	0	0	0	0	3	3	0	1	2	0	0	0	0	0
GeneID219	42	58	54	50	56	0	0	0	0	0	1	1	3	4	0	0	0	0	0	0
GeneID220	55	54	52	50	57	0	0	0	0	0	3	0	2	1	0	0	0	0	0	0
GeneID221	42	56	48	48	48	0	0	0	0	0	0	3	1	3	1	0	0	0	0	0
GeneID222	57	45	49	51	44	0	0	0	0	0	1	4	1	1	0	0	0	0	0	0
GeneID223	53	58	51	52	51	0	0	0	0	0	2	5	3	1	3	0	0	0	0	0
GeneID224	54	55	51	45	50	0	0	0	0	0	1	4	2	3	0	0	0	0	0	0
GeneID225	48	53	54	53	41	0	0	0	0	0	2	1	1	1	2	0	0	0	0	0
GeneID226	48	56	53	40	66	0	0	0	0	0	3	3	2	5	1	0	0	0	0	0
GeneID227	51	51	58	44	43	0	0	0	0	0	3	3	3	6	3	0	0	0	0	0
GeneID228	45	56	52	59	48	0	0	0	0	0	3	5	1	2	1	0	0	0	0	0
GeneID229	56	41	56	68	54	0	0	0	0	0	3	0	1	1	4	0	0	0	0	0
GeneID230	56	55	43	66	53	0	0	0	0	0	0	2	3	2	1	0	0	0	0	0
GeneID231	51	62	47	64	45	0	0	0	0	0	1	2	2	3	2	0	0	0	0	0
GeneID232	39	56	60	42	47	0	0	0	0	0	1	2	1	4	0	0	0	0	0	0
GeneID233	51	47	50	58	50	0	0	0	0	0	1	0	5	2	2	0	0	0	0	0
GeneID234	49	53	57	45	52	0	0	0	0	0	4	1	2	7	1	0	0	0	0	0
GeneID235	53	47	42	48	45	0	0	0	0	0	3	0	6	1	1	0	0	0	0	0
GeneID236	53	43	49	52	44	0	0	0	0	0	1	1	0	0	2	0	0	0	0	0
GeneID237	52	47	46	56	54	0	0	0	0	0	3	1	1	2	2	0	0	0	0	0
GeneID238	50	40	49	58	50	0	0	0	0	0	4	3	1	1	2	0	0	0	0	0
GeneID239	52	55	38	55	47	0	0	0	0	0	1	3	4	3	1	0	0	0	0	0
GeneID240	44	54	41	51	50	0	0	0	0	0	3	1	3	1	2	0	0	0	0	0
GeneID241	52	44	45	47	61	0	0	0	0	0	1	0	1	2	4	0	0	0	0	0
GeneID242	74	43	43	48	50	0	0	0	0	0	5	2	1	2	3	0	0	0	0	0
GeneID243	57	56	45	46	46	0	0	0	0	0	5	1	2	2	1	0	0	0	0	0
GeneID244	69	50	45	66	47	0	0	0	0	0	2	4	1	1	2	0	0	0	0	0
GeneID245	52	47	52	71	59	0	0	0	0	0	0	0	1	5	2	0	0	0	0	0
GeneID246	52	57	57	53	52	0	0	0	0	0	2	4	3	3	5	0	0	0	0	0
GeneID247	48	49	49	48	51	0	0	0	0	0	6	1	1	0	3	0	0	0	0	0
GeneID248	45	53	45	52	39	0	0	0	0	0	2	2	4	5	2	0	0	0	0	0
GeneID249	47	57	65	43	65	0	0	0	0	0	1	0	2	1	2	0	0	0	0	0
GeneID250	49	51	47	60	47	0	0	0	0	0	5	4	1	0	3	0	0	0	0	0
GeneID251	56	47	49	48	54	0	0	0	0	0	1	3	2	5	1	0	0	0	0	0
GeneID252	57	54	31	52	45	0	0	0	0	0	2	1	3	1	1	0	0	0	0	0
GeneID253	52	47	54	44	51	0	0	0	0	0	2	2	1	2	2	0	0	0	0	0
GeneID254	53	59	35	58	57	0	0	0	0	0	3	0	1	4	4	0	0	0	0	0
GeneID255	49	53	56	44	39	0	0	0	0	0	1	4	3	2	4	0	0	0	0	0
GeneID256	40	45	48	53	44	0	0	0	0	0	1	1	1	3	3	0	0	0	0	0
GeneID257	45	53	53	50	50	0	0	0	0	0	1	2	2	1	1	0	0	0	0	0
GeneID258	66	55	58	46	41	0	0	0	0	0	0	1	2	2	1	0	0	0	0	0
GeneID259	58	56	66	60	48	0	0	0	0	0	2	1	4	2	2	0	0	0	0	0
GeneID260	56	41	52	56	61	0	0	0	0	0	1	2	0	2	3	0	0	0	0	0
GeneID261	44	59	48	57	51	0	0	0	0	0	2	2	3	2	2	0	0	0	0	0
GeneID262	48	44	59	54	50	0	0	0	0	0	2	0	3	1	1	0	0	0	0	0
GeneID263	46	50	41	51	44	0	0	0	0	0	2	2	1	1	3	0	0	0	0	0
GeneID264	52	41	43	42	64	0	0	0	0	0	2	7	1	3	1	0	0	0	0	0
GeneID265	49	66	52	57	38	0	0	0	0	0	0	0	3	3	6	0	0	0	0	0
GeneID266	43	60	48	48	59	0	0	0	0	0	1	4	3	5	2	0	0	0	0	0
GeneID267	50	49	53	47	54	0	0	0	0	0	1	4	2	3	1	0	0	0	0	0
GeneID268	49	53	55	40	47	0	0	0	0	0	2	5	2	1	0	0	0	0	0	0
GeneID269	44	43	46	57	46	0	0	0	0	0	1	0	3	3	1	0	0	0	0	0
GeneID270	58	58	48	54	45	0	0	0	0	0	3	2	2	1	1	0	0	0	0	0
GeneID271	40	41	51	50	55	0	0	0	0	0	0	1	2	1	7	0	0	0	0	0
GeneID272	56	45	60	48	45	0	0	0	0	0	2	2	1	1	4	0	0	0	0	0
GeneID273	50	44	42	48	38	0	0	0	0	0	0	3	6	1	1	0	0	0	0	0
GeneID274	51	51	59	40	45	0	0	0	0	0	0	1	1	6	3	0	0	0	0	0
GeneID275	40	56	66	64	47	0	0	0	0	0	6	0	4	1	0	0	0	0	0	0
GeneID276	50	47	47	38	63	0	0	0	0	0	2	3	3	2	0	0	0	0	0	0
GeneID277	49	42	51	46	52	0	0	0	0	0	3	5	3	1	2	0	0	0	0	0
GeneID278	58	50	53	48	41	0	0	0	0	0	1	3	1	0	0	0	0	0	0	0
GeneID279	45	54	42	55	54	0	0	0	0	0	2	0	2	1	2	0	0	0	0	0
GeneID280	61	53	49	46	49	0	0	0	0	0	2	1	2	1	1	0	0	0	0	0
GeneID281	46	41	51	53	59	0	0	0	0	0	3	5	0	3	2	0	0	0	0	0
GeneID282	42	38	49	55	46	0	0	0	0	0	1	3	3	2	4	0	0	0	0	0
GeneID283	53	58	46	47	50	0	0	0	0	0	6	0	3	2	8	0	0	0	0	0
GeneID284	53	44	58	33	46	0	0	0	0	0	2	0	3	1	1	0	0	0	0	0
GeneID285	48	53	53	46	47	0	0	0	0	0	2	1	0	2	1	0	0	0	0	0
GeneID286	48	53	49	49	45	0	0	0	0	0	3	1	1	1	1	0	0	0	0	0
GeneID287	44	55	58	49	63	0	0	0	0	0	2	1	3	4	2	0	0	0	0	0
GeneID288	44	46	43	40	47	0	0	0	0	0	2	3	3	1	1	0	0	0	0	0
GeneID289	48	58	50	59	36	0	0	0	0	0	1	2	1	2	2	0	0	0	0	0
GeneID290	53	46	47	48	50	0	0	0	0	0	4	0	2	2	2	0	0	0	0	0
GeneID291	60	61	50	48	60	0	0	0	0	0	0	1	0	1	2	0	0	0	0	0
GeneID292	50	53	62	63	47	0	0	0	0	0	2	2	2	1	1	0	0	0	0	0
GeneID293	46	59	48	44	63	0	0	0	0	0	1	5	1	0	1	0	0	0	0	0
GeneID294	45	43	42	58	46	0	0	0	0	0	1	2	6	2	3	0	0	0	0	0
GeneID295	49	48	54	55	48	0	0	0	0	0	3	1	0	4	1	0	0	0	0	0
GeneID296	50	52	39	58	50	0	0	0	0	0	2	2	2	2	2	0	0	0	0	0
GeneID297	50	52	63	46	47	0	0	0	0	0	2	4	3	4	5	0	0	0	0	0
GeneID298	55	65	54	66	50	0	0	0	0	0	2	1	3	3	2	0	0	0	0	0
GeneID299	52	47	34	47	51	0	0	0	0	0	0	6	5	1	3	0	0	0	0	0
GeneID300	49	43	61	55	64	0	0	0	0	0	3	0	1	2	0	0	0	0	0	0
GeneID301	50	49	61	44	50	0	0	0	0	0	2	4	1	2	2	0	0	0	0	0
GeneID302	53	54	43	45	68	0	0	0	0	0	2	1	1	1	2	0	0	0	0	0
GeneID303	54	46	64	51	48	0	0	0	0	0	1	1	5	1	2	0	0	0	0	0
GeneID304	52	64	51	54	50	0	0	0	0	0	1	2	0	2	1	0	0	0	0	0
GeneID305	58	55	39	50	49	0	0	0	0	0	5	4	1	1	2	0	0	0	0	0
GeneID306	45	51	48	50	61	0	0	0	0	0	2	4	0	0	2	0	0	0	0	0
GeneID307	55	49	49	64	59	0	0	0	0	0	3	1	3	3	1	0	0	0	0	0
GeneID308	67	60	50	34	53	0	0	0	0	0	3	0	3	1	3	0	0	0	0	0
GeneID309	42	44	47	43	47	0	0	0	0	0	1	3	5	4	2	0	0	0	0	0
GeneID310	49	50	68	65	48	0	0	0	0	0	2	1	2	0	1	0	0	0	0	0
GeneID311	46	54	41	42	43	0	0	0	0	0	2	2	4	2	3	0	0	0	0	0
GeneID312	62	58	48	49	46	0	0	0	0	0	0	5	1	2	1	0	0	0	0	0
GeneID313	40	57	48	45	51	0	0	0	0	0	3	2	2	1	4	0	0	0	0	0
GeneID314	44	64	41	54	52	0	0	0	0	0	2	2	1	0	6	0	0	0	0	0
GeneID315	53	59	49	46	39	0	0	0	0	0	4	1	4	1	1	0	0	0	0	0
GeneID316	60	48	55	49	59	0	0	0	0	0	2	0	1	0	2	0	0	0	0	0
GeneID317	50	49	61	50	48	0	0	0	0	0	1	2	1	1	1	0	0	0	0	0
GeneID318	49	52	47	46	45	0	0	0	0	0	2	0	1	1	1	0	0	0	0	0
GeneID319	58	57	44	57	54	0	0	0	0	0	2	3	2	4	0	0	0	0	0	0
GeneID320	48	49	46	47	47	0	0	0	0	0	1	5	1	1	0	0	0	0	0	0
GeneID321	47	50	46	45	62	0	0	0	0	0	2	3	2	0	4	0	0	0	0	0
GeneID322	57	54	36	53	49	0	0	0	0	0	2	2	3	3	1	0	0	0	0	0
GeneID323	50	30	38	50	53	0	0	0	0	0	7	1	1	0	0	0	0	0	0	0
GeneID324	46	36	34	61	45	0	0	0	0	0	0	1	2	3	3	0	0	0	0	0
GeneID325	38	58	39	52	50	0	0	0	0	0	1	1	0	3	4	0	0	0	0	0
GeneID326	48	62	46	54	47	0	0	0	0	0	4	3	4	1	0	0	0	0	0	0
GeneID327	47	46	48	50	47	0	0	0	0	0	3	2	1	0	1	0	0	0	0	0
GeneID328	41	47	44	54	59	0	0	0	0	0	2	2	0	1	2	0	0	0	0	0
GeneID329	49	56	44	40	69	0	0	0	0	0	2	1	2	3	3	0	0	0	0	0
GeneID330	46	37	52	54	58	0	0	0	0	0	5	1	1	2	1	0	0	0	0	0
GeneID331	41	40	54	54	49	0	0	0	0	0	1	2	1	3	2	0	0	0	0	0
GeneID332	57	42	44	47	45	0	0	0	0	0	1	1	0	1	2	0	0	0	0	0
GeneID333	47	38	54	48	40	0	0	0	0	0	0	2	1	1	2	0	0	0	0	0
GeneID334	47	52	49	48	55	0	0	0	0	0	4	3	4	4	4	0	0	0	0	0
GeneID335	37	57	52	47	46	0	0	0	0	0	1	2	3	4	2	0	0	0	0	0
GeneID336	50	39	40	53	50	0	0	0	0	0	1	1	2	3	0	0	0	0	0	0
GeneID337	43	42	48	61	42	0	0	0	0	0	0	2	3	3	1	0	0	0	0	0
GeneID338	60	47	52	52	37	0	0	0	0	0	1	1	1	2	4	0	0	0	0	0
GeneID339	42	56	38	51	53	0	0	0	0	0	1	1	1	0	3	0	0	0	0	0
GeneID340	49	41	43	56	55	0	0	0	0	0	0	2	2	3	3	0	0	0	0	0
GeneID341	43	48	74	53	46	0	0	0	0	0	3	1	3	0	2	0	0	0	0	0
GeneID342	52	52	52	49	56	0	0	0	0	0	1	6	1	3	2	0	0	0	0	0
GeneID343	56	44	61	58	52	0	0	0	0	0	0	0	4	2	2	0	0	0	0	0
GeneID344	46	48	48	49	62	0	0	0	0	0	3	1	3	1	1	0	0	0	0	0
GeneID345	49	46	48	51	37	0	0	0	0	0	4	4	4	1	3	0	0	0	0	0
GeneID346	58	61	51	43	44	0	0	0	0	0	1	1	3	3	2	0	0	0	0	0
GeneID347	57	54	65	46	45	0	0	0	0	0	2	3	4	0	0	0	0	0	0	0
GeneID348	52	58	44	50	51	0	0	0	0	0	2	0	2	0	3	0	0	0	0	0
GeneID349	51	44	39	60	46	0	0	0	0	0	2	1	5	1	1	0	0	0	0	0
GeneID350	62	47	48	42	48	0	0	0	0	0	2	0	1	3	1	0	0	0	0	0
GeneID351	52	58	55	53	37	0	0	0	0	0	1	2	2	3	3	0	0	0	0	0
GeneID352	40	53	53	48	44	0	0	0	0	0	0	2	2	1	0	0	0	0	0	0
GeneID353	45	57	35	46	47	0	0	0	0	0	2	4	2	4	6	0	0	0	0	0
GeneID354	57	58	45	46	51	0	0	0	0	0	2	1	1	2	3	0	0	0	0	0
GeneID355	54	42	52	65	51	0	0	0	0	0	1	1	0	4	4	0	0	0	0	0
GeneID356	48	59	48	52	41	0	0	0	0	0	0	2	4	1	1	0	0	0	0	0
GeneID357	52	50	54	43	40	0	0	0	0	0	5	0	2	7	4	0	0	0	0	0
GeneID358	38	50	43	56	53	0	0	0	0	0	1	2	0	1	1	0	0	0	0	0
GeneID359	50	42	56	49	48	0	0	0	0	0	6	1	2	2	2	0	0	0	0	0
GeneID360	44	48	50	48	54	0	0	0	0	0	1	5	3	1	3	0	0	0	0	0
GeneID361	51	32	55	44	43	0	0	0	0	0	1	2	3	2	1	0	0	0	0	0
GeneID362	51	39	51	56	39	0	0	0	0	0	0	1	3	2	3	0	0	0	0	0
GeneID363	44	63	48	49	50	0	0	0	0	0	3	3	2	2	2	0	0	0	0	0
GeneID364	36	51	52	52	44	0	0	0	0	0	3	2	3	0	3	0	0	0	0	0
GeneID365	31	52	48	52	51	0	0	0	0	0	2	1	3	2	2	0	0	0	0	0
GeneID366	37	61	42	55	44	0	0	0	0	0	3	0	1	3	0	0	0	0	0	0
GeneID367	41	50	44	56	45	0	0	0	0	0	4	2	4	2	4	0	0	0	0	0
GeneID368	58	59	50	59	47	0	0	0	0	0	3	3	1	1	5	0	0	0	0	0
GeneID369	34	56	54	38	72	0	0	0	0	0	3	2	2	2	4	0	0	0	0	0
GeneID370	38	43	43	49	47	0	0	0	0	0	3	1	1	0	6	0	0	0	0	0
GeneID371	53	53	43	56	44	0	0	0	0	0	2	3	1	1	4	0	0	0	0	0
GeneID372	55	49	53	43	46	0	0	0	0	0	3	2	2	2	3	0	0	0	0	0
GeneID373	44	43	51	46	52	0	0	0	0	0	1	2	1	3	2	0	0	0	0	0
GeneID374	57	62	57	48	44	0	0	0	0	0	4	1	1	2	2	0	0	0	0	0
GeneID375	45	49	46	51	55	0	0	0	0	0	1	1	1	2	1	0	0	0	0	0
GeneID376	63	40	60	53	55	0	0	0	0	0	5	4	4	5	3	0	0	0	0	0
GeneID377	56	42	40	48	58	0	0	0	0	0	2	2	3	2	1	0	0	0	0	0
GeneID378	45	53	54	54	48	0	0	0	0	0	2	3	2	2	1	0	0	0	0	0
GeneID379	51	51	58	55	44	0	0	0	0	0	4	2	1	1	2	0	0	0	0	0
GeneID380	47	47	57	50	62	0	0	0	0	0	1	2	2	0	2	0	0	0	0	0
GeneID381	49	50	35	46	55	0	0	0	0	0	3	1	4	2	1	0	0	0	0	0
GeneID382	50	36	46	43	56	0	0	0	0	0	2	0	4	2	5	0	0	0	0	0
GeneID383	54	50	41	60	60	0	0	0	0	0	4	1	3	3	3	0	0	0	0	0
GeneID384	52	43	41	44	44	0	0	0	0	0	1	5	1	0	2	0	0	0	0	0
GeneID385	51	38	64	47	49	0	0	0	0	0	2	1	4	1	0	0	0	0	0	0
GeneID386	54	63	52	48	54	0	0	0	0	0	3	1	1	1	1	0	0	0	0	0
GeneID387	39	46	45	63	47	0	0	0	0	0	1	1	5	1	3	0	0	0	0	0
GeneID388	47	55	53	42	52	0	0	0	0	0	2	1	5	2	1	0	0	0	0	0
GeneID389	41	53	52	43	60	0	0	0	0	0	3	3	3	1	4	0	0	0	0	0
GeneID390	47	53	46	43	52	0	0	0	0	0	2	3	1	2	2	0	0	0	0	0
GeneID391	49	36	59	43	57	0	0	0	0	0	0	3	2	5	2	0	0	0	0	0
GeneID392	49	60	51	54	36	0	0	0	0	0	1	6	0	4	3	0	0	0	0	0
GeneID393	55	56	57	43	57	0	0	0	0	0	2	2	1	1	2	0	0	0	0	0
GeneID394	47	47	49	39	30	0	0	0	0	0	1	2	0	2	0	0	0	0	0	0
GeneID395	64	44	55	47	52	0	0	0	0	0	2	3	2	3	1	0	0	0	0	0
GeneID396	42	40	50	57	51	0	0	0	0	0	1	3	2	2	3	0	0	0	0	0
GeneID397	55	45	51	59	63	0	0	0	0	0	1	3	3	0	1	0	0	0	0	0
GeneID398	54	59	57	40	45	0	0	0	0	0	3	1	1	3	1	0	0	0	0	0
GeneID399	44	42	47	49	47	0	0	0	0	0	1	2	2	3	3	0	0	0	0	0
GeneID400	60	58	41	47	41	0	0	0	0	0	2	2	3	1	2	0	0	0	0	0
GeneID401	47	43	45	49	52	0	0	0	0	0	3	1	2	3	3	0	0	0	0	0
GeneID402	49	53	49	52	49	0	0	0	0	0	1	2	3	1	2	0	0	0	0	0
GeneID403	58	48	44	50	44	0	0	0	0	0	1	2	2	2	3	0	0	0	0	0
GeneID404	48	38	52	59	43	0	0	0	0	0	1	0	1	5	2	0	0	0	0	0
GeneID405	50	48	48	66	59	0	0	0	0	0	2	1	1	2	3	0	0	0	0	0
GeneID406	53	53	53	51	47	0	0	0	0	0	0	3	2	1	2	0	0	0	0	0
GeneID407	61	53	54	51	31	0	0	0	0	0	1	4	6	1	1	0	0	0	0	0
GeneID408	60	60	46	62	39	0	0	0	0	0	4	3	1	3	2	0	0	0	0	0
GeneID409	46	57	62	44	59	0	0	0	0	0	1	4	0	0	3	0	0	0	0	0
GeneID410	38	44	50	37	55	0	0	0	0	0	1	2	2	0	2	0	0	0	0	0
GeneID411	45	55	36	56	60	0	0	0	0	0	2	2	2	1	0	0	0	0	0	0
GeneID412	43	48	53	49	37	0	0	0	0	0	2	1	2	5	2	0	0	0	0	0
GeneID413	44	43	53	49	53	0	0	0	0	0	1	1	4	5	0	0	0	0	0	0
GeneID414	47	44	54	38	49	0	0	0	0	0	2	4	2	2	4	0	0	0	0	0
GeneID415	59	39	43	52	55	0	0	0	0	0	2	1	2	1	0	0	0	0	0	0
GeneID416	60	55	45	49	41	0	0	0	0	0	3	2	3	5	4	0	0	0	0	0
GeneID417	51	42	55	35	52	0	0	0	0	0	1	2	3	1	4	0	0	0	0	0
GeneID418	56	64	48	50	52	0	0	0	0	0	0	3	3	2	1	0	0	0	0	0
GeneID419	55	65	65	49	53	0	0	0	0	0	1	3	5	4	5	0	0	0	0	0
GeneID420	65	49	48	50	52	0	0	0	0	0	2	2	4	0	0	0	0	0	0	0
GeneID421	54	54	57	53	49	0	0	0	0	0	3	1	3	2	1	0	0	0	0	0
GeneID422	52	50	47	45	42	0	0	0	0	0	1	1	2	0	1	0	0	0	0	0
GeneID423	64	64	47	54	34	0	0	0	0	0	0	1	1	3	3	0	0	0	0	0
GeneID424	46	61	47	56	56	0	0	0	0	0	1	3	3	1	2	0	0	0	0	0
GeneID425	53	54	42	53	49	0	0	0	0	0	1	1	2	3	2	0	0	0	0	0
GeneID426	63	47	47	49	48	0	0	0	0	0	2	5	2	3	4	0	0	0	0	0
GeneID427	47	51	43	37	55	0	0	0	0	0	0	1	0	1	0	0	0	0	0	0
GeneID428	48	43	53	59	36	0	0	0	0	0	2	1	1	1	0	0	0	0	0	0
GeneID429	41	57	53	59	57	0	0	0	0	0	2	1	3	3	2	0	0	0	0	0
GeneID430	52	52	57	55	40	0	0	0	0	0	1	1	5	5	1	0	0	0	0	0
GeneID431	49	56	51	39	56	0	0	0	0	0	3	1	1	2	0	0	0	0	0	0
GeneID432	52	40	52	59	63	0	0	0	0	0	4	1	2	2	2	0	0	0	0	0
GeneID433	50	41	68	53	54	0	0	0	0	0	2	1	1	2	0	0	0	0	0	0
GeneID434	52	52	47	63	45	0	0	0	0	0	3	3	3	2	1	0	0	0	0	0
GeneID435	35	51	53	53	43	0	0	0	0	0	2	0	0	0	2	0	0	0	0	0
GeneID436	44	56	44	53	56	0	0	0	0	0	2	2	0	0	4	0	0	0	0	0
GeneID437	53	51	52	76	37	0	0	0	0	0	0	1	3	1	3	0	0	0	0	0
GeneID438	36	51	46	42	51	0	0	0	0	0	3	5	4	0	1	0	0	0	0	0
GeneID439	54	56	54	56	43	0	0	0	0	0	2	1	1	2	3	0	0	0	0	0
GeneID440	55	37	41	52	54	0	0	0	0	0	2	2	3	2	2	0	0	0	0	0
GeneID441	57	55	54	50	58	0	0	0	0	0	5	3	2	6	3	0	0	0	0	0
GeneID442	49	42	55	56	47	0	0	0	0	0	2	3	3	2	2	0	0	0	0	0
GeneID443	49	36	58	39	40	0	0	0	0	0	1	1	2	4	2	0	0	0	0	0
GeneID444	58	46	54	47	47	0	0	0	0	0	2	3	1	4	1	0	0	0	0	0
GeneID445	53	46	44	52	40	0	0	0	0	0	3	5	3	3	1	0	0	0	0	0
GeneID446	51	48	59	49	64	0	0	0	0	0	2	4	3	1	2	0	0	0	0	0
GeneID447	41	42	27	49	52	0	0	0	0	0	4	3	2	1	2	0	0	0	0	0
GeneID448	41	49	37	53	42	0	0	0	0	0	3	1	5	2	3	0	0	0	0	0
GeneID449	54	48	33	46	42	0	0	0	0	0	4	2	0	1	5	0	0	0	0	0
GeneID450	58	66	59	53	56	0	0	0	0	0	3	4	2	0	2	0	0	0	0	0
GeneID451	49	50	48	50	58	0	0	0	0	0	2	3	0	1	1	0	0	0	0	0
GeneID452	47	50	53	47	43	0	0	0	0	0	2	1	2	1	1	0	0	0	0	0
GeneID453	51	55	59	43	54	0	0	0	0	0	2	1	3	6	2	0	0	0	0	0
GeneID454	53	37	39	50	53	0	0	0	0	0	2	0	3	0	0	0	0	0	0	0
GeneID455	59	48	32	48	50	0	0	0	0	0	3	4	1	3	2	0	0	0	0	0
GeneID456	54	44	52	47	48	0	0	0	0	0	2	4	4	2	2	0	0	0	0	0
GeneID457	50	54	43	48	49	0	0	0	0	0	3	4	0	3	4	0	0	0	0	0
GeneID458	47	44	38	54	47	0	0	0	0	0	3	4	2	1	4	0	0	0	0	0
GeneID459	50	56	51	56	59	0	0	0	0	0	2	0	3	0	2	0	0	0	0	0
GeneID460	57	41	54	46	53	0	0	0	0	0	2	3	0	0	3	0	0	0	0	0
GeneID461	55	54	40	49	45	0	0	0	0	0	2	2	2	1	4	0	0	0	0	0
GeneID462	66	38	54	51	52	0	0	0	0	0	3	5	3	4	1	0	0	0	0	0
GeneID463	50	51	52	52	37	0	0	0	0	0	0	4	3	2	2	0	0	0	0	0
GeneID464	47	50	63	46	40	0	0	0	0	0	1	3	2	4	2	0	0	0	0	0
GeneID465	48	52	49	55	50	0	0	0	0	0	4	0	4	1	1	0	0	0	0	0
GeneID466	50	52	46	52	44	0	0	0	0	0	0	1	3	1	3	0	0	0	0	0
GeneID467	53	45	53	55	43	0	0	0	0	0	4	1	1	3	3	0	0	0	0	0
GeneID468	39	46	32	51	52	0	0	0	0	0	4	2	2	0	2	0	0	0	0	0
GeneID469	47	38	58	44	52	0	0	0	0	0	1	2	3	1	1	0	0	0	0	0
GeneID470	58	45	42	53	51	0	0	0	0	0	1	0	4	2	3	0	0	0	0	0
GeneID471	49	54	53	49	60	0	0	0	0	0	2	6	1	3	3	0	0	0	0	0
GeneID472	49	52	64	56	56	0	0	0	0	0	4	1	2	2	1	0	0	0	0	0
GeneID473	47	52	53	49	51	0	0	0	0	0	4	1	1	5	1	0	0	0	0	0
GeneID474	52	49	60	45	41	0	0	0	0	0	3	2	2	2	2	0	0	0	0	0
GeneID475	44	50	60	46	49	0	0	0	0	0	1	0	5	2	1	0	0	0	0	0
GeneID476	43	46	52	57	44	0	0	0	0	0	0	2	3	3	1	0	0	0	0	0
GeneID477	58	52	57	56	57	0	0	0	0	0	1	1	0	0	2	0	0	0	0	0
GeneID478	40	48	64	41	44	0	0	0	0	0	2	5	4	2	1	0	0	0	0	0
GeneID479	39	44	48	56	48	0	0	0	0	0	1	1	4	4	0	0	0	0	0	0
GeneID480	47	43	46	51	47	0	0	0	0	0	2	0	2	2	1	0	0	0	0	0
GeneID481	60	51	43	52	46	0	0	0	0	0	2	2	0	0	1	0	0	0	0	0
GeneID482	45	39	55	41	55	0	0	0	0	0	5	6	1	2	5	0	0	0	0	0
GeneID483	55	54	64	52	42	0	0	0	0	0	1	0	1	0	0	0	0	0	0	0
GeneID484	47	57	42	40	56	0	0	0	0	0	2	0	2	2	1	0	0	0	0	0
GeneID485	53	38	47	47	48	0	0	0	0	0	2	3	4	1	4	0	0	0	0	0
GeneID486	39	45	44	45	56	0	0	0	0	0	3	1	3	1	3	0	0	0	0	0
GeneID487	56	48	57	47	43	0	0	0	0	0	3	2	1	2	4	0	0	0	0	0
GeneID488	48	51	57	54	50	0	0	0	0	0	2	0	3	2	2	0	0	0	0	0
GeneID489	49	64	52	52	52	0	0	0	0	0	0	2	0	1	1	0	0	0	0	0
GeneID490	42	50	48	38	53	0	0	0	0	0	7	3	4	0	2	0	0	0	0	0
GeneID491	68	50	44	52	48	0	0	0	0	0	2	0	0	0	3	0	0	0	0	0
GeneID492	40	39	53	43	63	0	0	0	0	0	3	2	3	2	3	0	0	0	0	0
GeneID493	52	47	60	40	51	0	0	0	0	0	1	1	1	2	2	0	0	0	0	0
GeneID494	54	44	59	42	49	0	0	0	0	0	0	7	4	1	2	0	0	0	0	0
GeneID495	53	46	58	47	51	0	0	0	0	0	3	2	3	2	3	0	0	0	0	0
GeneID496	47	50	50	52	48	0	0	0	0	0	3	2	3	3	0	0	0	0	0	0
GeneID497	43	41	42	44	51	0	0	0	0	0	3	3	2	2	1	0	0	0	0	0
GeneID498	39	40	40	42	65	0	0	0	0	0	2	1	2	3	5	0	0	0	0	0
GeneID499	61	59	46	53	54	0	0	0	0	0	4	2	3	4	0	0	0	0	0	0
GeneID500	60	49	59	44	55	0	0	0	0	0	2	2	3	0	2	0	0	0	0	0
GeneID501	49	46	44	67	42	0	0	0	0	0	3	0	1	2	4	0	0	0	0	0
GeneID502	53	53	53	56	45	0	0	0	0	0	2	3	0	4	1	0	0	0	0	0
GeneID503	56	55	51	53	46	0	0	0	0	0	1	3	1	2	3	0	0	0	0	0
GeneID504	52	51	55	58	48	0	0	0	0	0	4	2	1	3	1	0	0	0	0	0
GeneID505	55	49	53	45	46	0	0	0	0	0	3	2	2	1	0	0	0	0	0	0
GeneID506	62	41	39	57	54	0	0	0	0	0	1	5	2	2	4	0	0	0	0	0
GeneID507	53	50	51	63	56	0	0	0	0	0	1	3	1	4	6	0	0	0	0	0
GeneID508	47	41	54	58	44	0	0	0	0	0	3	0	2	3	1	0	0	0	0	0
GeneID509	41	44	60	41	53	0	0	0	0	0	1	2	2	0	0	0	0	0	0	0
GeneID510	43	51	42	45	58	0	0	0	0	0	2	2	2	3	4	0	0	0	0	0
GeneID511	37	48	49	42	73	0	0	0	0	0	1	2	1	0	3	0	0	0	0	0
GeneID512	48	37	53	60	34	0	0	0	0	0	0	4	1	7	0	0	0	0	0	0
GeneID513	43	53	58	51	44	0	0	0	0	0	3	1	2	1	1	0	0	0	0	0
GeneID514	45	55	55	49	41	0	0	0	0	0	1	3	1	3	1	0	0	0	0	0
GeneID515	40	53	44	51	56	0	0	0	0	0	2	1	2	1	4	0	0	0	0	0
GeneID516	48	49	39	38	59	0	0	0	0	0	3	4	2	2	2	0	0	0	0	0
GeneID517	54	38	46	57	51	0	0	0	0	0	2	3	2	1	1	0	0	0	0	0
GeneID518	52	43	53	39	55	0	0	0	0	0	1	0	0	1	1	0	0	0	0	0
GeneID519	39	51	48	45	48	0	0	0	0	0	3	0	2	0	2	0	0	0	0	0
GeneID520	52	48	54	48	48	0	0	0	0	0	0	4	3	2	3	0	0	0	0	0
GeneID521	64	51	52	37	39	0	0	0	0	0	1	3	2	4	3	0	0	0	0	0
GeneID522	54	57	43	45	49	0	0	0	0	0	4	4	2	1	0	0	0	0	0	0
GeneID523	36	42	54	47	48	0	0	0	0	0	2	0	2	3	2	0	0	0	0	0
GeneID524	43	53	56	40	53	0	0	0	0	0	5	2	3	4	1	0	0	0	0	0
GeneID525	49	64	36	46	47	0	0	0	0	0	0	2	1	2	4	0	0	0	0	0
GeneID526	43	45	56	37	69	0	0	0	0	0	1	5	2	6	0	0	0	0	0	0
GeneID527	61	59	60	55	50	0	0	0	0	0	3	1	0	2	0	0	0	0	0	0
GeneID528	54	48	55	50	49	0	0	0	0	0	0	1	3	2	0	0	0	0	0	0
GeneID529	40	53	46	42	50	0	0	0	0	0	2	4	2	1	2	0	0	0	0	0
GeneID530	38	47	48	49	62	0	0	0	0	0	6	0	2	2	3	0	0	0	0	0
GeneID531	46	43	57	47	47	0	0	0	0	0	4	0	1	3	2	0	0	0	0	0
GeneID532	37	55	43	40	48	0	0	0	0	0	1	1	2	0	2	0	0	0	0	0
GeneID533	52	55	60	62	38	0	0	0	0	0	5	1	2	4	1	0	0	0	0	0
GeneID534	55	50	57	55	51	0	0	0	0	0	1	1	2	0	2	0	0	0	0	0
GeneID535	43	48	46	44	52	0	0	0	0	0	3	5	2	2	4	0	0	0	0	0
GeneID536	47	42	53	55	47	0	0	0	0	0	1	3	5	1	3	0	0	0	0	0
GeneID537	39	47	38	51	55	0	0	0	0	0	3	3	0	3	2	0	0	0	0	0
GeneID538	58	44	45	50	64	0	0	0	0	0	2	0	3	0	2	0	0	0	0	0
GeneID539	44	42	49	50	38	0	0	0	0	0	3	3	6	4	0	0	0	0	0	0
GeneID540	53	56	55	58	41	0	0	0	0	0	3	3	2	2	2	0	0	0	0	0
GeneID541	47	46	52	60	34	0	0	0	0	0	3	3	1	1	2	0	0	0	0	0
GeneID542	51	40	45	46	42	0	0	0	0	0	0	3	3	4	3	0	0	0	0	0
GeneID543	37	55	50	52	60	0	0	0	0	0	2	3	1	1	3	0	0	0	0	0
GeneID544	49	45	51	49	48	0	0	0	0	0	3	2	1	1	1	0	0	0	0	0
GeneID545	47	41	53	51	54	0	0	0	0	0	2	2	3	3	1	0	0	0	0	0
GeneID546	68	41	60	55	49	0	0	0	0	0	5	0	1	3	1	0	0	0	0	0
GeneID547	40	49	59	60	62	0	0	0	0	0	1	1	0	4	1	0	0	0	0	0
GeneID548	56	63	51	33	60	0	0	0	0	0	1	2	2	1	1	0	0	0	0	0
GeneID549	58	60	49	50	29	0	0	0	0	0	2	1	3	2	1	0	0	0	0	0
GeneID550	50	47	47	52	45	0	0	0	0	0	4	2	3	2	1	0	0	0	0	0
GeneID551	55	50	50	39	56	0	0	0	0	0	2	1	2	2	1	0	0	0	0	0
GeneID552	36	50	52	52	50	0	0	0	0	0	4	2	5	0	4	0	0	0	0	0
GeneID553	57	40	54	54	44	0	0	0	0	0	4	2	3	2	1	0	0	0	0	0
GeneID554	48	51	48	56	36	0	0	0	0	0	0	2	3	2	1	0	0	0	0	0
GeneID555	39	45	47	46	48	0	0	0	0	0	1	0	1	4	2	0	0	0	0	0
GeneID556	38	34	55	54	56	0	0	0	0	0	1	1	0	0	1	0	0	0	0	0
GeneID557	56	37	56	55	39	0	0	0	0	0	0	2	1	2	3	0	0	0	0	0
GeneID558	50	47	54	50	51	0	0	0	0	0	1	2	3	2	1	0	0	0	0	0
GeneID559	41	50	61	39	44	0	0	0	0	0	2	1	6	3	2	0	0	0	0	0
GeneID560	41	57	51	57	46	0	0	0	0	0	0	2	1	2	2	0	0	0	0	0
GeneID561	52	49	44	52	49	0	0	0	0	0	3	2	1	3	3	0	0	0	0	0
GeneID562	48	49	45	47	41	0	0	0	0	0	2	1	3	1	4	0	0	0	0	0
GeneID563	55	56	46	43	47	0	0	0	0	0	1	3	2	0	3	0	0	0	0	0
GeneID564	50	41	49	66	54	0	0	0	0	0	3	1	3	0	2	0	0	0	0	0
GeneID565	39	53	55	50	54	0	0	0	0	0	0	2	1	2	4	0	0	0	0	0
GeneID566	43	47	48	42	32	0	0	0	0	0	1	1	2	1	2	0	0	0	0	0
GeneID567	57	68	52	41	52	0	0	0	0	0	0	1	5	3	2	0	0	0	0	0
GeneID568	50	53	49	58	49	0	0	0	0	0	4	1	3	6	3	0	0	0	0	0
GeneID569	40	60	50	65	52	0	0	0	0	0	0	1	2	7	2	0	0	0	0	0
GeneID570	55	59	33	37	45	0	0	0	0	0	2	3	2	1	2	0	0	0	0	0
GeneID571	50	43	60	33	48	0	0	0	0	0	5	3	2	3	4	0	0	0	0	0
GeneID572	40	45	55	48	52	0	0	0	0	0	1	2	2	1	1	0	0	0	0	0
GeneID573	52	46	51	47	53	0	0	0	0	0	1	4	1	5	2	0	0	0	0	0
GeneID574	49	69	47	58	45	0	0	0	0	0	2	1	0	2	4	0	0	0	0	0
GeneID575	35	48	59	43	65	0	0	0	0	0	2	1	1	0	2	0	0	0	0	0
GeneID576	60	58	50	41	50	0	0	0	0	0	2	2	2	2	2	0	0	0	0	0
GeneID577	66	42	42	41	64	0	0	0	0	0	2	2	1	0	4	0	0	0	0	0
GeneID578	47	57	43	47	48	0	0	0	0	0	5	0	0	1	2	0	0	0	0	0
GeneID579	48	53	62	39	50	0	0	0	0	0	2	0	1	4	0	0	0	0	0	0
GeneID580	38	47	51	44	49	0	0	0	0	0	0	4	1	0	2	0	0	0	0	0
GeneID581	55	63	43	56	46	0	0	0	0	0	4	0	3	2	3	0	0	0	0	0
GeneID582	42	47	48	44	54	0	0	0	0	0	5	4	1	0	1	0	0	0	0	0
GeneID583	55	49	48	37	52	0	0	0	0	0	0	2	0	2	2	0	0	0	0	0
GeneID584	55	50	47	47	46	0	0	0	0	0	1	2	1	0	2	0	0	0	0	0
GeneID585	54	40	37	46	57	0	0	0	0	0	6	3	4	3	0	0	0	0	0	0
GeneID586	48	47	79	53	65	0	0	0	0	0	4	2	5	3	3	0	0	0	0	0
GeneID587	41	40	58	64	49	0	0	0	0	0	3	4	1	3	1	0	0	0	0	0
GeneID588	49	45	41	52	67	0	0	0	0	0	3	2	2	0	5	0	0	0	0	0
GeneID589	58	43	56	47	46	0	0	0	0	0	0	1	4	3	1	0	0	0	0	0
GeneID590	42	47	42	38	55	0	0	0	0	0	2	2	1	3	1	0	0	0	0	0
GeneID591	62	56	41	72	47	0	0	0	0	0	1	1	0	2	2	0	0	0	0	0
GeneID592	51	52	56	55	59	0	0	0	0	0	1	0	2	1	6	0	0	0	0	0
GeneID593	51	62	47	53	50	0	0	0	0	0	0	1	1	0	4	0	0	0	0	0
GeneID594	47	44	48	44	49	0	0	0	0	0	2	1	2	4	2	0	0	0	0	0
GeneID595	55	53	45	60	55	0	0	0	0	0	1	2	0	1	1	0	0	0	0	0
GeneID596	59	49	55	42	40	0	0	0	0	0	8	1	0	3	2	0	0	0	0	0
GeneID597	56	54	46	46	46	0	0	0	0	0	1	0	2	2	2	0	0	0	0	0
GeneID598	48	49	51	46	53	0	0	0	0	0	1	5	2	2	2	0	0	0	0	0
GeneID599	54	50	49	60	50	0	0	0	0	0	5	2	3	2	0	0	0	0	0	0
GeneID600	47	49	47	58	60	0	0	0	0	0	2	1	5	2	0	0	0	0	0	0
GeneID601	57	65	42	48	57	0	0	0	0	0	2	4	2	2	1	0	0	0	0	0
GeneID602	46	57	64	47	48	0	0	0	0	0	4	1	1	2	1	0	0	0	0	0
GeneID603	52	50	52	66	54	0	0	0	0	0	3	0	2	0	1	0	0	0	0	0
GeneID604	54	45	47	53	45	0	0	0	0	0	4	2	0	2	2	0	0	0	0	0
GeneID605	43	46	48	47	47	0	0	0	0	0	1	4	7	1	1	0	0	0	0	0
GeneID606	51	38	48	48	48	0	0	0	0	0	5	2	2	0	2	0	0	0	0	0
GeneID607	47	46	41	48	51	0	0	0	0	0	0	3	3	1	3	0	0	0	0	0
GeneID608	57	47	42	64	59	0	0	0	0	0	5	2	0	1	2	0	0	0	0	0
GeneID609	44	72	70	55	46	0	0	0	0	0	2	3	0	4	1	0	0	0	0	0
GeneID610	48	50	46	50	55	0	0	0	0	0	2	1	1	4	2	0	0	0	0	0
GeneID611	51	38	50	55	42	0	0	0	0	0	3	1	2	5	2	0	0	0	0	0
GeneID612	64	58	64	43	49	0	0	0	0	0	0	3	1	3	4	0	0	0	0	0
GeneID613	35	46	53	54	38	0	0	0	0	0	0	0	3	2	2	0	0	0	0	0
GeneID614	54	50	45	43	60	0	0	0	0	0	1	4	1	4	0	0	0	0	0	0
GeneID615	47	56	43	61	51	0	0	0	0	0	0	2	2	1	1	0	0	0	0	0
GeneID616	51	49	45	45	45	0	0	0	0	0	3	3	1	1	0	0	0	0	0	0
GeneID617	59	60	49	57	50	0	0	0	0	0	1	2	0	1	2	0	0	0	0	0
GeneID618	38	44	40	44	37	0	0	0	0	0	0	2	0	1	1	0	0	0	0	0
GeneID619	49	54	45	43	50	0	0	0	0	0	1	1	4	4	0	0	0	0	0	0
GeneID620	57	52	56	51	38	0	0	0	0	0	1	3	6	2	4	0	0	0	0	0
GeneID621	59	45	57	70	47	0	0	0	0	0	3	1	0	4	1	0	0	0	0	0
GeneID622	48	44	53	46	48	0	0	0	0	0	2	1	0	0	3	0	0	0	0	0
GeneID623	51	47	51	54	55	0	0	0	0	0	0	3	1	4	2	0	0	0	0	0
GeneID624	53	50	50	43	54	0	0	0	0	0	2	2	0	5	1	0	0	0	0	0
GeneID625	58	53	42	56	47	0	0	0	0	0	1	3	1	0	3	0	0	0	0	0
GeneID626	49	51	45	47	50	0	0	0	0	0	1	6	3	1	4	0	0	0	0	0
GeneID627	44	43	49	39	52	0	0	0	0	0	0	4	0	1	2	0	0	0	0	0
GeneID628	66	41	56	40	49	0	0	0	0	0	2	2	5	2	2	0	0	0	0	0
GeneID629	49	56	48	52	48	0	0	0	0	0	1	2	2	1	0	0	0	0	0	0
GeneID630	51	60	38	55	53	0	0	0	0	0	5	3	0	3	4	0	0	0	0	0
GeneID631	61	54	56	40	46	0	0	0	0	0	2	3	0	4	2	0	0	0	0	0
GeneID632	50	50	45	48	56	0	0	0	0	0	1	2	2	2	3	0	0	0	0	0
GeneID633	44	62	60	43	43	0	0	0	0	0	0	2	1	1	2	0	0	0	0	0
GeneID634	52	53	47	47	60	0	0	0	0	0	2	3	1	1	1	0	0	0	0	0
GeneID635	60	61	53	58	40	0	0	0	0	0	2	2	1	2	1	0	0	0	0	0
GeneID636	54	47	46	41	44	0	0	0	0	0	0	2	2	2	1	0	0	0	0	0
GeneID637	57	66	46	40	45	0	0	0	0	0	0	0	1	3	3	0	0	0	0	0
GeneID638	46	46	63	41	61	0	0	0	0	0	1	6	1	6	2	0	0	0	0	0
GeneID639	60	44	56	44	56	0	0	0	0	0	2	1	4	3	1	0	0	0	0	0
GeneID640	45	60	46	34	42	0	0	0	0	0	4	3	5	0	1	0	0	0	0	0
GeneID641	51	36	45	62	59	0	0	0	0	0	0	2	5	4	5	0	0	0	0	0
GeneID642	66	63	52	41	54	0	0	0	0	0	3	1	1	3	1	0	0	0	0	0
GeneID643	40	57	54	55	45	0	0	0	0	0	1	3	2	2	0	0	0	0	0	0
GeneID644	47	53	37	42	41	0	0	0	0	0	1	2	2	2	1	0	0	0	0	0
GeneID645	48	56	55	50	43	0	0	0	0	0	1	3	3	2	2	0	0	0	0	0
GeneID646	51	53	50	53	56	0	0	0	0	0	1	1	0	0	0	0	0	0	0	0
GeneID647	44	38	51	54	42	0	0	0	0	0	2	2	3	1	2	0	0	0	0	0
GeneID648	58	53	39	41	51	0	0	0	0	0	0	2	2	0	3	0	0	0	0	0
GeneID649	54	43	62	53	44	0	0	0	0	0	4	1	1	3	0	0	0	0	0	0
GeneID650	40	46	42	37	57	0	0	0	0	0	1	1	2	2	5	0	0	0	0	0
GeneID651	66	50	56	53	52	0	0	0	0	0	4	2	2	3	4	0	0	0	0	0
GeneID652	72	62	54	56	48	0	0	0	0	0	0	4	2	3	3	0	0	0	0	0
GeneID653	51	45	52	44	56	0	0	0	0	0	3	2	3	1	1	0	0	0	0	0
GeneID654	45	54	42	43	46	0	0	0	0	0	1	2	2	1	1	0	0	0	0	0
GeneID655	50	60	48	47	49	0	0	0	0	0	0	5	3	0	4	0	0	0	0	0
GeneID656	39	51	57	48	50	0	0	0	0	0	4	0	4	2	1	0	0	0	0	0
GeneID657	53	48	44	47	61	0	0	0	0	0	4	4	1	2	4	0	0	0	0	0
GeneID658	62	49	54	50	41	0	0	0	0	0	0	1	6	3	2	0	0	0	0	0
GeneID659	54	41	40	51	52	0	0	0	0	0	2	3	2	4	2	0	0	0	0	0
GeneID660	51	61	43	56	59	0	0	0	0	0	2	1	0	2	3	0	0	0	0	0
GeneID661	52	46	60	47	44	0	0	0	0	0	4	4	2	2	3	0	0	0	0	0
GeneID662	55	42	51	60	49	0	0	0	0	0	0	2	4	0	1	0	0	0	0	0
GeneID663	45	44	63	44	55	0	0	0	0	0	1	1	3	2	2	0	0	0	0	0
GeneID664	52	45	51	47	46	0	0	0	0	0	4	1	2	4	8	0	0	0	0	0
GeneID665	43	45	53	40	45	0	0	0	0	0	2	2	3	0	1	0	0	0	0	0
GeneID666	53	46	46	59	52	0	0	0	0	0	3	1	2	2	1	0	0	0	0	0
GeneID667	35	38	49	46	57	0	0	0	0	0	1	2	1	2	1	0	0	0	0	0
GeneID668	41	52	44	56	57	0	0	0	0	0	4	1	5	5	0	0	0	0	0	0
GeneID669	49	50	42	45	60	0	0	0	0	0	3	1	1	1	2	0	0	0	0	0
GeneID670	50	47	53	61	55	0	0	0	0	0	2	2	1	4	1	0	0	0	0	0
GeneID671	49	41	40	50	75	0	0	0	0	0	1	1	3	2	1	0	0	0	0	0
GeneID672	64	62	45	52	47	0	0	0	0	0	2	2	4	1	5	0	0	0	0	0
GeneID673	54	44	42	44	43	0	0	0	0	0	3	2	3	1	1	0	0	0	0	0
GeneID674	46	43	56	57	46	0	0	0	0	0	5	1	3	2	1	0	0	0	0	0
GeneID675	57	55	58	46	44	0	0	0	0	0	1	2	0	2	4	0	0	0	0	0
GeneID676	52	50	56	48	36	0	0	0	0	0	4	1	5	4	2	0	0	0	0	0
GeneID677	47	63	56	51	47	0	0	0	0	0	2	3	3	3	3	0	0	0	0	0
GeneID678	45	59	50	56	49	0	0	0	0	0	2	1	2	1	2	0	0	0	0	0
GeneID679	52	46	35	55	43	0	0	0	0	0	4	1	4	3	3	0	0	0	0	0
GeneID680	50	50	51	58	60	0	0	0	0	0	1	1	2	2	2	0	0	0	0	0
GeneID681	49	48	45	44	43	0	0	0	0	0	3	0	3	0	2	0	0	0	0	0
GeneID682	42	59	48	53	48	0	0	0	0	0	1	1	5	2	0	0	0	0	0	0
GeneID683	40	43	55	47	48	0	0	0	0	0	4	1	2	2	4	0	0	0	0	0
GeneID684	51	43	56	56	48	0	0	0	0	0	0	0	3	2	3	0	0	0	0	0
GeneID685	56	63	43	45	48	0	0	0	0	0	6	2	4	3	2	0	0	0	0	0
GeneID686	45	46	40	54	59	0	0	0	0	0	1	1	1	1	2	0	0	0	0	0
GeneID687	54	55	56	39	57	0	0	0	0	0	3	3	1	2	2	0	0	0	0	0
GeneID688	37	49	47	39	48	0	0	0	0	0	2	0	2	2	0	0	0	0	0	0
GeneID689	41	45	50	61	51	0	0	0	0	0	1	2	3	2	1	0	0	0	0	0
GeneID690	45	43	48	51	53	0	0	0	0	0	5	2	2	2	2	0	0	0	0	0
GeneID691	51	54	42	62	42	0	0	0	0	0	2	2	0	1	1	0	0	0	0	0
GeneID692	42	61	44	43	54	0	0	0	0	0	3	2	0	3	3	0	0	0	0	0
GeneID693	60	53	35	66	54	0	0	0	0	0	3	3	2	0	5	0	0	0	0	0
GeneID694	47	44	44	45	33	0	0	0	0	0	2	2	2	1	1	0	0	0	0	0
GeneID695	47	55	53	51	65	0	0	0	0	0	1	2	2	2	1	0	0	0	0	0
GeneID696	56	52	36	59	43	0	0	0	0	0	0	5	1	1	2	0	0	0	0	0
GeneID697	46	65	57	53	51	0	0	0	0	0	3	3	2	0	1	0	0	0	0	0
GeneID698	54	53	45	64	48	0	0	0	0	0	1	1	2	3	1	0	0	0	0	0
GeneID699	49	47	47	52	42	0	0	0	0	0	1	3	1	1	3	0	0	0	0	0
GeneID700	51	45	42	54	46	0	0	0	0	0	4	5	1	2	2	0	0	0	0	0
GeneID701	45	42	55	52	55	0	0	0	0	0	3	1	2	0	2	0	0	0	0	0
GeneID702	59	53	41	58	45	0	0	0	0	0	3	2	2	4	2	0	0	0	0	0
GeneID703	37	47	56	57	47	0	0	0	0	0	3	2	2	4	2	0	0	0	0	0
GeneID704	51	49	46	47	54	0	0	0	0	0	1	4	4	3	1	0	0	0	0	0
GeneID705	49	57	38	37	56	0	0	0	0	0	1	1	3	5	0	0	0	0	0	0
GeneID706	50	36	64	51	46	0	0	0	0	0	4	2	1	2	3	0	0	0	0	0
GeneID707	46	62	41	51	58	0	0	0	0	0	2	4	1	2	3	0	0	0	0	0
GeneID708	41	55	29	40	64	0	0	0	0	0	0	0	4	2	1	0	0	0	0	0
GeneID709	63	58	46	57	46	0	0	0	0	0	1	2	0	0	1	0	0	0	0	0
GeneID710	60	36	53	62	44	0	0	0	0	0	2	4	2	2	3	0	0	0	0	0
GeneID711	45	60	50	48	43	0	0	0	0	0	2	3	3	3	0	0	0	0	0	0
GeneID712	57	45	61	54	42	0	0	0	0	0	1	2	4	3	7	0	0	0	0	0
GeneID713	50	47	45	54	42	0	0	0	0	0	2	3	1	3	1	0	0	0	0	0
GeneID714	47	52	43	48	46	0	0	0	0	0	2	1	1	1	2	0	0	0	0	0
GeneID715	49	52	39	47	34	0	0	0	0	0	3	3	0	2	3	0	0	0	0	0
GeneID716	51	50	47	49	43	0	0	0	0	0	1	1	2	4	1	0	0	0	0	0
GeneID717	40	52	50	65	54	0	0	0	0	0	2	3	4	2	4	0	0	0	0	0
GeneID718	50	44	48	49	46	0	0	0	0	0	2	5	3	2	1	0	0	0	0	0
GeneID719	44	54	44	60	55	0	0	0	0	0	4	1	0	1	1	0	0	0	0	0
GeneID720	59	51	53	47	48	0	0	0	0	0	3	4	0	1	4	0	0	0	0	0
GeneID721	51	50	35	52	47	0	0	0	0	0	2	2	0	1	1	0	0	0	0	0
GeneID722	49	54	56	55	48	0	0	0	0	0	0	2	6	1	3	0	0	0	0	0
GeneID723	55	43	45	56	57	0	0	0	0	0	6	2	3	1	3	0	0	0	0	0
GeneID724	45	52	50	59	55	0	0	0	0	0	2	0	2	2	3	0	0	0	0	0
GeneID725	48	59	42	48	55	0	0	0	0	0	5	3	2	1	3	0	0	0	0	0
GeneID726	55	43	62	56	55	0	0	0	0	0	2	2	2	3	0	0	0	0	0	0
GeneID727	52	51	41	47	46	0	0	0	0	0	6	2	1	2	1	0	0	0	0	0
GeneID728	55	57	55	45	59	0	0	0	0	0	0	2	4	3	5	0	0	0	0	0
GeneID729	36	64	46	57	53	0	0	0	0	0	1	0	7	2	3	0	0	0	0	0
GeneID730	48	63	53	53	54	0	0	0	0	0	2	1	4	4	1	0	0	0	0	0
GeneID731	49	42	49	54	33	0	0	0	0	0	7	1	1	1	3	0	0	0	0	0
GeneID732	47	49	58	53	45	0	0	0	0	0	0	2	2	1	2	0	0	0	0	0
GeneID733	52	38	49	65	51	0	0	0	0	0	4	1	1	4	2	0	0	0	0	0
GeneID734	45	50	57	43	51	0	0	0	0	0	6	2	2	1	0	0	0	0	0	0
GeneID735	55	51	57	45	54	0	0	0	0	0	1	2	1	0	4	0	0	0	0	0
GeneID736	62	43	43	42	56	0	0	0	0	0	2	5	3	4	4	0	0	0	0	0
GeneID737	56	38	58	49	44	0	0	0	0	0	1	2	2	3	1	0	0	0	0	0
GeneID738	42	45	56	50	55	0	0	0	0	0	1	5	1	1	3	0	0	0	0	0
GeneID739	47	41	57	54	42	0	0	0	0	0	2	8	2	4	1	0	0	0	0	0
GeneID740	62	56	52	49	43	0	0	0	0	0	2	2	2	3	1	0	0	0	0	0
GeneID741	53	49	40	50	40	0	0	0	0	0	0	2	1	0	1	0	0	0	0	0
GeneID742	49	57	62	63	39	0	0	0	0	0	2	3	4	0	3	0	0	0	0	0
GeneID743	49	49	51	64	43	0	0	0	0	0	5	4	4	1	1	0	0	0	0	0
GeneID744	27	53	58	60	47	0	0	0	0	0	2	4	3	5	1	0	0	0	0	0
GeneID745	45	52	46	51	44	0	0	0	0	0	1	1	3	2	1	0	0	0	0	0
GeneID746	49	46	42	41	41	0	0	0	0	0	2	3	1	1	0	0	0	0	0	0
GeneID747	41	60	46	49	53	0	0	0	0	0	3	0	2	0	3	0	0	0	0	0
GeneID748	56	48	55	54	54	0	0	0	0	0	2	0	4	1	2	0	0	0	0	0
GeneID749	54	57	56	39	62	0	0	0	0	0	3	2	0	2	0	0	0	0	0	0
GeneID750	47	51	40	50	49	0	0	0	0	0	2	3	5	3	0	0	0	0	0	0
GeneID751	40	48	48	42	45	0	0	0	0	0	2	2	3	0	3	0	0	0	0	0
GeneID752	52	54	59	45	51	0	0	0	0	0	0	1	1	5	2	0	0	0	0	0
GeneID753	46	56	54	52	53	0	0	0	0	0	1	1	1	2	1	0	0	0	0	0
GeneID754	56	44	64	57	51	0	0	0	0	0	1	3	2	3	0	0	0	0	0	0
GeneID755	56	48	57	49	46	0	0	0	0	0	2	1	1	3	2	0	0	0	0	0
GeneID756	41	53	54	48	46	0	0	0	0	0	2	2	3	1	4	0	0	0	0	0
GeneID757	59	48	51	46	40	0	0	0	0	0	2	3	2	2	2	0	0	0	0	0
GeneID758	40	47	50	50	45	0	0	0	0	0	2	2	2	1	3	0	0	0	0	0
GeneID759	52	48	45	56	58	0	0	0	0	0	3	6	1	1	2	0	0	0	0	0
GeneID760	54	53	43	56	47	0	0	0	0	0	2	0	2	2	1	0	0	0	0	0
GeneID761	49	48	48	56	48	0	0	0	0	0	1	1	1	1	2	0	0	0	0	0
GeneID762	56	52	56	48	49	0	0	0	0	0	2	4	4	1	1	0	0	0	0	0
GeneID763	65	44	55	41	61	0	0	0	0	0	1	2	3	0	2	0	0	0	0	0
GeneID764	45	53	43	47	55	0	0	0	0	0	2	2	2	1	2	0	0	0	0	0
GeneID765	68	44	51	41	52	0	0	0	0	0	0	1	3	3	2	0	0	0	0	0
GeneID766	43	61	54	61	63	0	0	0	0	0	3	0	2	2	2	0	0	0	0	0
GeneID767	37	51	45	46	56	0	0	0	0	0	1	1	2	0	2	0	0	0	0	0
GeneID768	56	37	40	48	44	0	0	0	0	0	2	1	0	3	4	0	0	0	0	0
GeneID769	50	51	53	50	54	0	0	0	0	0	0	2	4	1	4	0	0	0	0	0
GeneID770	40	51	51	41	46	0	0	0	0	0	4	0	4	0	1	0	0	0	0	0
GeneID771	50	45	51	39	39	0	0	0	0	0	0	0	4	3	3	0	0	0	0	0
GeneID772	50	50	46	45	59	0	0	0	0	0	3	5	5	2	0	0	0	0	0	0
GeneID773	48	41	43	50	48	0	0	0	0	0	2	2	3	4	0	0	0	0	0	0
GeneID774	57	53	49	44	48	0	0	0	0	0	2	0	1	2	1	0	0	0	0	0
GeneID775	51	60	44	55	54	0	0	0	0	0	0	3	0	2	2	0	0	0	0	0
GeneID776	50	49	43	48	36	0	0	0	0	0	4	0	3	4	1	0	0	0	0	0
GeneID777	48	55	34	46	39	0	0	0	0	0	2	2	3	1	4	0	0	0	0	0
GeneID778	62	47	57	46	50	0	0	0	0	0	4	6	0	3	1	0	0	0	0	0
GeneID779	49	48	61	53	43	0	0	0	0	0	1	2	3	2	1	0	0	0	0	0
GeneID780	64	48	60	59	47	0	0	0	0	0	1	2	1	2	0	0	0	0	0	0
GeneID781	37	48	51	50	37	0	0	0	0	0	1	1	0	5	2	0	0	0	0	0
GeneID782	53	48	47	54	38	0	0	0	0	0	3	2	3	4	1	0	0	0	0	0
GeneID783	57	58	37	45	62	0	0	0	0	0	2	0	1	3	1	0	0	0	0	0
GeneID784	50	47	48	49	42	0	0	0	0	0	3	2	1	2	3	0	0	0	0	0
GeneID785	51	61	54	60	64	0	0	0	0	0	5	2	1	0	3	0	0	0	0	0
GeneID786	41	34	45	50	62	0	0	0	0	0	2	2	2	2	2	0	0	0	0	0
GeneID787	53	51	52	48	56	0	0	0	0	0	2	1	1	1	1	0	0	0	0	0
GeneID788	51	56	53	52	47	0	0	0	0	0	1	1	3	3	3	0	0	0	0	0
GeneID789	53	48	34	52	38	0	0	0	0	0	0	3	1	4	1	0	0	0	0	0
GeneID790	42	57	50	41	47	0	0	0	0	0	0	3	1	2	3	0	0	0	0	0
GeneID791	55	57	61	58	50	0	0	0	0	0	7	0	0	1	4	0	0	0	0	0
GeneID792	51	47	60	52	62	0	0	0	0	0	3	3	3	2	1	0	0	0	0	0
GeneID793	42	58	51	46	66	0	0	0	0	0	6	2	2	3	0	0	0	0	0	0
GeneID794	55	49	42	54	36	0	0	0	0	0	2	0	4	1	2	0	0	0	0	0
GeneID795	54	46	57	60	51	0	0	0	0	0	2	5	2	0	2	0	0	0	0	0
GeneID796	54	57	52	49	47	0	0	0	0	0	0	2	7	1	2	0	0	0	0	0
GeneID797	40	59	54	49	49	0	0	0	0	0	2	3	0	1	2	0	0	0	0	0
GeneID798	50	54	51	44	56	0	0	0	0	0	1	2	0	2	2	0	0	0	0	0
GeneID799	47	54	46	46	55	0	0	0	0	0	3	4	0	1	4	0	0	0	0	0
GeneID800	52	45	54	57	44	0	0	0	0	0	2	3	2	1	2	0	0	0	0	0
GeneID801	47	48	46	55	48	0	0	0	0	0	2	1	3	2	0	0	0	0	0	0
GeneID802	43	43	38	45	47	0	0	0	0	0	2	4	5	2	3	0	0	0	0	0
GeneID803	52	49	53	43	59	0	0	0	0	0	1	0	1	0	6	0	0	0	0	0
GeneID804	54	58	41	51	59	0	0	0	0	0	1	3	3	3	3	0	0	0	0	0
GeneID805	56	53	54	43	44	0	0	0	0	0	0	0	2	3	1	0	0	0	0	0
GeneID806	46	45	61	52	38	0	0	0	0	0	1	3	1	4	2	0	0	0	0	0
GeneID807	50	61	37	54	59	0	0	0	0	0	7	2	2	3	3	0	0	0	0	0
GeneID808	63	54	52	53	44	0	0	0	0	0	0	1	5	3	0	0	0	0	0	0
GeneID809	52	50	50	50	47	0	0	0	0	0	2	4	1	2	2	0	0	0	0	0
GeneID810	33	46	46	43	52	0	0	0	0	0	2	3	0	2	0	0	0	0	0	0
GeneID811	57	48	52	57	51	0	0	0	0	0	2	1	5	2	4	0	0	0	0	0
GeneID812	50	49	54	58	55	0	0	0	0	0	3	1	1	5	1	0	0	0	0	0
GeneID813	47	39	47	55	32	0	0	0	0	0	1	2	2	2	1	0	0	0	0	0
GeneID814	46	51	55	52	59	0	0	0	0	0	4	4	1	1	0	0	0	0	0	0
GeneID815	41	35	55	51	65	0	0	0	0	0	2	0	2	2	1	0	0	0	0	0
GeneID816	49	47	54	50	47	0	0	0	0	0	1	2	6	3	2	0	0	0	0	0
GeneID817	46	43	51	48	41	0	0	0	0	0	4	1	3	2	3	0	0	0	0	0
GeneID818	60	63	53	54	46	0	0	0	0	0	1	3	3	1	2	0	0	0	0	0
GeneID819	55	37	47	62	62	0	0	0	0	0	1	3	3	1	1	0	0	0	0	0
GeneID820	41	53	60	39	51	0	0	0	0	0	1	3	2	0	1	0	0	0	0	0
GeneID821	46	41	44	48	46	0	0	0	0	0	1	2	4	3	0	0	0	0	0	0
GeneID822	66	49	55	53	52	0	0	0	0	0	2	1	0	3	1	0	0	0	0	0
GeneID823	50	52	50	52	53	0	0	0	0	0	0	4	1	5	2	0	0	0	0	0
GeneID824	56	48	54	41	44	0	0	0	0	0	2	2	1	1	1	0	0	0	0	0
GeneID825	59	43	48	53	54	0	0	0	0	0	1	1	2	1	3	0	0	0	0	0
GeneID826	50	60	56	50	48	0	0	0	0	0	0	2	0	2	2	0	0	0	0	0
GeneID827	44	33	46	56	44	0	0	0	0	0	2	1	6	1	1	0	0	0	0	0
GeneID828	49	54	61	40	39	0	0	0	0	0	0	6	6	1	3	0	0	0	0	0
GeneID829	46	70	60	56	46	0	0	0	0	0	3	2	3	3	3	0	0	0	0	0
GeneID830	58	48	59	45	50	0	0	0	0	0	3	6	4	2	1	0	0	0	0	0
GeneID831	66	54	54	38	50	0	0	0	0	0	1	1	3	1	2	0	0	0	0	0
GeneID832	50	40	54	55	44	0	0	0	0	0	4	1	2	5	4	0	0	0	0	0
GeneID833	57	39	53	51	58	0	0	0	0	0	2	2	1	1	3	0	0	0	0	0
GeneID834	49	60	53	53	49	0	0	0	0	0	0	0	5	5	1	0	0	0	0	0
GeneID835	48	40	43	49	41	0	0	0	0	0	1	4	3	1	3	0	0	0	0	0
GeneID836	54	56	44	51	51	0	0	0	0	0	0	5	2	0	0	0	0	0	0	0
GeneID837	60	56	49	69	59	0	0	0	0	0	2	0	1	2	2	0	0	0	0	0
GeneID838	40	44	50	54	53	0	0	0	0	0	2	5	1	2	2	0	0	0	0	0
GeneID839	46	51	55	46	43	0	0	0	0	0	3	2	1	2	2	0	0	0	0	0
GeneID840	37	45	60	50	62	0	0	0	0	0	2	0	1	2	2	0	0	0	0	0
GeneID841	51	53	50	64	47	0	0	0	0	0	4	2	2	0	3	0	0	0	0	0
GeneID842	40	43	59	47	56	0	0	0	0	0	2	2	4	1	4	0	0	0	0	0
GeneID843	54	46	47	46	54	0	0	0	0	0	3	1	2	5	2	0	0	0	0	0
GeneID844	46	51	44	43	49	0	0	0	0	0	1	2	2	4	1	0	0	0	0	0
GeneID845	44	55	48	51	54	0	0	0	0	0	2	3	3	2	1	0	0	0	0	0
GeneID846	47	48	48	58	51	0	0	0	0	0	1	1	2	5	2	0	0	0	0	0
GeneID847	55	56	57	57	46	0	0	0	0	0	2	3	2	2	3	0	0	0	0	0
GeneID848	55	57	47	54	44	0	0	0	0	0	2	1	2	0	2	0	0	0	0	0
GeneID849	53	41	55	43	52	0	0	0	0	0	1	0	0	0	4	0	0	0	0	0
GeneID850	51	47	56	55	51	0	0	0	0	0	3	1	1	2	5	0	0	0	0	0
GeneID851	40	49	46	63	41	0	0	0	0	0	3	2	1	1	1	0	0	0	0	0
GeneID852	57	47	46	59	56	0	0	0	0	0	1	0	1	3	2	0	0	0	0	0
GeneID853	54	44	56	47	49	0	0	0	0	0	4	1	3	1	1	0	0	0	0	0
GeneID854	59	51	38	48	55	0	0	0	0	0	1	1	1	2	2	0	0	0	0	0
GeneID855	52	38	48	46	57	0	0	0	0	0	1	2	2	1	2	0	0	0	0	0
GeneID856	57	49	56	40	49	0	0	0	0	0	1	1	3	2	2	0	0	0	0	0
GeneID857	38	60	42	59	49	0	0	0	0	0	0	1	1	2	3	0	0	0	0	0
GeneID858	53	48	49	50	49	0	0	0	0	0	4	3	3	3	2	0	0	0	0	0
GeneID859	53	49	79	50	46	0	0	0	0	0	2	3	4	2	3	0	0	0	0	0
GeneID860	47	55	46	57	47	0	0	0	0	0	2	1	4	0	1	0	0	0	0	0
GeneID861	45	54	48	55	49	0	0	0	0	0	3	2	4	1	3	0	0	0	0	0
GeneID862	53	48	58	43	39	0	0	0	0	0	2	3	2	8	2	0	0	0	0	0
GeneID863	50	45	49	49	56	0	0	0	0	0	2	3	0	1	0	0	0	0	0	0
GeneID864	46	40	53	58	58	0	0	0	0	0	2	2	1	2	2	0	0	0	0	0
GeneID865	51	55	51	55	42	0	0	0	0	0	3	3	2	2	2	0	0	0	0	0
GeneID866	54	48	44	47	60	0	0	0	0	0	3	3	3	2	0	0	0	0	0	0
GeneID867	56	45	44	54	49	0	0	0	0	0	0	4	3	3	3	0	0	0	0	0
GeneID868	53	47	46	42	47	0	0	0	0	0	1	3	0	0	1	0	0	0	0	0
GeneID869	43	60	55	57	48	0	0	0	0	0	1	1	2	2	1	0	0	0	0	0
GeneID870	45	48	42	46	56	0	0	0	0	0	2	2	2	1	0	0	0	0	0	0
GeneID871	52	43	53	53	51	0	0	0	0	0	3	2	3	2	0	0	0	0	0	0
GeneID872	36	56	46	58	53	0	0	0	0	0	1	2	3	3	2	0	0	0	0	0
GeneID873	55	46	42	72	47	0	0	0	0	0	1	0	2	3	3	0	0	0	0	0
GeneID874	47	48	53	47	38	0	0	0	0	0	2	3	0	2	1	0	0	0	0	0
GeneID875	48	55	46	49	44	0	0	0	0	0	1	5	2	1	1	0	0	0	0	0
GeneID876	61	43	49	44	37	0	0	0	0	0	3	1	1	5	4	0	0	0	0	0
GeneID877	41	49	56	51	49	0	0	0	0	0	1	1	2	2	3	0	0	0	0	0
GeneID878	43	40	62	49	58	0	0	0	0	0	1	1	2	1	3	0	0	0	0	0
GeneID879	54	46	47	44	58	0	0	0	0	0	4	0	3	2	2	0	0	0	0	0
GeneID880	55	40	58	55	52	0	0	0	0	0	0	0	0	1	0	0	0	0	0	0
GeneID881	49	44	60	56	39	0	0	0	0	0	4	1	2	2	1	0	0	0	0	0
GeneID882	44	44	47	53	49	0	0	0	0	0	4	1	0	5	3	0	0	0	0	0
GeneID883	58	46	40	60	51	0	0	0	0	0	1	4	4	1	0	0	0	0	0	0
GeneID884	45	59	54	46	60	0	0	0	0	0	1	3	2	1	1	0	0	0	0	0
GeneID885	54	60	45	50	56	0	0	0	0	0	3	2	3	0	1	0	0	0	0	0
GeneID886	48	47	53	48	53	0	0	0	0	0	0	0	4	1	4	0	0	0	0	0
GeneID887	47	53	55	53	51	0	0	0	0	0	2	0	2	2	0	0	0	0	0	0
GeneID888	54	57	57	52	57	0	0	0	0	0	2	3	2	1	4	0	0	0	0	0
GeneID889	46	53	50	64	56	0	0	0	0	0	2	2	1	1	3	0	0	0	0	0
GeneID890	55	47	48	36	59	0	0	0	0	0	1	2	4	3	2	0	0	0	0	0
GeneID891	57	53	56	48	49	0	0	0	0	0	0	5	2	2	1	0	0	0	0	0
GeneID892	47	47	50	53	42	0	0	0	0	0	2	2	3	1	2	0	0	0	0	0
GeneID893	49	43	50	58	38	0	0	0	0	0	1	1	0	1	1	0	0	0	0	0
GeneID894	61	49	60	54	68	0	0	0	0	0	1	4	2	0	4	0	0	0	0	0
GeneID895	53	45	45	46	51	0	0	0	0	0	5	3	0	3	1	0	0	0	0	0
GeneID896	58	48	73	55	61	0	0	0	0	0	1	3	4	3	0	0	0	0	0	0
GeneID897	48	48	48	60	51	0	0	0	0	0	4	3	2	2	3	0	0	0	0	0
GeneID898	38	52	44	52	49	0	0	0	0	0	0	1	2	0	2	0	0	0	0	0
GeneID899	48	49	58	48	52	0	0	0	0	0	3	2	2	1	1	0	0	0	0	0
GeneID900	48	61	52	58	51	0	0	0	0	0	4	4	0	3	2	0	0	0	0	0
GeneID901	44	37	61	44	47	0	0	0	0	0	1	1	3	0	0	0	0	0	0	0
GeneID902	64	51	52	55	55	0	0	0	0	0	4	3	2	3	1	0	0	0	0	0
GeneID903	68	47	55	44	52	0	0	0	0	0	2	3	3	0	2	0	0	0	0	0
GeneID904	52	52	44	48	47	0	0	0	0	0	2	2	4	2	2	0	0	0	0	0
GeneID905	44	42	40	55	44	0	0	0	0	0	3	4	2	0	4	0	0	0	0	0
GeneID906	42	40	52	47	47	0	0	0	0	0	1	0	1	1	2	0	0	0	0	0
GeneID907	57	66	44	49	47	0	0	0	0	0	3	3	2	1	1	0	0	0	0	0
GeneID908	51	57	58	47	56	0	0	0	0	0	1	0	2	1	2	0	0	0	0	0
GeneID909	58	49	62	44	50	0	0	0	0	0	3	5	1	1	4	0	0	0	0	0
GeneID910	47	50	43	37	59	0	0	0	0	0	2	2	0	0	1	0	0	0	0	0
GeneID911	55	39	52	40	68	0	0	0	0	0	1	1	4	3	4	0	0	0	0	0
GeneID912	52	41	57	47	41	0	0	0	0	0	4	5	3	1	2	0	0	0	0	0
GeneID913	46	64	50	56	55	0	0	0	0	0	3	0	4	2	6	0	0	0	0	0
GeneID914	55	47	53	61	61	0	0	0	0	0	2	1	2	5	1	0	0	0	0	0
GeneID915	32	45	47	51	43	0	0	0	0	0	2	0	2	2	3	0	0	0	0	0
GeneID916	58	55	49	49	43	0	0	0	0	0	1	0	3	0	2	0	0	0	0	0
GeneID917	44	54	48	48	50	0	0	0	0	0	2	2	1	2	3	0	0	0	0	0
GeneID918	61	45	63	52	51	0	0	0	0	0	2	4	3	0	2	0	0	0	0	0
GeneID919	42	53	47	58	55	0	0	0	0	0	2	2	3	3	6	0	0	0	0	0
GeneID920	56	51	60	47	53	0	0	0	0	0	3	3	1	1	4	0	0	0	0	0
GeneID921	78	55	61	30	50	0	0	0	0	0	2	1	5	2	1	0	0	0	0	0
GeneID922	56	41	48	58	47	0	0	0	0	0	2	3	1	1	4	0	0	0	0	0
GeneID923	49	69	54	66	54	0	0	0	0	0	3	1	2	1	6	0	0	0	0	0
GeneID924	45	56	47	47	34	0	0	0	0	0	1	2	1	4	3	0	0	0	0	0
GeneID925	59	66	46	59	63	0	0	0	0	0	3	3	0	0	3	0	0	0	0	0
GeneID926	49	41	43	42	44	0	0	0	0	0	4	1	3	2	4	0	0	0	0	0
GeneID927	47	55	45	55	54	0	0	0	0	0	1	2	3	5	3	0	0	0	0	0
GeneID928	56	65	54	53	51	0	0	0	0	0	3	3	2	3	0	0	0	0	0	0
GeneID929	43	48	44	43	50	0	0	0	0	0	0	0	1	0	4	0	0	0	0	0
GeneID930	54	55	64	55	55	0	0	0	0	0	1	1	1	0	1	0	0	0	0	0
GeneID931	39	53	47	58	51	0	0	0	0	0	3	2	3	3	6	0	0	0	0	0
GeneID932	54	50	55	45	45	0	0	0	0	0	0	4	0	2	2	0	0	0	0	0
GeneID933	50	62	49	55	55	0	0	0	0	0	4	0	0	2	3	0	0	0	0	0
GeneID934	59	56	41	45	52	0	0	0	0	0	4	3	1	1	1	0	0	0	0	0
GeneID935	49	49	39	48	48	0	0	0	0	0	4	1	6	0	1	0	0	0	0	0
GeneID936	49	43	55	45	61	0	0	0	0	0	1	3	3	0	3	0	0	0	0	0
GeneID937	59	41	61	54	57	0	0	0	0	0	2	1	2	0	3	0	0	0	0	0
GeneID938	61	48	47	47	50	0	0	0	0	0	4	3	1	3	3	0	0	0	0	0
GeneID939	60	53	44	53	44	0	0	0	0	0	2	2	3	4	2	0	0	0	0	0
GeneID940	36	45	51	42	49	0	0	0	0	0	4	1	1	2	1	0	0	0	0	0
GeneID941	48	56	68	42	50	0	0	0	0	0	1	7	2	3	2	0	0	0	0	0
GeneID942	49	46	55	50	55	0	0	0	0	0	4	1	5	0	5	0	0	0	0	0
GeneID943	45	52	53	52	48	0	0	0	0	0	4	2	4	1	3	0	0	0	0	0
GeneID944	57	45	33	45	48	0	0	0	0	0	5	2	2	3	4	0	0	0	0	0
GeneID945	54	51	41	56	40	0	0	0	0	0	1	3	2	3	1	0	0	0	0	0
GeneID946	52	46	53	53	64	0	0	0	0	0	1	4	2	2	3	0	0	0	0	0
GeneID947	47	57	43	33	56	0	0	0	0	0	2	1	2	4	3	0	0	0	0	0
GeneID948	52	66	43	49	58	0	0	0	0	0	4	0	3	3	2	0	0	0	0	0
GeneID949	50	45	54	55	42	0	0	0	0	0	5	2	3	2	1	0	0	0	0	0
GeneID950	45	43	49	51	40	0	0	0	0	0	2	2	2	1	2	0	0	0	0	0
GeneID951	59	41	53	50	50	0	0	0	0	0	2	2	1	0	1	0	0	0	0	0
GeneID952	55	48	43	56	41	0	0	0	0	0	1	6	4	1	3	0	0	0	0	0
GeneID953	44	47	57	58	50	0	0	0	0	0	2	2	1	1	1	0	0	0	0	0
GeneID954	50	53	52	55	38	0	0	0	0	0	4	2	4	0	0	0	0	0	0	0
GeneID955	58	50	55	30	49	0	0	0	0	0	1	2	3	1	3	0	0	0	0	0
GeneID956	44	36	43	43	49	0	0	0	0	0	1	2	2	1	2	0	0	0	0	0
GeneID957	53	47	43	47	58	0	0	0	0	0	2	1	0	1	1	0	0	0	0	0
GeneID958	60	56	57	58	52	0	0	0	0	0	2	3	3	1	4	0	0	0	0	0
GeneID959	46	51	52	49	63	0	0	0	0	0	4	3	2	2	1	0	0	0	0	0
GeneID960	38	54	42	48	49	0	0	0	0	0	0	1	2	1	3	0	0	0	0	0
GeneID961	44	41	38	53	60	0	0	0	0	0	0	3	2	1	3	0	0	0	0	0
GeneID962	48	47	54	41	51	0	0	0	0	0	0	2	0	1	1	0	0	0	0	0
GeneID963	41	39	49	46	38	0	0	0	0	0	1	0	1	0	2	0	0	0	0	0
GeneID964	44	59	47	40	57	0	0	0	0	0	2	0	2	1	4	0	0	0	0	0
GeneID965	50	54	54	46	54	0	0	0	0	0	2	2	0	2	2	0	0	0	0	0
GeneID966	48	50	46	45	46	0	0	0	0	0	1	2	2	2	1	0	0	0	0	0
GeneID967	54	47	42	56	57	0	0	0	0	0	2	1	2	2	2	0	0	0	0	0
GeneID968	43	48	66	47	57	0	0	0	0	0	0	0	2	1	0	0	0	0	0	0
GeneID969	44	33	43	45	50	0	0	0	0	0	5	4	6	2	3	0	0	0	0	0
GeneID970	41	47	54	45	49	0	0	0	0	0	2	2	2	0	1	0	0	0	0	0
GeneID971	60	54	37	52	48	0	0	0	0	0	2	1	3	2	1	0	0	0	0	0
GeneID972	62	58	44	47	42	0	0	0	0	0	1	3	1	0	1	0	0	0	0	0
GeneID973	55	45	50	33	60	0	0	0	0	0	1	1	1	6	1	0	0	0	0	0
GeneID974	45	57	50	53	50	0	0	0	0	0	3	2	2	0	1	0	0	0	0	0
GeneID975	51	39	41	69	36	0	0	0	0	0	1	1	1	1	1	0	0	0	0	0
GeneID976	40	65	54	42	50	0	0	0	0	0	1	2	2	1	4	0	0	0	0	0
GeneID977	46	41	61	57	43	0	0	0	0	0	1	2	1	1	1	0	0	0	0	0
GeneID978	39	52	51	43	39	0	0	0	0	0	2	0	2	2	1	0	0	0	0	0
GeneID979	57	42	52	55	53	0	0	0	0	0	1	2	2	2	0	0	0	0	0	0
GeneID980	50	52	53	51	57	0	0	0	0	0	4	4	3	1	1	0	0	0	0	0
GeneID981	47	42	50	50	59	0	0	0	0	0	2	1	1	3	2	0	0	0	0	0
GeneID982	62	59	37	48	53	0	0	0	0	0	0	2	0	1	3	0	0	0	0	0
GeneID983	40	52	57	57	55	0	0	0	0	0	3	2	1	2	3	0	0	0	0	0
GeneID984	61	44	47	51	59	0	0	0	0	0	3	2	3	0	1	0	0	0	0	0
GeneID985	46	35	46	59	60	0	0	0	0	0	4	1	4	2	1	0	0	0	0	0
GeneID986	56	45	56	42	51	0	0	0	0	0	4	1	1	1	2	0	0	0	0	0
GeneID987	62	54	39	53	52	0	0	0	0	0	1	4	0	1	4	0	0	0	0	0
GeneID988	38	45	57	48	61	0	0	0	0	0	4	1	1	1	2	0	0	0	0	0
GeneID989	41	52	43	59	58	0	0	0	0	0	1	1	0	2	2	0	0	0	0	0
GeneID990	55	45	55	54	45	0	0	0	0	0	0	2	1	2	1	0	0	0	0	0
GeneID991	45	45	50	52	55	0	0	0	0	0	3	2	3	4	2	0	0	0	0	0
GeneID992	51	59	57	46	52	0	0	0	0	0	1	1	3	2	4	0	0	0	0	0
GeneID993	56	62	51	45	40	0	0	0	0	0	1	4	2	1	2	0	0	0	0	0
GeneID994	38	57	44	52	56	0	0	0	0	0	1	1	1	1	1	0	0	0	0	0
GeneID995	51	57	44	39	51	0	0	0	0	0	2	0	2	0	1	0	0	0	0	0
GeneID996	56	51	43	41	58	0	0	0	0	0	2	1	3	1	1	0	0	0	0	0
GeneID997	60	47	42	58	62	0	0	0	0	0	2	1	2	1	2	0	0	0	0	0
GeneID998	41	59	43	43	48	0	0	0	0	0	4	2	1	0	2	0	0	0	0	0
GeneID999	45	44	57	54	47	0	0	0	0	0	1	1	3	2	3	0	0	0	0	0
GeneID1000	45	36	57	46	51	0	0	0	0	0	2	1	2	3	3	0	0	0	0	0
GeneID1001	50	44	51	58	46	0	0	0	0	0	5	1	2	2	1	0	0	0	0	0
GeneID1002	48	56	38	56	47	0	0	0	0	0	0	2	1	2	2	0	0	0	0	0
GeneID1003	46	56	42	43	46	0	0	0	0	0	2	1	1	2	3	0	0	0	0	0
GeneID1004	53	53	46	47	44	0	0	0	0	0	2	2	1	0	5	0	0	0	0	0
GeneID1005	41	43	52	54	59	0	0	0	0	0	1	4	1	3	2	0	0	0	0	0
GeneID1006	48	40	46	48	43	0	0	0	0	0	2	3	4	3	1	0	0	0	0	0
GeneID1007	55	64	46	49	52	0	0	0	0	0	4	1	3	2	1	0	0	0	0	0
GeneID1008	40	53	48	53	59	0	0	0	0	0	1	6	2	5	1	0	0	0	0	0
GeneID1009	50	52	53	45	48	0	0	0	0	0	4	2	4	1	4	0	0	0	0	0
GeneID1010	34	40	53	55	44	0	0	0	0	0	3	1	2	2	1	0	0	0	0	0
GeneID1011	41	48	60	40	61	0	0	0	0	0	2	3	3	2	0	0	0	0	0	0
GeneID1012	44	48	51	52	54	0	0	0	0	0	2	2	4	2	3	0	0	0	0	0
GeneID1013	60	53	56	60	60	0	0	0	0	0	1	2	1	3	1	0	0	0	0	0
GeneID1014	58	44	49	57	53	0	0	0	0	0	2	3	0	2	0	0	0	0	0	0
GeneID1015	43	50	64	45	41	0	0	0	0	0	3	0	2	4	2	0	0	0	0	0
GeneID1016	44	50	52	49	67	0	0	0	0	0	6	1	2	2	2	0	0	0	0	0
GeneID1017	51	54	47	39	52	0	0	0	0	0	5	0	2	3	1	0	0	0	0	0
GeneID1018	47	46	42	52	47	0	0	0	0	0	6	3	1	0	4	0	0	0	0	0
GeneID1019	50	38	56	59	50	0	0	0	0	0	2	0	2	0	4	0	0	0	0	0
GeneID1020	55	53	32	43	49	0	0	0	0	0	2	1	7	1	2	0	0	0	0	0
GeneID1021	64	44	42	40	62	0	0	0	0	0	1	7	6	1	1	0	0	0	0	0
GeneID1022	46	51	54	46	54	0	0	0	0	0	4	1	2	3	6	0	0	0	0	0
GeneID1023	42	49	48	48	47	0	0	0	0	0	0	1	1	4	2	0	0	0	0	0
GeneID1024	51	56	40	42	49	0	0	0	0	0	1	2	3	1	3	0	0	0	0	0
GeneID1025	41	56	44	49	52	0	0	0	0	0	1	2	3	2	2	0	0	0	0	0
GeneID1026	42	54	39	49	41	0	0	0	0	0	2	1	1	1	0	0	0	0	0	0
GeneID1027	57	57	54	53	50	0	0	0	0	0	5	3	2	6	2	0	0	0	0	0
GeneID1028	59	59	61	60	47	0	0	0	0	0	3	1	1	2	3	0	0	0	0	0
GeneID1029	38	43	54	63	54	0	0	0	0	0	2	0	5	6	0	0	0	0	0	0
GeneID1030	49	51	44	44	51	0	0	0	0	0	2	2	1	2	2	0	0	0	0	0
GeneID1031	53	39	50	45	52	0	0	0	0	0	3	1	1	3	2	0	0	0	0	0
GeneID1032	47	58	47	58	52	0	0	0	0	0	1	5	0	1	0	0	0	0	0	0
GeneID1033	38	58	49	56	48	0	0	0	0	0	1	1	4	2	2	0	0	0	0	0
GeneID1034	59	55	50	58	43	0	0	0	0	0	4	2	3	5	2	0	0	0	0	0
GeneID1035	46	62	44	58	61	0	0	0	0	0	0	2	2	0	1	0	0	0	0	0
GeneID1036	61	54	50	53	53	0	0	0	0	0	2	1	5	2	3	0	0	0	0	0
GeneID1037	46	44	52	54	45	0	0	0	0	0	1	0	2	0	3	0	0	0	0	0
GeneID1038	67	50	62	47	41	0	0	0	0	0	2	2	3	1	2	0	0	0	0	0
GeneID1039	50	57	60	51	53	0	0	0	0	0	5	1	5	3	6	0	0	0	0	0
GeneID1040	57	45	56	34	49	0	0	0	0	0	1	1	1	1	4	0	0	0	0	0
GeneID1041	44	45	53	49	63	0	0	0	0	0	3	4	3	2	1	0	0	0	0	0
GeneID1042	42	46	50	43	50	0	0	0	0	0	3	3	2	4	2	0	0	0	0	0
GeneID1043	53	53	59	48	60	0	0	0	0	0	1	1	2	2	0	0	0	0	0	0
GeneID1044	51	48	50	36	47	0	0	0	0	0	3	2	6	2	2	0	0	0	0	0
GeneID1045	50	53	63	48	54	0	0	0	0	0	0	4	2	2	3	0	0	0	0	0
GeneID1046	58	48	51	53	36	0	0	0	0	0	4	1	2	3	2	0	0	0	0	0
GeneID1047	52	43	44	58	51	0	0	0	0	0	5	1	2	3	1	0	0	0	0	0
GeneID1048	54	54	43	54	51	0	0	0	0	0	2	2	1	2	1	0	0	0	0	0
GeneID1049	49	48	54	50	50	0	0	0	0	0	5	0	3	0	3	0	0	0	0	0
GeneID1050	56	49	51	54	56	0	0	0	0	0	3	0	3	4	2	0	0	0	0	0
GeneID1051	51	74	54	48	52	0	0	0	0	0	0	3	1	5	1	0	0	0	0	0
GeneID1052	55	58	49	53	61	0	0	0	0	0	2	0	1	4	3	0	0	0	0	0
GeneID1053	50	44	51	43	56	0	0	0	0	0	2	0	1	1	2	0	0	0	0	0
GeneID1054	50	45	69	50	57	0	0	0	0	0	1	1	0	2	2	0	0	0	0	0
GeneID1055	51	49	56	53	56	0	0	0	0	0	3	2	2	3	5	0	0	0	0	0
GeneID1056	46	58	42	62	51	0	0	0	0	0	1	4	1	2	3	0	0	0	0	0
GeneID1057	46	45	55	45	31	0	0	0	0	0	0	3	5	1	2	0	0	0	0	0
GeneID1058	51	45	67	56	40	0	0	0	0	0	2	2	1	2	2	0	0	0	0	0
GeneID1059	50	50	65	56	50	0	0	0	0	0	4	0	1	2	5	0	0	0	0	0
GeneID1060	47	47	40	47	54	0	0	0	0	0	1	3	1	1	1	0	0	0	0	0
GeneID1061	42	58	50	50	45	0	0	0	0	0	2	0	1	3	5	0	0	0	0	0
GeneID1062	35	36	47	65	49	0	0	0	0	0	0	2	2	3	6	0	0	0	0	0
GeneID1063	62	46	51	64	47	0	0	0	0	0	6	6	2	1	0	0	0	0	0	0
GeneID1064	53	49	50	44	35	0	0	0	0	0	5	0	2	1	1	0	0	0	0	0
GeneID1065	59	48	64	54	49	0	0	0	0	0	2	1	2	4	0	0	0	0	0	0
GeneID1066	44	46	39	50	55	0	0	0	0	0	1	2	3	0	2	0	0	0	0	0
GeneID1067	59	54	56	49	50	0	0	0	0	0	3	1	0	4	1	0	0	0	0	0
GeneID1068	52	63	51	50	44	0	0	0	0	0	2	2	2	2	1	0	0	0	0	0
GeneID1069	42	62	56	56	60	0	0	0	0	0	1	3	3	1	0	0	0	0	0	0
GeneID1070	51	52	42	37	50	0	0	0	0	0	2	0	2	2	2	0	0	0	0	0
GeneID1071	41	42	57	51	43	0	0	0	0	0	1	3	2	1	1	0	0	0	0	0
GeneID1072	43	55	36	56	42	0	0	0	0	0	0	2	1	0	2	0	0	0	0	0
GeneID1073	54	47	45	49	51	0	0	0	0	0	0	3	1	1	0	0	0	0	0	0
GeneID1074	55	41	46	50	50	0	0	0	0	0	0	4	1	2	2	0	0	0	0	0
GeneID1075	54	48	47	44	50	0	0	0	0	0	0	2	0	2	3	0	0	0	0	0
GeneID1076	42	56	50	42	63	0	0	0	0	0	1	1	0	1	1	0	0	0	0	0
GeneID1077	62	41	57	63	59	0	0	0	0	0	2	4	1	2	4	0	0	0	0	0
GeneID1078	46	40	62	47	54	0	0	0	0	0	3	2	2	1	1	0	0	0	0	0
GeneID1079	48	50	46	52	58	0	0	0	0	0	2	3	0	0	1	0	0	0	0	0
GeneID1080	54	47	38	52	49	0	0	0	0	0	1	1	5	1	1	0	0	0	0	0
GeneID1081	53	54	50	60	49	0	0	0	0	0	6	2	5	6	0	0	0	0	0	0
GeneID1082	69	63	49	49	47	0	0	0	0	0	3	1	3	2	1	0	0	0	0	0
GeneID1083	49	48	51	56	66	0	0	0	0	0	2	1	5	4	3	0	0	0	0	0
GeneID1084	46	42	50	49	52	0	0	0	0	0	4	2	1	3	3	0	0	0	0	0
GeneID1085	51	42	51	53	56	0	0	0	0	0	3	0	2	7	1	0	0	0	0	0
GeneID1086	51	59	46	35	53	0	0	0	0	0	0	1	3	2	2	0	0	0	0	0
GeneID1087	57	54	50	42	44	0	0	0	0	0	0	2	3	6	2	0	0	0	0	0
GeneID1088	55	61	47	49	46	0	0	0	0	0	1	2	6	1	1	0	0	0	0	0
GeneID1089	60	51	42	48	50	0	0	0	0	0	3	0	3	4	3	0	0	0	0	0
GeneID1090	50	55	40	44	54	0	0	0	0	0	2	3	1	4	2	0	0	0	0	0
GeneID1091	51	54	57	38	48	0	0	0	0	0	1	2	1	2	1	0	0	0	0	0
GeneID1092	51	44	47	51	36	0	0	0	0	0	3	2	3	1	1	0	0	0	0	0
GeneID1093	51	47	44	48	56	0	0	0	0	0	2	3	0	1	1	0	0	0	0	0
GeneID1094	50	39	51	48	44	0	0	0	0	0	3	2	1	3	2	0	0	0	0	0
GeneID1095	40	45	40	66	41	0	0	0	0	0	4	4	2	3	3	0	0	0	0	0
GeneID1096	57	51	53	49	42	0	0	0	0	0	2	0	3	2	1	0	0	0	0	0
GeneID1097	46	40	62	56	43	0	0	0	0	0	0	2	1	4	1	0	0	0	0	0
GeneID1098	46	56	34	58	46	0	0	0	0	0	2	3	2	1	3	0	0	0	0	0
GeneID1099	49	63	49	50	44	0	0	0	0	0	3	1	3	1	2	0	0	0	0	0
GeneID1100	58	56	40	42	48	0	0	0	0	0	3	3	3	2	5	0	0	0	0	0
GeneID1101	46	48	60	59	52	0	0	0	0	0	4	1	4	0	2	0	0	0	0	0
GeneID1102	55	41	42	52	45	0	0	0	0	0	3	2	2	3	0	0	0	0	0	0
GeneID1103	40	41	58	52	50	0	0	0	0	0	3	3	1	1	0	0	0	0	0	0
GeneID1104	41	53	57	43	56	0	0	0	0	0	1	3	2	0	0	0	0	0	0	0
GeneID1105	43	52	54	55	44	0	0	0	0	0	3	1	2	3	4	0	0	0	0	0
GeneID1106	59	51	52	67	50	0	0	0	0	0	2	2	1	2	1	0	0	0	0	0
GeneID1107	52	51	48	55	64	0	0	0	0	0	3	2	2	0	2	0	0	0	0	0
GeneID1108	53	46	44	59	49	0	0	0	0	0	4	0	2	2	2	0	0	0	0	0
GeneID1109	47	43	57	46	42	0	0	0	0	0	3	3	2	2	4	0	0	0	0	0
GeneID1110	40	57	52	43	49	0	0	0	0	0	1	4	5	0	2	0	0	0	0	0
GeneID1111	54	42	43	50	48	0	0	0	0	0	5	3	2	2	1	0	0	0	0	0
GeneID1112	49	60	44	45	45	0	0	0	0	0	2	2	1	1	2	0	0	0	0	0
GeneID1113	41	43	50	48	61	0	0	0	0	0	1	1	1	4	2	0	0	0	0	0
GeneID1114	51	59	51	44	45	0	0	0	0	0	5	2	1	1	4	0	0	0	0	0
GeneID1115	54	45	58	61	44	0	0	0	0	0	2	2	2	3	2	0	0	0	0	0
GeneID1116	42	57	57	45	44	0	0	0	0	0	4	6	2	4	0	0	0	0	0	0
GeneID1117	57	52	39	50	44	0	0	0	0	0	3	1	1	2	6	0	0	0	0	0
GeneID1118	47	52	57	46	46	0	0	0	0	0	0	1	1	5	2	0	0	0	0	0
GeneID1119	56	59	48	47	54	0	0	0	0	0	3	5	0	3	7	0	0	0	0	0
GeneID1120	54	56	56	51	45	0	0	0	0	0	3	2	1	4	1	0	0	0	0	0
GeneID1121	51	47	58	49	39	0	0	0	0	0	3	4	2	1	0	0	0	0	0	0
GeneID1122	53	51	39	55	44	0	0	0	0	0	2	0	3	3	1	0	0	0	0	0
GeneID1123	53	49	37	54	56	0	0	0	0	0	1	4	2	2	0	0	0	0	0	0
GeneID1124	50	51	55	41	51	0	0	0	0	0	7	2	1	3	1	0	0	0	0	0
GeneID1125	40	48	49	44	63	0	0	0	0	0	0	3	2	3	4	0	0	0	0	0
GeneID1126	49	56	53	54	34	0	0	0	0	0	1	6	0	5	1	0	0	0	0	0
GeneID1127	45	56	45	67	57	0	0	0	0	0	3	2	2	4	1	0	0	0	0	0
GeneID1128	58	54	44	43	53	0	0	0	0	0	2	2	0	3	3	0	0	0	0	0
GeneID1129	29	55	58	42	50	0	0	0	0	0	4	2	0	0	0	0	0	0	0	0
GeneID1130	50	44	60	50	60	0	0	0	0	0	0	2	2	0	2	0	0	0	0	0
GeneID1131	41	51	45	50	61	0	0	0	0	0	1	6	0	2	4	0	0	0	0	0
GeneID1132	55	63	46	52	48	0	0	0	0	0	1	2	5	3	2	0	0	0	0	0
GeneID1133	50	56	53	46	47	0	0	0	0	0	5	3	2	1	3	0	0	0	0	0
GeneID1134	63	38	60	60	54	0	0	0	0	0	1	3	2	1	1	0	0	0	0	0
GeneID1135	56	56	47	56	48	0	0	0	0	0	0	2	0	3	6	0	0	0	0	0
GeneID1136	53	50	49	48	60	0	0	0	0	0	0	2	0	3	3	0	0	0	0	0
GeneID1137	51	50	54	58	48	0	0	0	0	0	7	2	3	3	2	0	0	0	0	0
GeneID1138	59	53	51	49	51	0	0	0	0	0	3	1	2	6	2	0	0	0	0	0
GeneID1139	64	51	54	54	46	0	0	0	0	0	3	3	4	0	3	0	0	0	0	0
GeneID1140	58	54	53	57	53	0	0	0	0	0	1	3	1	3	2	0	0	0	0	0
GeneID1141	57	73	45	41	37	0	0	0	0	0	3	5	1	4	3	0	0	0	0	0
GeneID1142	54	64	51	57	56	0	0	0	0	0	2	3	1	3	3	0	0	0	0	0
GeneID1143	49	59	53	59	53	0	0	0	0	0	2	3	1	2	1	0	0	0	0	0
GeneID1144	47	52	45	52	48	0	0	0	0	0	2	3	0	0	2	0	0	0	0	0
GeneID1145	45	44	46	40	47	0	0	0	0	0	2	1	1	1	2	0	0	0	0	0
GeneID1146	36	43	58	66	46	0	0	0	0	0	3	0	7	1	3	0	0	0	0	0
GeneID1147	51	48	52	49	63	0	0	0	0	0	0	3	1	0	0	0	0	0	0	0
GeneID1148	48	47	41	50	47	0	0	0	0	0	5	3	2	2	1	0	0	0	0	0
GeneID1149	50	64	51	36	55	0	0	0	0	0	3	3	1	0	3	0	0	0	0	0
GeneID1150	39	59	49	64	49	0	0	0	0	0	1	1	4	0	0	0	0	0	0	0
GeneID1151	44	40	52	49	49	0	0	0	0	0	2	2	0	2	2	0	0	0	0	0
GeneID1152	49	49	58	47	47	0	0	0	0	0	2	2	1	3	3	0	0	0	0	0
GeneID1153	50	40	55	49	49	0	0	0	0	0	1	3	0	1	0	0	0	0	0	0
GeneID1154	51	46	48	56	48	0	0	0	0	0	1	1	1	5	3	0	0	0	0	0
GeneID1155	57	50	41	47	49	0	0	0	0	0	3	5	1	3	2	0	0	0	0	0
GeneID1156	34	47	61	64	43	0	0	0	0	0	1	1	2	3	1	0	0	0	0	0
GeneID1157	54	52	56	56	45	0	0	0	0	0	4	1	4	1	2	0	0	0	0	0
GeneID1158	35	50	50	37	56	0	0	0	0	0	1	3	1	2	0	0	0	0	0	0
GeneID1159	51	52	40	54	53	0	0	0	0	0	2	1	3	1	2	0	0	0	0	0
GeneID1160	49	43	73	58	51	0	0	0	0	0	6	4	2	2	3	0	0	0	0	0
GeneID1161	47	55	52	50	46	0	0	0	0	0	2	2	4	1	1	0	0	0	0	0
GeneID1162	42	45	70	52	51	0	0	0	0	0	5	1	0	1	2	0	0	0	0	0
GeneID1163	49	38	53	58	56	0	0	0	0	0	3	1	1	4	1	0	0	0	0	0
GeneID1164	50	51	46	44	54	0	0	0	0	0	2	1	1	6	4	0	0	0	0	0
GeneID1165	54	45	42	45	51	0	0	0	0	0	1	2	3	1	1	0	0	0	0	0
GeneID1166	48	48	47	63	39	0	0	0	0	0	3	2	1	1	3	0	0	0	0	0
GeneID1167	57	59	49	46	42	0	0	0	0	0	6	3	1	3	1	0	0	0	0	0
GeneID1168	52	43	56	63	38	0	0	0	0	0	1	2	2	4	1	0	0	0	0	0
GeneID1169	59	47	52	54	54	0	0	0	0	0	1	2	0	3	4	0	0	0	0	0
GeneID1170	57	50	57	45	49	0	0	0	0	0	2	3	2	3	2	0	0	0	0	0
GeneID1171	46	52	50	54	69	0	0	0	0	0	1	3	1	1	2	0	0	0	0	0
GeneID1172	48	65	50	54	42	0	0	0	0	0	1	1	3	2	3	0	0	0	0	0
GeneID1173	41	49	47	44	68	0	0	0	0	0	3	1	2	1	0	0	0	0	0	0
GeneID1174	49	46	54	52	54	0	0	0	0	0	0	3	1	5	1	0	0	0	0	0
GeneID1175	52	43	51	56	58	0	0	0	0	0	2	2	0	1	5	0	0	0	0	0
GeneID1176	45	40	42	48	42	0	0	0	0	0	1	2	3	1	2	0	0	0	0	0
GeneID1177	53	55	49	62	45	0	0	0	0	0	2	3	2	3	0	0	0	0	0	0
GeneID1178	64	45	41	47	42	0	0	0	0	0	4	1	2	1	1	0	0	0	0	0
GeneID1179	53	55	68	42	66	0	0	0	0	0	5	0	4	3	4	0	0	0	0	0
GeneID1180	45	52	46	38	55	0	0	0	0	0	1	2	2	2	3	0	0	0	0	0
GeneID1181	48	59	48	63	51	0	0	0	0	0	6	1	3	1	3	0	0	0	0	0
GeneID1182	65	59	57	45	56	0	0	0	0	0	3	3	2	7	1	0	0	0	0	0
GeneID1183	49	58	48	53	44	0	0	0	0	0	2	1	1	3	4	0	0	0	0	0
GeneID1184	64	57	65	39	54	0	0	0	0	0	1	1	1	3	2	0	0	0	0	0
GeneID1185	46	41	56	53	40	0	0	0	0	0	3	1	1	2	1	0	0	0	0	0
GeneID1186	55	49	50	60	48	0	0	0	0	0	0	1	1	2	3	0	0	0	0	0
GeneID1187	49	47	52	42	49	0	0	0	0	0	2	3	1	3	2	0	0	0	0	0
GeneID1188	41	51	58	50	41	0	0	0	0	0	1	3	0	2	3	0	0	0	0	0
GeneID1189	52	54	47	47	41	0	0	0	0	0	3	6	6	2	2	0	0	0	0	0
GeneID1190	33	48	57	48	45	0	0	0	0	0	2	3	1	2	2	0	0	0	0	0
GeneID1191	47	43	57	46	49	0	0	0	0	0	6	0	3	2	6	0	0	0	0	0
GeneID1192	62	60	51	58	39	0	0	0	0	0	5	1	0	2	3	0	0	0	0	0
GeneID1193	40	41	47	46	47	0	0	0	0	0	2	3	1	3	1	0	0	0	0	0
GeneID1194	52	46	49	49	46	0	0	0	0	0	1	0	1	2	5	0	0	0	0	0
GeneID1195	64	40	52	51	47	0	0	0	0	0	1	0	4	5	2	0	0	0	0	0
GeneID1196	52	46	56	56	45	0	0	0	0	0	4	3	0	3	4	0	0	0	0	0
GeneID1197	40	52	46	48	48	0	0	0	0	0	3	1	1	1	0	0	0	0	0	0
GeneID1198	49	50	53	45	47	0	0	0	0	0	1	1	2	1	1	0	0	0	0	0
GeneID1199	50	39	45	45	48	0	0	0	0	0	1	2	3	3	4	0	0	0	0	0
GeneID1200	46	51	56	59	45	0	0	0	0	0	0	4	1	6	0	0	0	0	0	0
GeneID1201	53	68	52	58	51	0	0	0	0	0	1	0	2	0	4	0	0	0	0	0
GeneID1202	50	54	46	54	52	0	0	0	0	0	1	1	3	3	4	0	0	0	0	0
GeneID1203	50	50	43	55	53	0	0	0	0	0	2	0	5	1	2	0	0	0	0	0
GeneID1204	50	47	47	57	48	0	0	0	0	0	0	4	1	2	1	0	0	0	0	0
GeneID1205	49	38	48	43	52	0	0	0	0	0	3	0	2	1	0	0	0	0	0	0
GeneID1206	44	41	51	45	47	0	0	0	0	0	0	1	2	4	2	0	0	0	0	0
GeneID1207	41	46	36	60	57	0	0	0	0	0	0	1	2	1	1	0	0	0	0	0
GeneID1208	42	48	45	44	42	0	0	0	0	0	1	2	2	1	0	0	0	0	0	0
GeneID1209	47	50	49	56	46	0	0	0	0	0	2	4	1	0	1	0	0	0	0	0
GeneID1210	41	42	46	45	59	0	0	0	0	0	0	3	5	2	1	0	0	0	0	0
GeneID1211	62	55	47	47	63	0	0	0	0	0	1	3	5	4	1	0	0	0	0	0
GeneID1212	57	62	57	53	43	0	0	0	0	0	2	3	2	2	2	0	0	0	0	0
GeneID1213	63	47	49	45	50	0	0	0	0	0	3	0	1	2	3	0	0	0	0	0
GeneID1214	49	46	50	46	49	0	0	0	0	0	5	2	2	1	0	0	0	0	0	0
GeneID1215	54	50	55	48	46	0	0	0	0	0	1	0	1	2	2	0	0	0	0	0
GeneID1216	51	47	53	55	47	0	0	0	0	0	0	2	1	3	3	0	0	0	0	0
GeneID1217	60	40	48	44	52	0	0	0	0	0	1	7	2	3	1	0	0	0	0	0
GeneID1218	58	38	49	43	45	0	0	0	0	0	2	4	0	3	0	0	0	0	0	0
GeneID1219	57	49	44	50	46	0	0	0	0	0	3	1	3	2	2	0	0	0	0	0
GeneID1220	36	53	52	52	53	0	0	0	0	0	1	3	0	1	0	0	0	0	0	0
GeneID1221	45	60	39	63	46	0	0	0	0	0	2	1	0	1	3	0	0	0	0	0
GeneID1222	55	45	55	43	61	0	0	0	0	0	0	4	3	3	2	0	0	0	0	0
GeneID1223	47	51	48	59	51	0	0	0	0	0	3	4	0	2	2	0	0	0	0	0
GeneID1224	46	40	53	53	48	0	0	0	0	0	2	1	0	2	2	0	0	0	0	0
GeneID1225	39	49	53	59	46	0	0	0	0	0	3	0	3	2	3	0	0	0	0	0
GeneID1226	57	36	53	43	55	0	0	0	0	0	2	2	1	1	0	0	0	0	0	0
GeneID1227	44	47	46	44	56	0	0	0	0	0	3	4	1	1	6	0	0	0	0	0
GeneID1228	44	53	47	55	54	0	0	0	0	0	1	2	4	4	3	0	0	0	0	0
GeneID1229	48	58	61	49	47	0	0	0	0	0	2	1	1	1	4	0	0	0	0	0
GeneID1230	52	55	53	54	57	0	0	0	0	0	6	0	2	6	3	0	0	0	0	0
GeneID1231	42	52	56	56	64	0	0	0	0	0	1	0	0	3	3	0	0	0	0	0
GeneID1232	62	53	54	43	39	0	0	0	0	0	2	2	3	1	0	0	0	0	0	0
GeneID1233	54	47	53	48	56	0	0	0	0	0	4	1	4	1	3	0	0	0	0	0
GeneID1234	44	49	54	63	53	0	0	0	0	0	1	2	4	1	2	0	0	0	0	0
GeneID1235	56	42	44	59	42	0	0	0	0	0	3	3	2	3	4	0	0	0	0	0
GeneID1236	53	55	59	41	42	0	0	0	0	0	1	1	2	2	1	0	0	0	0	0
GeneID1237	46	53	46	52	53	0	0	0	0	0	1	2	1	0	0	0	0	0	0	0
GeneID1238	49	62	47	52	55	0	0	0	0	0	1	1	5	5	4	0	0	0	0	0
GeneID1239	50	51	56	48	49	0	0	0	0	0	0	3	1	3	1	0	0	0	0	0
GeneID1240	55	51	39	42	62	0	0	0	0	0	0	1	5	2	2	0	0	0	0	0
GeneID1241	55	49	42	48	61	0	0	0	0	0	2	4	1	2	1	0	0	0	0	0
GeneID1242	47	50	40	49	43	0	0	0	0	0	2	4	1	1	0	0	0	0	0	0
GeneID1243	40	55	33	60	43	0	0	0	0	0	2	3	5	2	2	0	0	0	0	0
GeneID1244	50	47	53	46	49	0	0	0	0	0	1	1	1	3	2	0	0	0	0	0
GeneID1245	43	42	52	42	45	0	0	0	0	0	1	4	0	3	3	0	0	0	0	0
GeneID1246	63	50	49	47	46	0	0	0	0	0	4	1	1	3	0	0	0	0	0	0
GeneID1247	41	52	62	51	45	0	0	0	0	0	7	1	0	3	5	0	0	0	0	0
GeneID1248	54	60	41	45	53	0	0	0	0	0	3	2	4	6	2	0	0	0	0	0
GeneID1249	60	57	37	62	61	0	0	0	0	0	0	3	0	0	3	0	0	0	0	0
GeneID1250	32	45	54	61	58	0	0	0	0	0	3	3	1	2	0	0	0	0	0	0
GeneID1251	64	61	44	51	49	0	0	0	0	0	0	2	0	1	3	0	0	0	0	0
GeneID1252	68	54	54	67	52	0	0	0	0	0	1	0	1	2	4	0	0	0	0	0
GeneID1253	41	55	53	49	61	0	0	0	0	0	4	2	3	1	5	0	0	0	0	0
GeneID1254	57	56	67	46	57	0	0	0	0	0	1	1	2	1	2	0	0	0	0	0
GeneID1255	51	50	50	54	53	0	0	0	0	0	3	0	2	4	1	0	0	0	0	0
GeneID1256	44	50	49	35	57	0	0	0	0	0	3	3	3	4	1	0	0	0	0	0
GeneID1257	50	49	50	49	52	0	0	0	0	0	5	3	1	0	2	0	0	0	0	0
GeneID1258	52	53	46	47	39	0	0	0	0	0	3	4	0	2	3	0	0	0	0	0
GeneID1259	45	47	52	38	52	0	0	0	0	0	7	2	3	1	0	0	0	0	0	0
GeneID1260	50	35	52	49	44	0	0	0	0	0	0	1	0	1	2	0	0	0	0	0
GeneID1261	59	49	54	37	55	0	0	0	0	0	0	2	2	1	1	0	0	0	0	0
GeneID1262	34	53	68	41	46	0	0	0	0	0	2	1	3	1	0	0	0	0	0	0
GeneID1263	52	55	56	47	52	0	0	0	0	0	3	1	3	3	1	0	0	0	0	0
GeneID1264	37	47	47	48	43	0	0	0	0	0	1	6	0	3	4	0	0	0	0	0
GeneID1265	42	42	51	52	52	0	0	0	0	0	3	2	2	2	1	0	0	0	0	0
GeneID1266	53	39	38	39	38	0	0	0	0	0	1	0	2	3	1	0	0	0	0	0
GeneID1267	53	43	46	45	46	0	0	0	0	0	2	1	2	3	1	0	0	0	0	0
GeneID1268	54	57	53	46	55	0	0	0	0	0	2	2	3	0	0	0	0	0	0	0
GeneID1269	47	42	40	54	62	0	0	0	0	0	4	0	5	2	1	0	0	0	0	0
GeneID1270	52	45	45	51	44	0	0	0	0	0	3	1	0	3	2	0	0	0	0	0
GeneID1271	55	51	36	65	51	0	0	0	0	0	4	4	2	2	2	0	0	0	0	0
GeneID1272	39	28	47	52	37	0	0	0	0	0	3	1	2	1	0	0	0	0	0	0
GeneID1273	48	58	48	56	59	0	0	0	0	0	2	1	3	2	0	0	0	0	0	0
GeneID1274	58	49	41	35	56	0	0	0	0	0	3	4	2	0	3	0	0	0	0	0
GeneID1275	44	48	52	44	52	0	0	0	0	0	3	0	0	1	2	0	0	0	0	0
GeneID1276	49	55	40	48	51	0	0	0	0	0	1	0	0	5	2	0	0	0	0	0
GeneID1277	42	55	57	46	44	0	0	0	0	0	1	1	1	1	0	0	0	0	0	0
GeneID1278	40	47	44	46	39	0	0	0	0	0	4	1	1	2	2	0	0	0	0	0
GeneID1279	69	56	66	43	48	0	0	0	0	0	1	1	2	2	0	0	0	0	0	0
GeneID1280	43	51	44	51	45	0	0	0	0	0	2	1	0	2	3	0	0	0	0	0
GeneID1281	53	40	38	57	38	0	0	0	0	0	1	0	0	3	2	0	0	0	0	0
GeneID1282	52	50	46	52	37	0	0	0	0	0	3	2	4	0	1	0	0	0	0	0
GeneID1283	38	41	43	42	48	0	0	0	0	0	4	3	1	2	2	0	0	0	0	0
GeneID1284	42	59	49	46	52	0	0	0	0	0	3	1	2	2	2	0	0	0	0	0
GeneID1285	45	44	48	55	52	0	0	0	0	0	6	3	0	0	0	0	0	0	0	0
GeneID1286	47	51	42	48	50	0	0	0	0	0	4	4	3	1	1	0	0	0	0	0
GeneID1287	48	45	52	61	61	0	0	0	0	0	3	7	3	2	4	0	0	0	0	0
GeneID1288	61	44	54	43	48	0	0	0	0	0	3	6	0	1	2	0	0	0	0	0
GeneID1289	58	56	46	40	33	0	0	0	0	0	1	4	1	3	1	0	0	0	0	0
GeneID1290	36	63	62	48	48	0	0	0	0	0	4	4	2	6	2	0	0	0	0	0
GeneID1291	59	57	48	49	47	0	0	0	0	0	1	3	3	2	2	0	0	0	0	0
GeneID1292	48	41	58	52	50	0	0	0	0	0	3	0	2	3	3	0	0	0	0	0
GeneID1293	44	61	50	60	48	0	0	0	0	0	1	3	1	3	4	0	0	0	0	0
GeneID1294	46	50	45	48	52	0	0	0	0	0	1	1	0	1	1	0	0	0	0	0
GeneID1295	44	51	39	40	54	0	0	0	0	0	4	0	4	2	3	0	0	0	0	0
GeneID1296	54	68	47	55	46	0	0	0	0	0	2	1	4	5	0	0	0	0	0	0
GeneID1297	58	44	37	51	67	0	0	0	0	0	1	1	2	1	0	0	0	0	0	0
GeneID1298	50	52	53	50	43	0	0	0	0	0	1	2	2	0	0	0	0	0	0	0
GeneID1299	39	54	43	42	53	0	0	0	0	0	2	2	0	3	1	0	0	0	0	0
GeneID1300	42	44	43	50	44	0	0	0	0	0	4	0	1	0	5	0	0	0	0	0
GeneID1301	46	49	54	57	47	0	0	0	0	0	1	0	1	2	0	0	0	0	0	0
GeneID1302	50	44	46	54	53	0	0	0	0	0	3	0	1	0	1	0	0	0	0	0
GeneID1303	60	37	45	37	56	0	0	0	0	0	2	1	3	6	2	0	0	0	0	0
GeneID1304	52	55	60	59	49	0	0	0	0	0	1	3	1	2	3	0	0	0	0	0
GeneID1305	49	53	49	53	43	0	0	0	0	0	2	3	3	1	2	0	0	0	0	0
GeneID1306	32	54	61	52	57	0	0	0	0	0	0	2	1	1	3	0	0	0	0	0
GeneID1307	46	61	56	53	47	0	0	0	0	0	1	1	2	5	2	0	0	0	0	0
GeneID1308	55	51	44	54	48	0	0	0	0	0	1	0	1	0	1	0	0	0	0	0
GeneID1309	46	55	66	44	43	0	0	0	0	0	3	2	4	4	2	0	0	0	0	0
GeneID1310	52	47	51	46	52	0	0	0	0	0	2	1	4	3	3	0	0	0	0	0
GeneID1311	45	56	53	47	56	0	0	0	0	0	2	2	2	1	1	0	0	0	0	0
GeneID1312	55	44	59	51	56	0	0	0	0	0	1	0	2	2	2	0	0	0	0	0
GeneID1313	51	53	53	56	49	0	0	0	0	0	2	4	2	2	2	0	0	0	0	0
GeneID1314	43	49	45	47	47	0	0	0	0	0	1	1	5	1	2	0	0	0	0	0
GeneID1315	67	44	47	49	61	0	0	0	0	0	1	1	2	4	3	0	0	0	0	0
GeneID1316	45	45	38	40	52	0	0	0	0	0	1	1	2	3	2	0	0	0	0	0
GeneID1317	61	49	39	59	49	0	0	0	0	0	1	1	4	6	1	0	0	0	0	0
GeneID1318	39	43	52	49	41	0	0	0	0	0	4	2	1	2	1	0	0	0	0	0
GeneID1319	44	56	50	40	43	0	0	0	0	0	1	0	1	3	4	0	0	0	0	0
GeneID1320	59	49	54	49	44	0	0	0	0	0	3	1	0	3	3	0	0	0	0	0
GeneID1321	47	50	46	67	47	0	0	0	0	0	3	1	4	3	1	0	0	0	0	0
GeneID1322	58	49	59	53	43	0	0	0	0	0	2	1	2	1	0	0	0	0	0	0
GeneID1323	49	55	54	50	53	0	0	0	0	0	2	2	3	1	2	0	0	0	0	0
GeneID1324	38	61	70	43	60	0	0	0	0	0	4	1	1	5	3	0	0	0	0	0
GeneID1325	53	52	61	56	50	0	0	0	0	0	4	1	0	2	5	0	0	0	0	0
GeneID1326	47	58	55	51	51	0	0	0	0	0	2	2	0	3	2	0	0	0	0	0
GeneID1327	44	44	57	51	46	0	0	0	0	0	4	3	2	4	1	0	0	0	0	0
GeneID1328	44	49	45	51	53	0	0	0	0	0	0	2	3	2	3	0	0	0	0	0
GeneID1329	48	36	51	54	54	0	0	0	0	0	1	2	2	4	2	0	0	0	0	0
GeneID1330	50	51	40	52	39	0	0	0	0	0	4	2	6	0	1	0	0	0	0	0
GeneID1331	50	53	58	51	51	0	0	0	0	0	2	2	3	2	1	0	0	0	0	0
GeneID1332	49	38	62	58	37	0	0	0	0	0	2	1	0	4	2	0	0	0	0	0
GeneID1333	32	52	37	45	58	0	0	0	0	0	5	2	2	1	2	0	0	0	0	0
GeneID1334	57	50	50	51	42	0	0	0	0	0	3	3	4	1	2	0	0	0	0	0
GeneID1335	46	47	31	48	51	0	0	0	0	0	2	3	2	1	3	0	0	0	0	0
GeneID1336	49	50	60	66	50	0	0	0	0	0	4	2	1	1	1	0	0	0	0	0
GeneID1337	47	60	43	48	39	0	0	0	0	0	2	1	5	1	2	0	0	0	0	0
GeneID1338	56	40	62	48	51	0	0	0	0	0	0	3	2	1	2	0	0	0	0	0
GeneID1339	45	59	45	59	64	0	0	0	0	0	0	0	2	0	1	0	0	0	0	0
GeneID1340	51	50	56	44	41	0	0	0	0	0	3	3	1	0	2	0	0	0	0	0
GeneID1341	47	38	47	47	53	0	0	0	0	0	2	3	0	0	1	0	0	0	0	0
GeneID1342	56	54	52	46	47	0	0	0	0	0	1	2	0	2	1	0	0	0	0	0
GeneID1343	44	52	47	43	62	0	0	0	0	0	0	5	2	2	2	0	0	0	0	0
GeneID1344	58	63	55	53	50	0	0	0	0	0	0	4	0	0	1	0	0	0	0	0
GeneID1345	58	55	44	58	60	0	0	0	0	0	2	3	2	3	0	0	0	0	0	0
GeneID1346	49	45	58	40	55	0	0	0	0	0	2	0	3	1	2	0	0	0	0	0
GeneID1347	44	37	42	55	48	0	0	0	0	0	1	1	3	4	2	0	0	0	0	0
GeneID1348	63	44	53	55	49	0	0	0	0	0	2	0	3	4	2	0	0	0	0	0
GeneID1349	44	52	39	62	43	0	0	0	0	0	4	1	2	5	2	0	0	0	0	0
GeneID1350	48	47	54	49	50	0	0	0	0	0	3	1	2	2	2	0	0	0	0	0
GeneID1351	52	45	53	54	55	0	0	0	0	0	2	3	6	5	2	0	0	0	0	0
GeneID1352	39	52	57	52	61	0	0	0	0	0	2	1	5	0	0	0	0	0	0	0
GeneID1353	50	57	46	57	41	0	0	0	0	0	2	2	3	1	2	0	0	0	0	0
GeneID1354	49	45	56	51	46	0	0	0	0	0	4	4	2	2	1	0	0	0	0	0
GeneID1355	57	43	46	59	53	0	0	0	0	0	0	0	3	4	3	0	0	0	0	0
GeneID1356	50	51	47	59	46	0	0	0	0	0	2	1	3	2	3	0	0	0	0	0
GeneID1357	52	59	50	48	56	0	0	0	0	0	4	2	2	1	2	0	0	0	0	0
GeneID1358	48	50	50	59	48	0	0	0	0	0	1	4	1	2	4	0	0	0	0	0
GeneID1359	48	46	49	33	58	0	0	0	0	0	7	1	2	2	2	0	0	0	0	0
GeneID1360	45	52	50	41	50	0	0	0	0	0	3	2	2	1	1	0	0	0	0	0
GeneID1361	55	51	66	52	64	0	0	0	0	0	0	0	3	4	3	0	0	0	0	0
GeneID1362	54	55	55	53	47	0	0	0	0	0	0	1	4	4	3	0	0	0	0	0
GeneID1363	43	61	51	50	54	0	0	0	0	0	0	2	1	4	1	0	0	0	0	0
GeneID1364	60	43	44	46	54	0	0	0	0	0	3	2	1	3	0	0	0	0	0	0
GeneID1365	52	52	43	61	44	0	0	0	0	0	1	3	0	2	0	0	0	0	0	0
GeneID1366	50	49	49	39	77	0	0	0	0	0	2	5	3	1	2	0	0	0	0	0
GeneID1367	56	55	41	56	61	0	0	0	0	0	2	6	3	3	4	0	0	0	0	0
GeneID1368	55	58	45	49	44	0	0	0	0	0	1	2	1	1	0	0	0	0	0	0
GeneID1369	48	60	51	50	65	0	0	0	0	0	3	1	3	1	1	0	0	0	0	0
GeneID1370	45	54	51	38	40	0	0	0	0	0	2	0	1	0	0	0	0	0	0	0
GeneID1371	55	54	41	43	49	0	0	0	0	0	1	2	4	2	0	0	0	0	0	0
GeneID1372	55	47	59	44	47	0	0	0	0	0	3	2	2	1	4	0	0	0	0	0
GeneID1373	49	41	47	48	49	0	0	0	0	0	2	2	1	2	3	0	0	0	0	0
GeneID1374	61	60	35	47	48	0	0	0	0	0	1	4	0	3	6	0	0	0	0	0
GeneID1375	39	61	57	53	51	0	0	0	0	0	0	3	3	0	2	0	0	0	0	0
GeneID1376	74	43	41	49	48	0	0	0	0	0	3	0	3	4	1	0	0	0	0	0
GeneID1377	55	48	49	60	53	0	0	0	0	0	2	1	1	2	1	0	0	0	0	0
GeneID1378	60	47	46	41	64	0	0	0	0	0	2	3	1	2	3	0	0	0	0	0
GeneID1379	50	51	46	43	46	0	0	0	0	0	1	4	4	4	0	0	0	0	0	0
GeneID1380	63	65	54	44	43	0	0	0	0	0	4	2	2	1	3	0	0	0	0	0
GeneID1381	48	44	42	44	53	0	0	0	0	0	2	0	1	3	0	0	0	0	0	0
GeneID1382	51	48	63	44	56	0	0	0	0	0	5	1	1	3	2	0	0	0	0	0
GeneID1383	56	42	50	53	56	0	0	0	0	0	2	1	2	5	2	0	0	0	0	0
GeneID1384	43	45	47	62	46	0	0	0	0	0	3	1	0	2	1	0	0	0	0	0
GeneID1385	53	54	47	43	40	0	0	0	0	0	0	2	4	3	2	0	0	0	0	0
GeneID1386	49	47	43	50	51	0	0	0	0	0	5	1	1	3	2	0	0	0	0	0
GeneID1387	50	54	51	56	49	0	0	0	0	0	4	2	3	0	0	0	0	0	0	0
GeneID1388	46	53	57	50	56	0	0	0	0	0	3	0	1	2	2	0	0	0	0	0
GeneID1389	54	45	52	45	50	0	0	0	0	0	2	2	2	1	1	0	0	0	0	0
GeneID1390	47	52	49	39	43	0	0	0	0	0	2	2	0	1	2	0	0	0	0	0
GeneID1391	39	35	48	50	47	0	0	0	0	0	4	2	5	3	2	0	0	0	0	0
GeneID1392	49	51	56	54	35	0	0	0	0	0	2	4	4	1	0	0	0	0	0	0
GeneID1393	42	53	49	41	52	0	0	0	0	0	1	2	1	0	1	0	0	0	0	0
GeneID1394	60	51	39	60	42	0	0	0	0	0	1	1	2	1	2	0	0	0	0	0
GeneID1395	54	36	59	43	47	0	0	0	0	0	1	2	1	4	1	0	0	0	0	0
GeneID1396	55	66	51	66	57	0	0	0	0	0	2	2	7	1	1	0	0	0	0	0
GeneID1397	62	60	54	60	51	0	0	0	0	0	0	5	2	1	0	0	0	0	0	0
GeneID1398	55	44	44	45	41	0	0	0	0	0	1	0	3	2	0	0	0	0	0	0
GeneID1399	54	49	50	51	57	0	0	0	0	0	0	2	3	2	1	0	0	0	0	0
GeneID1400	53	55	52	47	54	0	0	0	0	0	4	2	1	0	1	0	0	0	0	0
GeneID1401	54	45	59	54	51	0	0	0	0	0	3	3	1	2	1	0	0	0	0	0
GeneID1402	55	46	53	39	45	0	0	0	0	0	2	3	0	2	2	0	0	0	0	0
GeneID1403	42	60	44	54	38	0	0	0	0	0	0	2	3	4	4	0	0	0	0	0
GeneID1404	55	45	58	48	56	0	0	0	0	0	1	1	1	1	3	0	0	0	0	0
GeneID1405	53	51	54	58	61	0	0	0	0	0	0	1	2	1	1	0	0	0	0	0
GeneID1406	52	49	42	44	44	0	0	0	0	0	1	1	2	0	0	0	0	0	0	0
GeneID1407	63	59	45	48	47	0	0	0	0	0	2	2	1	2	1	0	0	0	0	0
GeneID1408	43	56	48	66	58	0	0	0	0	0	4	0	1	4	2	0	0	0	0	0
GeneID1409	49	44	57	51	58	0	0	0	0	0	1	3	0	2	3	0	0	0	0	0
GeneID1410	45	38	49	39	59	0	0	0	0	0	1	3	1	0	0	0	0	0	0	0
GeneID1411	47	46	46	60	57	0	0	0	0	0	2	2	0	5	2	0	0	0	0	0
GeneID1412	46	46	65	49	53	0	0	0	0	0	0	3	1	5	1	0	0	0	0	0
GeneID1413	37	56	51	50	47	0	0	0	0	0	1	2	3	3	2	0	0	0	0	0
GeneID1414	54	54	50	54	44	0	0	0	0	0	0	1	2	1	4	0	0	0	0	0
GeneID1415	51	49	47	54	57	0	0	0	0	0	1	2	3	3	4	0	0	0	0	0
GeneID1416	47	45	40	53	60	0	0	0	0	0	1	3	1	3	1	0	0	0	0	0
GeneID1417	56	37	48	44	44	0	0	0	0	0	3	2	1	6	3	0	0	0	0	0
GeneID1418	49	51	51	44	48	0	0	0	0	0	0	1	4	6	0	0	0	0	0	0
GeneID1419	55	51	50	52	47	0	0	0	0	0	3	3	2	1	2	0	0	0	0	0
GeneID1420	44	55	37	41	43	0	0	0	0	0	3	1	3	0	2	0	0	0	0	0
GeneID1421	38	67	45	60	42	0	0	0	0	0	0	2	6	3	1	0	0	0	0	0
GeneID1422	50	35	43	50	56	0	0	0	0	0	2	4	0	0	2	0	0	0	0	0
GeneID1423	56	51	48	54	57	0	0	0	0	0	3	4	1	0	1	0	0	0	0	0
GeneID1424	60	50	53	47	57	0	0	0	0	0	3	2	1	0	4	0	0	0	0	0
GeneID1425	48	48	43	39	47	0	0	0	0	0	2	1	3	1	3	0	0	0	0	0
GeneID1426	55	55	50	50	60	0	0	0	0	0	2	4	1	2	1	0	0	0	0	0
GeneID1427	58	57	50	47	49	0	0	0	0	0	1	1	2	2	2	0	0	0	0	0
GeneID1428	44	49	32	57	57	0	0	0	0	0	2	3	2	2	0	0	0	0	0	0
GeneID1429	49	46	55	53	56	0	0	0	0	0	0	2	2	6	7	0	0	0	0	0
GeneID1430	47	47	49	59	54	0	0	0	0	0	1	5	1	1	3	0	0	0	0	0
GeneID1431	51	42	48	46	48	0	0	0	0	0	0	4	2	4	1	0	0	0	0	0
GeneID1432	42	65	43	54	48	0	0	0	0	0	0	4	0	3	1	0	0	0	0	0
GeneID1433	47	65	57	39	43	0	0	0	0	0	1	2	1	2	4	0	0	0	0	0
GeneID1434	47	47	49	51	37	0	0	0	0	0	1	3	1	1	3	0	0	0	0	0
GeneID1435	47	60	43	53	64	0	0	0	0	0	2	0	0	1	0	0	0	0	0	0
GeneID1436	62	54	44	47	47	0	0	0	0	0	1	1	0	2	1	0	0	0	0	0
GeneID1437	46	52	50	45	60	0	0	0	0	0	0	4	2	2	1	0	0	0	0	0
GeneID1438	47	44	46	48	54	0	0	0	0	0	1	3	0	3	3	0	0	0	0	0
GeneID1439	59	51	53	50	45	0	0	0	0	0	4	3	1	4	1	0	0	0	0	0
GeneID1440	49	60	51	50	46	0	0	0	0	0	4	1	2	0	3	0	0	0	0	0
GeneID1441	39	56	41	61	56	0	0	0	0	0	4	2	4	5	0	0	0	0	0	0
GeneID1442	51	52	51	55	47	0	0	0	0	0	2	0	4	0	2	0	0	0	0	0
GeneID1443	46	64	47	46	36	0	0	0	0	0	0	2	4	0	2	0	0	0	0	0
GeneID1444	49	43	53	64	51	0	0	0	0	0	0	6	3	4	4	0	0	0	0	0
GeneID1445	45	55	50	51	39	0	0	0	0	0	2	3	7	2	4	0	0	0	0	0
GeneID1446	46	35	48	48	57	0	0	0	0	0	2	3	1	3	0	0	0	0	0	0
GeneID1447	44	57	38	39	53	0	0	0	0	0	2	3	2	1	3	0	0	0	0	0
GeneID1448	66	40	33	43	48	0	0	0	0	0	3	2	4	2	2	0	0	0	0	0
GeneID1449	51	73	55	45	50	0	0	0	0	0	2	4	2	2	2	0	0	0	0	0
GeneID1450	42	57	60	54	55	0	0	0	0	0	0	2	3	1	1	0	0	0	0	0
GeneID1451	51	50	59	61	53	0	0	0	0	0	5	2	1	1	0	0	0	0	0	0
GeneID1452	43	51	47	56	60	0	0	0	0	0	6	0	0	4	3	0	0	0	0	0
GeneID1453	45	47	56	57	46	0	0	0	0	0	2	2	3	3	3	0	0	0	0	0
GeneID1454	47	50	60	52	58	0	0	0	0	0	1	1	3	5	0	0	0	0	0	0
GeneID1455	42	54	62	36	59	0	0	0	0	0	0	1	4	2	1	0	0	0	0	0
GeneID1456	49	62	60	42	50	0	0	0	0	0	0	2	1	1	3	0	0	0	0	0
GeneID1457	56	53	55	43	53	0	0	0	0	0	2	3	1	3	1	0	0	0	0	0
GeneID1458	47	52	44	51	49	0	0	0	0	0	5	5	1	2	2	0	0	0	0	0
GeneID1459	58	46	45	44	44	0	0	0	0	0	1	1	2	2	1	0	0	0	0	0
GeneID1460	46	53	61	59	38	0	0	0	0	0	2	1	0	1	4	0	0	0	0	0
GeneID1461	50	50	65	59	48	0	0	0	0	0	3	1	3	5	2	0	0	0	0	0
GeneID1462	65	54	55	54	54	0	0	0	0	0	2	3	2	0	2	0	0	0	0	0
GeneID1463	50	56	52	34	57	0	0	0	0	0	0	6	1	1	3	0	0	0	0	0
GeneID1464	47	36	47	59	43	0	0	0	0	0	1	1	5	4	5	0	0	0	0	0
GeneID1465	42	46	40	48	46	0	0	0	0	0	3	2	3	2	0	0	0	0	0	0
GeneID1466	41	59	44	61	40	0	0	0	0	0	2	1	2	6	0	0	0	0	0	0
GeneID1467	51	55	48	41	52	0	0	0	0	0	4	0	2	3	0	0	0	0	0	0
GeneID1468	51	56	44	44	53	0	0	0	0	0	2	0	5	4	2	0	0	0	0	0
GeneID1469	59	45	44	55	44	0	0	0	0	0	5	1	2	2	1	0	0	0	0	0
GeneID1470	50	65	56	52	46	0	0	0	0	0	1	4	2	1	1	0	0	0	0	0
GeneID1471	45	36	49	49	58	0	0	0	0	0	1	1	1	0	4	0	0	0	0	0
GeneID1472	42	47	53	40	50	0	0	0	0	0	4	5	4	3	1	0	0	0	0	0
GeneID1473	64	47	44	46	39	0	0	0	0	0	4	1	3	3	2	0	0	0	0	0
GeneID1474	58	57	44	56	41	0	0	0	0	0	3	2	1	4	0	0	0	0	0	0
GeneID1475	49	61	52	55	52	0	0	0	0	0	1	2	5	2	1	0	0	0	0	0
GeneID1476	45	46	53	56	60	0	0	0	0	0	5	3	1	7	0	0	0	0	0	0
GeneID1477	38	46	40	49	53	0	0	0	0	0	4	3	0	4	1	0	0	0	0	0
GeneID1478	52	53	60	48	50	0	0	0	0	0	2	4	4	0	1	0	0	0	0	0
GeneID1479	48	57	58	54	35	0	0	0	0	0	1	2	1	1	3	0	0	0	0	0
GeneID1480	47	41	37	60	51	0	0	0	0	0	3	3	0	0	0	0	0	0	0	0
GeneID1481	56	55	37	48	69	0	0	0	0	0	2	2	1	3	1	0	0	0	0	0
GeneID1482	44	46	51	46	41	0	0	0	0	0	3	4	4	3	1	0	0	0	0	0
GeneID1483	52	41	54	68	50	0	0	0	0	0	5	3	4	2	1	0	0	0	0	0
GeneID1484	49	52	55	57	46	0	0	0	0	0	3	3	1	1	3	0	0	0	0	0
GeneID1485	46	51	41	57	46	0	0	0	0	0	1	2	0	1	3	0	0	0	0	0
GeneID1486	54	47	53	38	53	0	0	0	0	0	3	2	2	6	3	0	0	0	0	0
GeneID1487	52	63	48	62	45	0	0	0	0	0	5	2	2	4	4	0	0	0	0	0
GeneID1488	61	51	53	72	54	0	0	0	0	0	1	1	1	2	2	0	0	0	0	0
GeneID1489	62	44	50	49	39	0	0	0	0	0	2	4	3	4	1	0	0	0	0	0
GeneID1490	52	46	51	56	76	0	0	0	0	0	2	1	2	4	2	0	0	0	0	0
GeneID1491	68	53	54	56	48	0	0	0	0	0	2	2	3	0	1	0	0	0	0	0
GeneID1492	48	45	51	56	51	0	0	0	0	0	3	1	5	1	1	0	0	0	0	0
GeneID1493	50	60	36	64	48	0	0	0	0	0	2	1	1	0	1	0	0	0	0	0
GeneID1494	49	44	46	49	42	0	0	0	0	0	1	1	1	1	2	0	0	0	0	0
GeneID1495	54	71	56	51	64	0	0	0	0	0	3	0	0	1	2	0	0	0	0	0
GeneID1496	45	47	41	54	37	0	0	0	0	0	2	0	4	3	4	0	0	0	0	0
GeneID1497	44	39	50	50	61	0	0	0	0	0	2	2	1	2	1	0	0	0	0	0
GeneID1498	42	42	46	54	56	0	0	0	0	0	4	2	3	4	3	0	0	0	0	0
GeneID1499	44	73	58	54	55	0	0	0	0	0	4	4	3	3	1	0	0	0	0	0
GeneID1500	63	53	41	48	54	0	0	0	0	0	2	3	1	3	1	0	0	0	0	0
GeneID1501	38	47	48	46	45	0	0	0	0	0	1	4	1	5	0	0	0	0	0	0
GeneID1502	48	44	60	59	46	0	0	0	0	0	1	1	1	2	4	0	0	0	0	0
GeneID1503	53	51	59	54	46	0	0	0	0	0	4	4	0	1	0	0	0	0	0	0
GeneID1504	51	46	52	42	47	0	0	0	0	0	2	1	7	3	3	0	0	0	0	0
GeneID1505	50	46	50	52	53	0	0	0	0	0	1	3	1	2	2	0	0	0	0	0
GeneID1506	56	57	48	53	40	0	0	0	0	0	0	0	2	2	2	0	0	0	0	0
GeneID1507	47	52	51	53	55	0	0	0	0	0	3	4	2	3	1	0	0	0	0	0
GeneID1508	55	36	43	42	58	0	0	0	0	0	3	3	4	1	2	0	0	0	0	0
GeneID1509	38	43	44	43	52	0	0	0	0	0	0	0	2	2	3	0	0	0	0	0
GeneID1510	60	55	42	55	55	0	0	0	0	0	3	2	0	3	1	0	0	0	0	0
GeneID1511	49	39	54	46	38	0	0	0	0	0	2	3	2	3	3	0	0	0	0	0
GeneID1512	65	56	52	68	52	0	0	0	0	0	1	4	4	3	2	0	0	0	0	0
GeneID1513	50	60	48	57	51	0	0	0	0	0	1	3	4	1	0	0	0	0	0	0
GeneID1514	57	41	47	48	55	0	0	0	0	0	2	2	5	2	1	0	0	0	0	0
GeneID1515	50	40	43	45	52	0	0	0	0	0	5	3	0	3	1	0	0	0	0	0
GeneID1516	52	50	42	60	48	0	0	0	0	0	2	2	2	0	5	0	0	0	0	0
GeneID1517	40	48	54	44	41	0	0	0	0	0	1	2	1	2	2	0	0	0	0	0
GeneID1518	51	49	62	57	53	0	0	0	0	0	1	4	2	1	0	0	0	0	0	0
GeneID1519	42	48	58	45	44	0	0	0	0	0	3	4	4	2	2	0	0	0	0	0
GeneID1520	52	56	61	58	54	0	0	0	0	0	2	3	3	2	6	0	0	0	0	0
GeneID1521	41	54	52	39	49	0	0	0	0	0	2	1	1	3	2	0	0	0	0	0
GeneID1522	65	51	37	41	42	0	0	0	0	0	1	2	1	1	2	0	0	0	0	0
GeneID1523	42	51	49	50	53	0	0	0	0	0	3	4	2	1	0	0	0	0	0	0
GeneID1524	48	58	48	37	55	0	0	0	0	0	2	2	1	1	1	0	0	0	0	0
GeneID1525	54	52	61	64	58	0	0	0	0	0	2	4	4	2	2	0	0	0	0	0
GeneID1526	53	43	50	52	55	0	0	0	0	0	3	4	3	3	3	0	0	0	0	0
GeneID1527	44	68	56	51	51	0	0	0	0	0	0	3	2	0	2	0	0	0	0	0
GeneID1528	39	44	51	58	52	0	0	0	0	0	3	3	2	1	2	0	0	0	0	0
GeneID1529	52	49	50	50	60	0	0	0	0	0	4	4	2	1	4	0	0	0	0	0
GeneID1530	56	42	39	42	49	0	0	0	0	0	2	4	2	1	4	0	0	0	0	0
GeneID1531	48	42	50	50	41	0	0	0	0	0	4	5	0	1	2	0	0	0	0	0
GeneID1532	41	55	49	61	49	0	0	0	0	0	1	1	4	1	3	0	0	0	0	0
GeneID1533	62	67	56	67	54	0	0	0	0	0	1	3	0	2	1	0	0	0	0	0
GeneID1534	57	49	52	53	51	0	0	0	0	0	0	1	3	1	0	0	0	0	0	0
GeneID1535	45	53	47	48	51	0	0	0	0	0	2	2	1	1	3	0	0	0	0	0
GeneID1536	44	53	39	49	43	0	0	0	0	0	3	2	1	2	0	0	0	0	0	0
GeneID1537	47	46	63	46	46	0	0	0	0	0	3	5	3	3	4	0	0	0	0	0
GeneID1538	58	61	61	47	59	0	0	0	0	0	2	1	0	3	1	0	0	0	0	0
GeneID1539	41	60	77	46	52	0	0	0	0	0	4	6	4	4	2	0	0	0	0	0
GeneID1540	60	57	43	58	44	0	0	0	0	0	1	2	0	1	0	0	0	0	0	0
GeneID1541	54	61	55	50	50	0	0	0	0	0	3	3	0	2	3	0	0	0	0	0
GeneID1542	62	48	58	45	59	0	0	0	0	0	1	1	1	1	1	0	0	0	0	0
GeneID1543	57	44	55	53	53	0	0	0	0	0	3	1	1	8	3	0	0	0	0	0
GeneID1544	38	43	47	47	45	0	0	0	0	0	0	1	1	2	0	0	0	0	0	0
GeneID1545	58	51	45	51	63	0	0	0	0	0	2	4	1	2	4	0	0	0	0	0
GeneID1546	43	50	58	44	73	0	0	0	0	0	3	1	4	6	2	0	0	0	0	0
GeneID1547	55	55	50	46	43	0	0	0	0	0	1	2	1	2	3	0	0	0	0	0
GeneID1548	62	48	43	51	48	0	0	0	0	0	1	1	0	3	0	0	0	0	0	0
GeneID1549	44	52	74	40	45	0	0	0	0	0	0	2	2	2	1	0	0	0	0	0
GeneID1550	48	50	59	48	52	0	0	0	0	0	4	1	2	1	2	0	0	0	0	0
GeneID1551	43	53	56	51	49	0	0	0	0	0	1	2	0	5	0	0	0	0	0	0
GeneID1552	46	42	54	47	47	0	0	0	0	0	2	2	1	2	3	0	0	0	0	0
GeneID1553	41	53	47	55	48	0	0	0	0	0	1	2	2	1	3	0	0	0	0	0
GeneID1554	47	45	47	58	55	0	0	0	0	0	3	1	2	4	1	0	0	0	0	0
GeneID1555	58	54	36	73	63	0	0	0	0	0	2	1	3	7	2	0	0	0	0	0
GeneID1556	59	45	52	48	46	0	0	0	0	0	0	2	1	0	3	0	0	0	0	0
GeneID1557	62	41	48	40	47	0	0	0	0	0	0	3	1	2	2	0	0	0	0	0
GeneID1558	50	40	42	57	62	0	0	0	0	0	1	3	1	3	2	0	0	0	0	0
GeneID1559	51	49	55	61	48	0	0	0	0	0	1	1	1	5	1	0	0	0	0	0
GeneID1560	51	46	62	58	57	0	0	0	0	0	5	1	1	0	1	0	0	0	0	0
GeneID1561	58	44	46	51	46	0	0	0	0	0	4	0	2	2	4	0	0	0	0	0
GeneID1562	44	55	53	50	48	0	0	0	0	0	2	1	3	2	1	0	0	0	0	0
GeneID1563	40	63	38	44	49	0	0	0	0	0	2	2	5	5	2	0	0	0	0	0
GeneID1564	47	53	53	56	53	0	0	0	0	0	3	2	0	2	1	0	0	0	0	0
GeneID1565	42	46	51	49	44	0	0	0	0	0	3	4	2	1	1	0	0	0	0	0
GeneID1566	47	48	51	44	51	0	0	0	0	0	1	0	3	3	0	0	0	0	0	0
GeneID1567	57	39	41	60	56	0	0	0	0	0	2	3	0	1	5	0	0	0	0	0
GeneID1568	45	45	52	50	38	0	0	0	0	0	2	0	2	2	4	0	0	0	0	0
GeneID1569	44	57	54	55	48	0	0	0	0	0	2	3	4	1	2	0	0	0	0	0
GeneID1570	43	57	47	53	44	0	0	0	0	0	2	1	2	3	2	0	0	0	0	0
GeneID1571	58	52	56	46	61	0	0	0	0	0	2	1	1	5	2	0	0	0	0	0
GeneID1572	51	49	50	63	42	0	0	0	0	0	4	0	2	0	3	0	0	0	0	0
GeneID1573	48	48	52	34	60	0	0	0	0	0	2	6	1	2	1	0	0	0	0	0
GeneID1574	56	57	42	70	64	0	0	0	0	0	6	1	5	5	0	0	0	0	0	0
GeneID1575	54	48	48	40	52	0	0	0	0	0	0	3	1	2	4	0	0	0	0	0
GeneID1576	65	56	56	47	37	0	0	0	0	0	1	1	2	2	3	0	0	0	0	0
GeneID1577	46	52	58	58	49	0	0	0	0	0	1	1	3	1	2	0	0	0	0	0
GeneID1578	45	54	60	50	60	0	0	0	0	0	3	3	1	1	7	0	0	0	0	0
GeneID1579	61	47	51	44	43	0	0	0	0	0	1	2	0	3	2	0	0	0	0	0
GeneID1580	53	46	59	50	52	0	0	0	0	0	0	4	3	3	0	0	0	0	0	0
GeneID1581	48	43	51	58	50	0	0	0	0	0	4	1	1	4	1	0	0	0	0	0
GeneID1582	61	42	48	44	49	0	0	0	0	0	0	1	2	2	0	0	0	0	0	0
GeneID1583	48	44	49	48	56	0	0	0	0	0	1	1	2	3	0	0	0	0	0	0
GeneID1584	64	47	51	54	55	0	0	0	0	0	4	4	3	3	0	0	0	0	0	0
GeneID1585	56	44	45	49	47	0	0	0	0	0	0	0	1	1	0	0	0	0	0	0
GeneID1586	44	42	55	50	60	0	0	0	0	0	1	0	4	0	1	0	0	0	0	0
GeneID1587	48	58	58	48	68	0	0	0	0	0	2	3	0	1	3	0	0	0	0	0
GeneID1588	41	56	56	48	55	0	0	0	0	0	2	2	4	3	6	0	0	0	0	0
GeneID1589	48	43	43	54	40	0	0	0	0	0	1	2	1	2	0	0	0	0	0	0
GeneID1590	53	43	53	52	46	0	0	0	0	0	3	5	2	1	0	0	0	0	0	0
GeneID1591	50	42	52	63	46	0	0	0	0	0	2	2	1	3	3	0	0	0	0	0
GeneID1592	32	47	58	64	49	0	0	0	0	0	2	0	2	4	2	0	0	0	0	0
GeneID1593	48	52	56	53	60	0	0	0	0	0	4	3	0	0	1	0	0	0	0	0
GeneID1594	42	55	45	45	48	0	0	0	0	0	5	4	4	3	2	0	0	0	0	0
GeneID1595	54	52	51	51	56	0	0	0	0	0	0	2	5	2	0	0	0	0	0	0
GeneID1596	41	45	59	48	51	0	0	0	0	0	1	2	1	2	4	0	0	0	0	0
GeneID1597	65	59	46	47	51	0	0	0	0	0	1	2	2	0	1	0	0	0	0	0
GeneID1598	48	47	55	51	53	0	0	0	0	0	1	2	4	2	5	0	0	0	0	0
GeneID1599	43	48	44	47	49	0	0	0	0	0	1	1	5	2	1	0	0	0	0	0
GeneID1600	48	37	39	51	49	0	0	0	0	0	1	1	3	2	3	0	0	0	0	0
GeneID1601	47	47	55	52	48	0	0	0	0	0	1	5	3	2	0	0	0	0	0	0
GeneID1602	54	64	40	54	53	0	0	0	0	0	1	3	1	3	2	0	0	0	0	0
GeneID1603	57	51	52	46	38	0	0	0	0	0	2	4	3	1	2	0	0	0	0	0
GeneID1604	50	53	59	54	40	0	0	0	0	0	3	4	0	4	2	0	0	0	0	0
GeneID1605	57	37	44	66	51	0	0	0	0	0	1	4	1	2	2	0	0	0	0	0
GeneID1606	65	49	57	53	51	0	0	0	0	0	4	2	5	1	3	0	0	0	0	0
GeneID1607	49	49	42	35	67	0	0	0	0	0	3	1	1	3	1	0	0	0	0	0
GeneID1608	60	38	51	54	47	0	0	0	0	0	1	4	3	3	5	0	0	0	0	0
GeneID1609	69	43	46	47	46	0	0	0	0	0	1	0	2	3	2	0	0	0	0	0
GeneID1610	43	46	48	53	56	0	0	0	0	0	1	3	1	0	1	0	0	0	0	0
GeneID1611	60	48	48	37	52	0	0	0	0	0	2	1	1	1	3	0	0	0	0	0
GeneID1612	48	55	40	53	46	0	0	0	0	0	1	1	2	2	2	0	0	0	0	0
GeneID1613	50	45	55	33	40	0	0	0	0	0	1	2	2	1	3	0	0	0	0	0
GeneID1614	46	52	41	48	44	0	0	0	0	0	1	1	1	1	4	0	0	0	0	0
GeneID1615	44	62	44	54	54	0	0	0	0	0	1	3	3	2	0	0	0	0	0	0
GeneID1616	52	52	53	46	56	0	0	0	0	0	2	4	1	1	2	0	0	0	0	0
GeneID1617	52	45	47	51	51	0	0	0	0	0	1	1	1	3	6	0	0	0	0	0
GeneID1618	37	44	54	42	55	0	0	0	0	0	1	3	0	1	3	0	0	0	0	0
GeneID1619	57	40	39	46	30	0	0	0	0	0	4	1	3	0	2	0	0	0	0	0
GeneID1620	46	52	43	47	44	0	0	0	0	0	2	5	2	2	2	0	0	0	0	0
GeneID1621	61	45	49	53	42	0	0	0	0	0	3	2	3	3	1	0	0	0	0	0
GeneID1622	39	40	59	58	45	0	0	0	0	0	1	3	2	2	3	0	0	0	0	0
GeneID1623	50	53	55	45	54	0	0	0	0	0	1	2	1	0	2	0	0	0	0	0
GeneID1624	49	53	59	57	46	0	0	0	0	0	3	1	1	0	3	0	0	0	0	0
GeneID1625	47	56	46	50	50	0	0	0	0	0	0	3	4	3	0	0	0	0	0	0
GeneID1626	44	48	55	45	60	0	0	0	0	0	2	3	2	1	0	0	0	0	0	0
GeneID1627	59	46	43	42	56	0	0	0	0	0	0	0	0	1	1	0	0	0	0	0
GeneID1628	51	54	53	51	43	0	0	0	0	0	3	1	2	1	1	0	0	0	0	0
GeneID1629	51	43	60	53	42	0	0	0	0	0	2	1	1	3	2	0	0	0	0	0
GeneID1630	46	45	51	55	52	0	0	0	0	0	2	2	0	2	5	0	0	0	0	0
GeneID1631	52	47	41	51	50	0	0	0	0	0	3	1	0	1	2	0	0	0	0	0
GeneID1632	56	59	51	47	44	0	0	0	0	0	0	1	1	2	2	0	0	0	0	0
GeneID1633	62	45	48	41	50	0	0	0	0	0	2	4	1	3	1	0	0	0	0	0
GeneID1634	57	58	56	40	58	0	0	0	0	0	0	3	2	1	2	0	0	0	0	0
GeneID1635	58	42	38	55	53	0	0	0	0	0	3	4	5	9	0	0	0	0	0	0
GeneID1636	53	55	57	52	51	0	0	0	0	0	0	1	0	0	1	0	0	0	0	0
GeneID1637	54	41	54	56	50	0	0	0	0	0	2	2	2	1	2	0	0	0	0	0
GeneID1638	48	51	45	55	58	0	0	0	0	0	2	1	2	0	1	0	0	0	0	0
GeneID1639	54	35	40	52	52	0	0	0	0	0	4	1	2	3	4	0	0	0	0	0
GeneID1640	53	52	43	55	61	0	0	0	0	0	3	3	1	1	4	0	0	0	0	0
GeneID1641	43	51	44	50	50	0	0	0	0	0	1	4	2	2	1	0	0	0	0	0
GeneID1642	54	62	50	62	50	0	0	0	0	0	0	0	2	2	0	0	0	0	0	0
GeneID1643	50	52	55	40	41	0	0	0	0	0	1	5	0	1	2	0	0	0	0	0
GeneID1644	52	60	45	39	52	0	0	0	0	0	4	6	4	3	2	0	0	0	0	0
GeneID1645	57	50	51	47	44	0	0	0	0	0	1	3	3	5	2	0	0	0	0	0
GeneID1646	48	66	45	52	49	0	0	0	0	0	1	2	0	2	1	0	0	0	0	0
GeneID1647	44	53	45	45	55	0	0	0	0	0	0	2	3	3	1	0	0	0	0	0
GeneID1648	47	59	58	65	50	0	0	0	0	0	3	2	2	0	5	0	0	0	0	0
GeneID1649	54	56	44	54	38	0	0	0	0	0	2	3	4	1	2	0	0	0	0	0
GeneID1650	54	60	46	57	49	0	0	0	0	0	2	0	1	1	4	0	0	0	0	0
GeneID1651	47	46	46	50	51	0	0	0	0	0	1	3	0	2	1	0	0	0	0	0
GeneID1652	45	39	47	62	40	0	0	0	0	0	3	2	2	3	2	0	0	0	0	0
GeneID1653	45	50	43	51	49	0	0	0	0	0	2	2	2	1	3	0	0	0	0	0
GeneID1654	49	62	44	61	43	0	0	0	0	0	1	5	3	3	2	0	0	0	0	0
GeneID1655	42	55	46	53	57	0	0	0	0	0	1	2	2	2	2	0	0	0	0	0
GeneID1656	53	49	45	49	49	0	0	0	0	0	1	0	1	0	0	0	0	0	0	0
GeneID1657	45	46	35	40	42	0	0	0	0	0	3	1	3	5	2	0	0	0	0	0
GeneID1658	56	48	49	60	46	0	0	0	0	0	1	1	2	0	5	0	0	0	0	0
GeneID1659	48	51	51	35	47	0	0	0	0	0	5	2	2	0	3	0	0	0	0	0
GeneID1660	53	61	48	31	45	0	0	0	0	0	4	1	3	3	1	0	0	0	0	0
GeneID1661	68	43	46	40	54	0	0	0	0	0	3	0	2	2	1	0	0	0	0	0
GeneID1662	49	57	57	49	55	0	0	0	0	0	1	1	1	1	2	0	0	0	0	0
GeneID1663	56	46	41	43	59	0	0	0	0	0	2	3	1	3	1	0	0	0	0	0
GeneID1664	46	45	49	49	41	0	0	0	0	0	3	3	3	1	0	0	0	0	0	0
GeneID1665	43	42	52	31	52	0	0	0	0	0	2	1	3	2	2	0	0	0	0	0
GeneID1666	51	41	55	48	39	0	0	0	0	0	1	3	2	2	1	0	0	0	0	0
GeneID1667	51	48	40	54	49	0	0	0	0	0	3	2	0	2	1	0	0	0	0	0
GeneID1668	47	52	60	55	59	0	0	0	0	0	4	2	0	4	2	0	0	0	0	0
GeneID1669	52	61	44	52	34	0	0	0	0	0	1	1	2	3	2	0	0	0	0	0
GeneID1670	48	52	49	50	47	0	0	0	0	0	2	0	2	6	3	0	0	0	0	0
GeneID1671	55	40	57	50	58	0	0	0	0	0	0	3	0	2	2	0	0	0	0	0
GeneID1672	58	47	43	57	43	0	0	0	0	0	2	2	0	1	1	0	0	0	0	0
GeneID1673	45	43	51	50	54	0	0	0	0	0	3	4	3	3	2	0	0	0	0	0
GeneID1674	51	43	49	61	53	0	0	0	0	0	0	2	2	5	3	0	0	0	0	0
GeneID1675	48	50	44	50	60	0	0	0	0	0	3	2	5	3	1	0	0	0	0	0
GeneID1676	58	60	53	42	53	0	0	0	0	0	4	2	1	0	2	0	0	0	0	0
GeneID1677	50	47	48	35	56	0	0	0	0	0	1	4	1	0	0	0	0	0	0	0
GeneID1678	54	49	44	44	60	0	0	0	0	0	2	0	2	1	2	0	0	0	0	0
GeneID1679	59	60	62	46	51	0	0	0	0	0	0	3	4	0	2	0	0	0	0	0
GeneID1680	48	50	37	40	42	0	0	0	0	0	3	2	4	1	4	0	0	0	0	0
GeneID1681	54	57	60	50	46	0	0	0	0	0	1	1	2	2	2	0	0	0	0	0
GeneID1682	54	48	55	41	49	0	0	0	0	0	3	3	1	1	1	0	0	0	0	0
GeneID1683	46	43	43	54	47	0	0	0	0	0	2	1	5	1	0	0	0	0	0	0
GeneID1684	54	48	59	47	54	0	0	0	0	0	2	1	2	2	2	0	0	0	0	0
GeneID1685	42	49	43	55	43	0	0	0	0	0	7	1	0	4	1	0	0	0	0	0
GeneID1686	43	62	38	45	40	0	0	0	0	0	4	3	2	0	1	0	0	0	0	0
GeneID1687	54	53	46	61	36	0	0	0	0	0	4	2	1	2	2	0	0	0	0	0
GeneID1688	61	41	43	52	53	0	0	0	0	0	4	2	1	0	0	0	0	0	0	0
GeneID1689	46	45	51	36	52	0	0	0	0	0	1	2	1	2	4	0	0	0	0	0
GeneID1690	42	42	52	52	51	0	0	0	0	0	1	2	2	4	3	0	0	0	0	0
GeneID1691	40	44	48	42	40	0	0	0	0	0	1	1	0	3	0	0	0	0	0	0
GeneID1692	42	57	44	54	57	0	0	0	0	0	3	0	1	2	2	0	0	0	0	0
GeneID1693	40	54	48	37	53	0	0	0	0	0	1	2	3	0	4	0	0	0	0	0
GeneID1694	50	59	46	49	50	0	0	0	0	0	6	1	2	1	0	0	0	0	0	0
GeneID1695	62	50	42	60	56	0	0	0	0	0	1	4	1	0	3	0	0	0	0	0
GeneID1696	44	41	53	51	49	0	0	0	0	0	2	4	4	0	1	0	0	0	0	0
GeneID1697	62	50	47	42	58	0	0	0	0	0	3	4	1	1	0	0	0	0	0	0
GeneID1698	51	46	51	50	42	0	0	0	0	0	4	2	4	3	0	0	0	0	0	0
GeneID1699	45	42	55	48	60	0	0	0	0	0	2	3	0	2	3	0	0	0	0	0
GeneID1700	52	48	59	48	40	0	0	0	0	0	4	1	5	0	2	0	0	0	0	0
GeneID1701	59	60	49	54	46	0	0	0	0	0	5	0	5	3	0	0	0	0	0	0
GeneID1702	52	40	55	47	63	0	0	0	0	0	1	3	2	2	3	0	0	0	0	0
GeneID1703	47	56	47	51	49	0	0	0	0	0	1	2	0	3	0	0	0	0	0	0
GeneID1704	42	45	45	59	52	0	0	0	0	0	4	1	1	3	1	0	0	0	0	0
GeneID1705	59	44	47	51	56	0	0	0	0	0	2	1	2	1	2	0	0	0	0	0
GeneID1706	59	37	51	46	43	0	0	0	0	0	5	2	4	2	0	0	0	0	0	0
GeneID1707	44	41	59	40	56	0	0	0	0	0	3	2	1	1	3	0	0	0	0	0
GeneID1708	41	43	42	56	44	0	0	0	0	0	1	0	0	1	1	0	0	0	0	0
GeneID1709	49	48	43	55	36	0	0	0	0	0	1	4	1	1	3	0	0	0	0	0
GeneID1710	51	37	51	37	41	0	0	0	0	0	0	2	0	2	1	0	0	0	0	0
GeneID1711	57	47	42	54	44	0	0	0	0	0	1	1	3	2	2	0	0	0	0	0
GeneID1712	53	46	44	47	38	0	0	0	0	0	2	4	3	1	0	0	0	0	0	0
GeneID1713	41	66	49	54	47	0	0	0	0	0	3	2	2	2	3	0	0	0	0	0
GeneID1714	56	48	57	44	47	0	0	0	0	0	4	1	1	0	1	0	0	0	0	0
GeneID1715	59	66	49	45	53	0	0	0	0	0	2	3	2	2	3	0	0	0	0	0
GeneID1716	61	46	54	51	49	0	0	0	0	0	0	1	3	1	0	0	0	0	0	0
GeneID1717	53	52	46	34	40	0	0	0	0	0	4	2	3	2	3	0	0	0	0	0
GeneID1718	38	37	46	53	49	0	0	0	0	0	2	1	5	3	1	0	0	0	0	0
GeneID1719	54	51	53	50	48	0	0	0	0	0	2	0	2	4	3	0	0	0	0	0
GeneID1720	57	55	54	52	43	0	0	0	0	0	1	0	3	0	2	0	0	0	0	0
GeneID1721	43	52	43	51	44	0	0	0	0	0	4	2	3	1	2	0	0	0	0	0
GeneID1722	39	48	51	43	46	0	0	0	0	0	2	3	4	1	5	0	0	0	0	0
GeneID1723	65	48	58	43	41	0	0	0	0	0	0	3	1	2	8	0	0	0	0	0
GeneID1724	46	53	57	56	49	0	0	0	0	0	0	4	2	2	1	0	0	0	0	0
GeneID1725	46	44	47	51	34	0	0	0	0	0	0	1	2	5	0	0	0	0	0	0
GeneID1726	42	30	49	49	49	0	0	0	0	0	3	5	5	2	3	0	0	0	0	0
GeneID1727	65	39	41	65	43	0	0	0	0	0	0	3	0	3	2	0	0	0	0	0
GeneID1728	45	49	43	52	49	0	0	0	0	0	4	0	3	1	2	0	0	0	0	0
GeneID1729	58	52	40	58	52	0	0	0	0	0	2	1	4	2	1	0	0	0	0	0
GeneID1730	50	46	51	44	55	0	0	0	0	0	2	3	3	1	3	0	0	0	0	0
GeneID1731	57	47	47	50	55	0	0	0	0	0	4	2	2	0	1	0	0	0	0	0
GeneID1732	53	44	46	47	44	0	0	0	0	0	1	0	3	2	1	0	0	0	0	0
GeneID1733	48	56	36	35	53	0	0	0	0	0	2	3	2	1	2	0	0	0	0	0
GeneID1734	53	49	36	49	45	0	0	0	0	0	4	1	9	3	2	0	0	0	0	0
GeneID1735	59	51	48	50	48	0	0	0	0	0	5	1	2	2	0	0	0	0	0	0
GeneID1736	46	44	47	49	46	0	0	0	0	0	1	1	4	1	1	0	0	0	0	0
GeneID1737	51	49	56	39	42	0	0	0	0	0	5	1	1	1	2	0	0	0	0	0
GeneID1738	58	53	55	46	44	0	0	0	0	0	2	1	1	1	4	0	0	0	0	0
GeneID1739	48	53	56	48	36	0	0	0	0	0	2	2	2	0	1	0	0	0	0	0
GeneID1740	44	60	52	54	56	0	0	0	0	0	4	3	2	2	3	0	0	0	0	0
GeneID1741	51	52	50	53	45	0	0	0	0	0	2	2	0	2	3	0	0	0	0	0
GeneID1742	54	40	42	45	47	0	0	0	0	0	3	5	1	2	2	0	0	0	0	0
GeneID1743	54	42	56	46	47	0	0	0	0	0	5	1	0	1	2	0	0	0	0	0
GeneID1744	50	54	62	41	50	0	0	0	0	0	1	2	4	3	2	0	0	0	0	0
GeneID1745	41	44	67	54	43	0	0	0	0	0	2	1	3	1	0	0	0	0	0	0
GeneID1746	40	49	46	40	56	0	0	0	0	0	0	3	2	3	1	0	0	0	0	0
GeneID1747	50	46	62	39	48	0	0	0	0	0	4	3	4	2	6	0	0	0	0	0
GeneID1748	46	52	50	48	49	0	0	0	0	0	2	1	2	2	0	0	0	0	0	0
GeneID1749	58	51	52	68	69	0	0	0	0	0	3	0	3	3	3	0	0	0	0	0
GeneID1750	37	55	54	58	52	0	0	0	0	0	2	1	4	1	3	0	0	0	0	0
GeneID1751	50	46	46	42	49	0	0	0	0	0	2	1	1	0	2	0	0	0	0	0
GeneID1752	54	62	56	53	43	0	0	0	0	0	2	1	0	4	2	0	0	0	0	0
GeneID1753	52	42	53	49	64	0	0	0	0	0	1	0	1	3	0	0	0	0	0	0
GeneID1754	58	49	49	47	55	0	0	0	0	0	0	2	1	4	2	0	0	0	0	0
GeneID1755	42	45	54	60	59	0	0	0	0	0	2	1	1	2	3	0	0	0	0	0
GeneID1756	45	45	48	51	62	0	0	0	0	0	1	3	2	3	2	0	0	0	0	0
GeneID1757	56	37	61	43	45	0	0	0	0	0	1	0	2	2	1	0	0	0	0	0
GeneID1758	36	50	50	48	46	0	0	0	0	0	2	2	1	2	1	0	0	0	0	0
GeneID1759	43	65	45	40	49	0	0	0	0	0	2	2	2	0	1	0	0	0	0	0
GeneID1760	52	55	40	49	44	0	0	0	0	0	1	2	2	1	1	0	0	0	0	0
GeneID1761	43	52	37	43	43	0	0	0	0	0	1	1	1	7	1	0	0	0	0	0
GeneID1762	52	65	54	55	57	0	0	0	0	0	6	3	2	5	1	0	0	0	0	0
GeneID1763	58	52	43	45	39	0	0	0	0	0	2	2	3	1	3	0	0	0	0	0
GeneID1764	46	48	68	50	49	0	0	0	0	0	1	1	2	1	0	0	0	0	0	0
GeneID1765	56	60	58	62	41	0	0	0	0	0	1	2	1	0	2	0	0	0	0	0
GeneID1766	42	47	55	41	49	0	0	0	0	0	3	3	0	1	1	0	0	0	0	0
GeneID1767	48	42	47	34	49	0	0	0	0	0	4	2	1	1	2	0	0	0	0	0
GeneID1768	54	43	29	68	47	0	0	0	0	0	0	2	0	2	1	0	0	0	0	0
GeneID1769	52	39	51	51	53	0	0	0	0	0	5	2	1	1	6	0	0	0	0	0
GeneID1770	61	57	47	49	45	0	0	0	0	0	1	1	2	3	1	0	0	0	0	0
GeneID1771	59	46	56	40	42	0	0	0	0	0	3	6	2	0	1	0	0	0	0	0
GeneID1772	50	40	50	54	44	0	0	0	0	0	1	3	1	1	4	0	0	0	0	0
GeneID1773	54	48	51	44	36	0	0	0	0	0	2	3	0	2	2	0	0	0	0	0
GeneID1774	65	49	66	46	42	0	0	0	0	0	2	1	2	4	3	0	0	0	0	0
GeneID1775	39	51	52	48	50	0	0	0	0	0	3	4	1	1	1	0	0	0	0	0
GeneID1776	47	47	52	45	52	0	0	0	0	0	3	3	0	0	4	0	0	0	0	0
GeneID1777	51	48	47	40	51	0	0	0	0	0	3	2	0	1	2	0	0	0	0	0
GeneID1778	45	69	47	55	41	0	0	0	0	0	1	2	4	3	3	0	0	0	0	0
GeneID1779	49	55	36	58	46	0	0	0	0	0	5	1	2	2	1	0	0	0	0	0
GeneID1780	50	57	46	58	39	0	0	0	0	0	2	2	3	2	2	0	0	0	0	0
GeneID1781	56	49	61	40	41	0	0	0	0	0	0	1	1	2	0	0	0	0	0	0
GeneID1782	49	54	37	50	54	0	0	0	0	0	3	1	7	0	0	0	0	0	0	0
GeneID1783	61	39	52	52	43	0	0	0	0	0	1	2	2	4	1	0	0	0	0	0
GeneID1784	50	48	48	64	51	0	0	0	0	0	1	3	1	2	1	0	0	0	0	0
GeneID1785	56	51	45	54	53	0	0	0	0	0	3	1	2	3	2	0	0	0	0	0
GeneID1786	43	51	57	38	52	0	0	0	0	0	3	2	1	2	4	0	0	0	0	0
GeneID1787	49	47	41	35	53	0	0	0	0	0	0	1	0	1	1	0	0	0	0	0
GeneID1788	52	48	49	50	66	0	0	0	0	0	1	2	3	3	2	0	0	0	0	0
GeneID1789	48	44	44	49	41	0	0	0	0	0	6	2	5	3	2	0	0	0	0	0
GeneID1790	60	46	42	57	50	0	0	0	0	0	3	4	0	1	0	0	0	0	0	0
GeneID1791	37	44	46	47	46	0	0	0	0	0	4	2	0	0	1	0	0	0	0	0
GeneID1792	52	51	54	55	54	0	0	0	0	0	1	1	3	1	2	0	0	0	0	0
GeneID1793	51	50	41	41	48	0	0	0	0	0	0	2	1	2	3	0	0	0	0	0
GeneID1794	64	33	47	47	36	0	0	0	0	0	3	3	4	1	4	0	0	0	0	0
GeneID1795	54	47	58	39	54	0	0	0	0	0	2	2	3	2	2	0	0	0	0	0
GeneID1796	47	54	54	43	53	0	0	0	0	0	1	0	2	1	2	0	0	0	0	0
GeneID1797	53	45	48	54	43	0	0	0	0	0	3	3	2	5	0	0	0	0	0	0
GeneID1798	49	40	48	53	55	0	0	0	0	0	2	3	2	1	3	0	0	0	0	0
GeneID1799	57	45	56	47	58	0	0	0	0	0	7	4	2	3	1	0	0	0	0	0
GeneID1800	50	59	57	59	55	0	0	0	0	0	2	1	0	2	2	0	0	0	0	0
GeneID1801	43	50	74	44	42	0	0	0	0	0	1	4	3	2	4	0	0	0	0	0
GeneID1802	49	47	36	43	32	0	0	0	0	0	3	5	1	0	0	0	0	0	0	0
GeneID1803	55	57	54	50	51	0	0	0	0	0	1	1	2	0	1	0	0	0	0	0
GeneID1804	57	44	55	48	67	0	0	0	0	0	1	2	3	1	6	0	0	0	0	0
GeneID1805	59	54	54	49	43	0	0	0	0	0	4	1	0	1	2	0	0	0	0	0
GeneID1806	50	51	53	36	53	0	0	0	0	0	3	1	2	1	4	0	0	0	0	0
GeneID1807	54	61	44	38	61	0	0	0	0	0	3	0	2	2	3	0	0	0	0	0
GeneID1808	49	43	56	59	53	0	0	0	0	0	1	1	2	1	2	0	0	0	0	0
GeneID1809	51	46	33	48	45	0	0	0	0	0	5	2	2	2	5	0	0	0	0	0
GeneID1810	37	57	56	54	45	0	0	0	0	0	2	2	2	3	2	0	0	0	0	0
GeneID1811	42	51	43	55	65	0	0	0	0	0	0	3	0	2	5	0	0	0	0	0
GeneID1812	51	54	39	50	48	0	0	0	0	0	5	1	2	1	0	0	0	0	0	0
GeneID1813	49	50	47	47	58	0	0	0	0	0	0	5	4	2	3	0	0	0	0	0
GeneID1814	52	52	31	44	51	0	0	0	0	0	2	0	3	1	0	0	0	0	0	0
GeneID1815	37	47	53	48	42	0	0	0	0	0	3	2	4	1	2	0	0	0	0	0
GeneID1816	36	43	40	58	39	0	0	0	0	0	0	2	2	1	2	0	0	0	0	0
GeneID1817	44	42	53	53	38	0	0	0	0	0	3	2	2	1	2	0	0	0	0	0
GeneID1818	48	47	50	39	57	0	0	0	0	0	4	4	0	2	3	0	0	0	0	0
GeneID1819	47	43	55	51	49	0	0	0	0	0	1	0	0	2	1	0	0	0	0	0
GeneID1820	61	52	40	69	49	0	0	0	0	0	3	3	2	2	0	0	0	0	0	0
GeneID1821	49	54	42	45	48	0	0	0	0	0	0	2	3	1	1	0	0	0	0	0
GeneID1822	45	41	58	45	54	0	0	0	0	0	0	1	1	2	1	0	0	0	0	0
GeneID1823	59	54	47	59	57	0	0	0	0	0	1	3	5	3	2	0	0	0	0	0
GeneID1824	49	52	45	49	47	0	0	0	0	0	2	2	1	2	1	0	0	0	0	0
GeneID1825	48	52	54	42	54	0	0	0	0	0	1	0	1	3	4	0	0	0	0	0
GeneID1826	52	41	43	52	55	0	0	0	0	0	1	1	3	3	1	0	0	0	0	0
GeneID1827	50	42	48	51	52	0	0	0	0	0	3	2	3	2	5	0	0	0	0	0
GeneID1828	50	41	64	49	33	0	0	0	0	0	2	2	4	1	1	0	0	0	0	0
GeneID1829	58	45	44	60	54	0	0	0	0	0	3	3	1	0	0	0	0	0	0	0
GeneID1830	60	53	47	53	36	0	0	0	0	0	0	0	3	1	2	0	0	0	0	0
GeneID1831	54	38	54	51	52	0	0	0	0	0	5	4	4	2	0	0	0	0	0	0
GeneID1832	50	57	62	38	53	0	0	0	0	0	2	1	1	3	1	0	0	0	0	0
GeneID1833	45	45	54	57	40	0	0	0	0	0	0	1	1	0	3	0	0	0	0	0
GeneID1834	47	48	49	53	51	0	0	0	0	0	5	2	0	3	6	0	0	0	0	0
GeneID1835	51	38	52	51	47	0	0	0	0	0	3	2	1	6	1	0	0	0	0	0
GeneID1836	51	49	55	51	58	0	0	0	0	0	4	4	4	4	1	0	0	0	0	0
GeneID1837	42	55	51	46	49	0	0	0	0	0	6	4	5	1	1	0	0	0	0	0
GeneID1838	45	57	45	39	54	0	0	0	0	0	0	2	1	2	2	0	0	0	0	0
GeneID1839	53	49	52	51	55	0	0	0	0	0	0	1	2	1	1	0	0	0	0	0
GeneID1840	58	44	70	62	49	0	0	0	0	0	2	2	0	4	0	0	0	0	0	0
GeneID1841	54	52	59	56	47	0	0	0	0	0	2	3	4	2	2	0	0	0	0	0
GeneID1842	45	50	54	37	55	0	0	0	0	0	1	1	2	4	0	0	0	0	0	0
GeneID1843	44	40	46	52	58	0	0	0	0	0	0	0	1	3	3	0	0	0	0	0
GeneID1844	43	52	43	60	42	0	0	0	0	0	2	0	2	2	0	0	0	0	0	0
GeneID1845	47	50	54	49	47	0	0	0	0	0	0	1	1	2	5	0	0	0	0	0
GeneID1846	53	44	52	48	55	0	0	0	0	0	0	0	1	3	0	0	0	0	0	0
GeneID1847	55	43	50	54	55	0	0	0	0	0	3	7	1	0	4	0	0	0	0	0
GeneID1848	51	54	54	59	59	0	0	0	0	0	2	0	0	2	2	0	0	0	0	0
GeneID1849	54	46	51	54	58	0	0	0	0	0	3	3	2	1	0	0	0	0	0	0
GeneID1850	60	49	62	64	48	0	0	0	0	0	3	3	4	2	1	0	0	0	0	0
GeneID1851	59	53	36	45	42	0	0	0	0	0	1	5	1	1	2	0	0	0	0	0
GeneID1852	56	43	51	48	55	0	0	0	0	0	2	5	1	0	3	0	0	0	0	0
GeneID1853	50	49	50	43	45	0	0	0	0	0	1	1	1	3	2	0	0	0	0	0
GeneID1854	50	48	58	50	54	0	0	0	0	0	0	1	7	4	1	0	0	0	0	0
GeneID1855	49	59	52	56	43	0	0	0	0	0	3	1	2	2	2	0	0	0	0	0
GeneID1856	50	46	54	50	44	0	0	0	0	0	4	4	2	1	1	0	0	0	0	0
GeneID1857	43	46	45	49	58	0	0	0	0	0	1	2	1	5	4	0	0	0	0	0
GeneID1858	54	53	60	51	49	0	0	0	0	0	1	3	0	3	2	0	0	0	0	0
GeneID1859	43	49	53	59	61	0	0	0	0	0	2	2	2	1	4	0	0	0	0	0
GeneID1860	44	45	38	59	53	0	0	0	0	0	2	4	4	2	1	0	0	0	0	0
GeneID1861	62	54	59	58	52	0	0	0	0	0	1	5	4	3	1	0	0	0	0	0
GeneID1862	54	51	46	48	62	0	0	0	0	0	1	1	3	1	0	0	0	0	0	0
GeneID1863	52	48	51	54	55	0	0	0	0	0	3	0	0	1	3	0	0	0	0	0
GeneID1864	49	52	49	44	48	0	0	0	0	0	3	1	3	6	0	0	0	0	0	0
GeneID1865	55	47	46	53	55	0	0	0	0	0	3	3	2	2	0	0	0	0	0	0
GeneID1866	62	52	34	54	42	0	0	0	0	0	3	5	1	2	1	0	0	0	0	0
GeneID1867	42	50	51	49	62	0	0	0	0	0	2	1	2	1	2	0	0	0	0	0
GeneID1868	44	53	41	48	46	0	0	0	0	0	3	4	2	1	0	0	0	0	0	0
GeneID1869	48	52	46	51	49	0	0	0	0	0	2	0	1	3	3	0	0	0	0	0
GeneID1870	53	46	62	42	44	0	0	0	0	0	1	1	1	1	2	0	0	0	0	0
GeneID1871	51	56	39	58	41	0	0	0	0	0	3	5	1	1	0	0	0	0	0	0
GeneID1872	52	51	43	50	39	0	0	0	0	0	2	6	4	1	3	0	0	0	0	0
GeneID1873	58	53	55	34	46	0	0	0	0	0	3	4	0	2	2	0	0	0	0	0
GeneID1874	58	41	48	53	51	0	0	0	0	0	1	1	3	1	0	0	0	0	0	0
GeneID1875	59	56	54	47	54	0	0	0	0	0	1	7	2	0	5	0	0	0	0	0
GeneID1876	52	37	50	53	57	0	0	0	0	0	2	4	2	3	1	0	0	0	0	0
GeneID1877	49	65	50	51	56	0	0	0	0	0	3	2	7	3	1	0	0	0	0	0
GeneID1878	60	55	54	44	60	0	0	0	0	0	2	2	2	1	1	0	0	0	0	0
GeneID1879	48	57	50	55	51	0	0	0	0	0	1	3	3	0	7	0	0	0	0	0
GeneID1880	58	59	56	45	51	0	0	0	0	0	1	0	1	0	4	0	0	0	0	0
GeneID1881	49	43	48	50	56	0	0	0	0	0	2	3	1	3	2	0	0	0	0	0
GeneID1882	57	48	47	44	42	0	0	0	0	0	1	1	5	2	3	0	0	0	0	0
GeneID1883	57	50	57	55	56	0	0	0	0	0	3	1	5	1	1	0	0	0	0	0
GeneID1884	53	37	47	46	58	0	0	0	0	0	1	3	1	4	0	0	0	0	0	0
GeneID1885	47	52	50	49	57	0	0	0	0	0	4	1	2	2	3	0	0	0	0	0
GeneID1886	55	65	54	49	38	0	0	0	0	0	0	5	3	1	2	0	0	0	0	0
GeneID1887	53	50	40	40	34	0	0	0	0	0	3	3	1	5	1	0	0	0	0	0
GeneID1888	55	41	34	53	52	0	0	0	0	0	2	2	1	1	3	0	0	0	0	0
GeneID1889	57	51	49	53	47	0	0	0	0	0	3	2	4	6	1	0	0	0	0	0
GeneID1890	65	51	52	40	69	0	0	0	0	0	1	0	2	0	0	0	0	0	0	0
GeneID1891	47	47	47	62	54	0	0	0	0	0	2	2	2	0	1	0	0	0	0	0
GeneID1892	42	52	48	40	53	0	0	0	0	0	2	2	1	2	0	0	0	0	0	0
GeneID1893	42	50	48	57	51	0	0	0	0	0	2	5	2	1	2	0	0	0	0	0
GeneID1894	40	47	54	62	42	0	0	0	0	0	1	0	3	3	3	0	0	0	0	0
GeneID1895	49	38	56	42	44	0	0	0	0	0	1	2	2	4	3	0	0	0	0	0
GeneID1896	41	38	54	54	54	0	0	0	0	0	2	2	2	1	3	0	0	0	0	0
GeneID1897	58	33	51	49	47	0	0	0	0	0	3	3	3	3	1	0	0	0	0	0
GeneID1898	57	43	48	40	48	0	0	0	0	0	1	1	0	1	0	0	0	0	0	0
GeneID1899	43	56	43	53	51	0	0	0	0	0	5	1	1	1	1	0	0	0	0	0
GeneID1900	44	45	56	54	47	0	0	0	0	0	1	1	3	6	1	0	0	0	0	0
GeneID1901	45	47	41	39	49	0	0	0	0	0	2	3	3	2	1	0	0	0	0	0
GeneID1902	40	43	55	47	43	0	0	0	0	0	1	2	1	0	1	0	0	0	0	0
GeneID1903	62	53	49	56	59	0	0	0	0	0	3	1	3	3	3	0	0	0	0	0
GeneID1904	59	54	49	42	52	0	0	0	0	0	3	3	2	6	1	0	0	0	0	0
GeneID1905	51	48	50	45	56	0	0	0	0	0	1	2	5	2	1	0	0	0	0	0
GeneID1906	46	65	48	53	46	0	0	0	0	0	1	3	2	1	0	0	0	0	0	0
GeneID1907	43	38	41	52	50	0	0	0	0	0	1	0	1	3	2	0	0	0	0	0
GeneID1908	46	43	49	44	48	0	0	0	0	0	1	0	1	4	2	0	0	0	0	0
GeneID1909	50	57	54	57	37	0	0	0	0	0	4	1	1	0	1	0	0	0	0	0
GeneID1910	32	48	53	58	69	0	0	0	0	0	1	3	3	3	2	0	0	0	0	0
GeneID1911	40	53	44	36	45	0	0	0	0	0	2	1	1	1	0	0	0	0	0	0
GeneID1912	51	45	55	58	61	0	0	0	0	0	1	1	2	3	2	0	0	0	0	0
GeneID1913	64	58	50	51	52	0	0	0	0	0	2	3	1	1	3	0	0	0	0	0
GeneID1914	54	51	45	47	59	0	0	0	0	0	1	2	1	0	2	0	0	0	0	0
GeneID1915	43	48	45	59	45	0	0	0	0	0	0	0	1	4	3	0	0	0	0	0
GeneID1916	61	36	45	45	42	0	0	0	0	0	2	2	2	3	2	0	0	0	0	0
GeneID1917	58	46	48	58	38	0	0	0	0	0	2	2	3	2	2	0	0	0	0	0
GeneID1918	59	53	55	52	49	0	0	0	0	0	0	4	0	5	6	0	0	0	0	0
GeneID1919	49	41	50	43	57	0	0	0	0	0	1	2	3	4	4	0	0	0	0	0
GeneID1920	53	35	46	55	54	0	0	0	0	0	1	4	2	4	0	0	0	0	0	0
GeneID1921	52	45	46	56	60	0	0	0	0	0	4	4	2	1	2	0	0	0	0	0
GeneID1922	40	67	48	63	64	0	0	0	0	0	4	4	1	3	3	0	0	0	0	0
GeneID1923	37	52	52	56	54	0	0	0	0	0	2	0	2	3	2	0	0	0	0	0
GeneID1924	45	48	49	55	38	0	0	0	0	0	4	2	4	1	1	0	0	0	0	0
GeneID1925	49	33	43	39	53	0	0	0	0	0	3	2	2	3	2	0	0	0	0	0
GeneID1926	41	49	54	45	34	0	0	0	0	0	3	1	4	0	2	0	0	0	0	0
GeneID1927	55	39	49	40	49	0	0	0	0	0	3	0	3	2	1	0	0	0	0	0
GeneID1928	47	42	57	45	52	0	0	0	0	0	4	1	3	1	1	0	0	0	0	0
GeneID1929	54	53	47	39	60	0	0	0	0	0	2	1	0	5	3	0	0	0	0	0
GeneID1930	50	51	39	53	57	0	0	0	0	0	1	3	2	2	3	0	0	0	0	0
GeneID1931	46	54	38	58	46	0	0	0	0	0	1	4	3	1	3	0	0	0	0	0
GeneID1932	38	32	42	47	54	0	0	0	0	0	0	1	3	1	6	0	0	0	0	0
GeneID1933	51	38	48	62	61	0	0	0	0	0	2	3	1	2	2	0	0	0	0	0
GeneID1934	48	37	59	49	37	0	0	0	0	0	2	0	4	3	3	0	0	0	0	0
GeneID1935	56	47	46	41	59	0	0	0	0	0	0	3	1	1	2	0	0	0	0	0
GeneID1936	64	40	56	54	40	0	0	0	0	0	4	1	1	2	2	0	0	0	0	0
GeneID1937	60	55	52	45	50	0	0	0	0	0	0	6	2	1	1	0	0	0	0	0
GeneID1938	53	41	61	52	48	0	0	0	0	0	6	2	3	3	3	0	0	0	0	0
GeneID1939	58	42	43	46	48	0	0	0	0	0	0	2	4	0	4	0	0	0	0	0
GeneID1940	52	44	58	51	47	0	0	0	0	0	1	3	3	1	0	0	0	0	0	0
GeneID1941	47	59	44	49	44	0	0	0	0	0	2	2	3	1	1	0	0	0	0	0
GeneID1942	66	49	60	48	54	0	0	0	0	0	2	1	2	4	5	0	0	0	0	0
GeneID1943	40	46	53	45	55	0	0	0	0	0	4	4	2	3	2	0	0	0	0	0
GeneID1944	48	36	44	51	46	0	0	0	0	0	1	2	1	6	2	0	0	0	0	0
GeneID1945	47	43	52	45	49	0	0	0	0	0	3	2	3	1	0	0	0	0	0	0
GeneID1946	61	58	54	50	41	0	0	0	0	0	3	2	4	2	0	0	0	0	0	0
GeneID1947	60	45	51	41	48	0	0	0	0	0	2	3	1	2	2	0	0	0	0	0
GeneID1948	58	53	58	45	39	0	0	0	0	0	4	4	4	2	0	0	0	0	0	0
GeneID1949	45	45	47	49	37	0	0	0	0	0	2	2	5	2	2	0	0	0	0	0
GeneID1950	43	46	49	52	42	0	0	0	0	0	1	0	0	3	0	0	0	0	0	0
GeneID1951	48	49	48	41	46	0	0	0	0	0	2	1	1	0	1	0	0	0	0	0
GeneID1952	55	54	50	54	44	0	0	0	0	0	4	5	1	2	0	0	0	0	0	0
GeneID1953	41	82	41	55	45	0	0	0	0	0	3	0	2	0	3	0	0	0	0	0
GeneID1954	43	45	49	47	45	0	0	0	0	0	3	2	3	4	1	0	0	0	0	0
GeneID1955	39	46	50	42	52	0	0	0	0	0	0	2	1	7	1	0	0	0	0	0
GeneID1956	51	55	47	58	57	0	0	0	0	0	0	1	3	0	4	0	0	0	0	0
GeneID1957	60	42	67	67	61	0	0	0	0	0	1	4	2	1	0	0	0	0	0	0
GeneID1958	56	52	45	46	53	0	0	0	0	0	1	2	2	2	2	0	0	0	0	0
GeneID1959	62	55	63	43	57	0	0	0	0	0	4	3	1	1	1	0	0	0	0	0
GeneID1960	56	47	44	34	53	0	0	0	0	0	0	1	2	0	0	0	0	0	0	0
GeneID1961	53	51	30	45	44	0	0	0	0	0	2	0	5	3	1	0	0	0	0	0
GeneID1962	41	50	47	42	52	0	0	0	0	0	3	2	3	3	3	0	0	0	0	0
GeneID1963	61	50	47	46	64	0	0	0	0	0	3	0	2	7	2	0	0	0	0	0
GeneID1964	55	56	36	56	53	0	0	0	0	0	1	2	2	5	0	0	0	0	0	0
GeneID1965	53	54	46	39	43	0	0	0	0	0	2	1	2	3	0	0	0	0	0	0
GeneID1966	54	50	59	47	52	0	0	0	0	0	1	1	1	0	1	0	0	0	0	0
GeneID1967	44	53	51	55	53	0	0	0	0	0	0	3	2	1	0	0	0	0	0	0
GeneID1968	54	59	56	59	41	0	0	0	0	0	3	1	1	2	0	0	0	0	0	0
GeneID1969	53	49	49	55	43	0	0	0	0	0	5	2	2	3	3	0	0	0	0	0
GeneID1970	50	45	45	64	46	0	0	0	0	0	4	0	1	1	2	0	0	0	0	0
GeneID1971	50	64	43	45	63	0	0	0	0	0	3	3	4	3	2	0	0	0	0	0
GeneID1972	61	54	30	47	54	0	0	0	0	0	1	3	1	1	3	0	0	0	0	0
GeneID1973	49	52	48	52	55	0	0	0	0	0	1	0	1	1	4	0	0	0	0	0
GeneID1974	41	43	56	37	36	0	0	0	0	0	1	3	3	3	3	0	0	0	0	0
GeneID1975	38	45	54	57	50	0	0	0	0	0	4	1	1	0	3	0	0	0	0	0
GeneID1976	57	48	47	52	46	0	0	0	0	0	0	4	2	1	1	0	0	0	0	0
GeneID1977	48	39	51	41	42	0	0	0	0	0	2	1	1	5	4	0	0	0	0	0
GeneID1978	52	51	52	40	48	0	0	0	0	0	2	3	3	0	1	0	0	0	0	0
GeneID1979	59	54	51	53	63	0	0	0	0	0	3	2	3	4	1	0	0	0	0	0
GeneID1980	59	50	47	39	50	0	0	0	0	0	6	1	1	0	2	0	0	0	0	0
GeneID1981	45	55	58	45	48	0	0	0	0	0	1	1	1	3	1	0	0	0	0	0
GeneID1982	47	46	46	39	61	0	0	0	0	0	1	4	1	4	2	0	0	0	0	0
GeneID1983	55	40	45	49	35	0	0	0	0	0	4	1	2	5	2	0	0	0	0	0
GeneID1984	60	55	50	38	45	0	0	0	0	0	4	2	1	5	1	0	0	0	0	0
GeneID1985	48	39	64	44	58	0	0	0	0	0	1	1	1	3	1	0	0	0	0	0
GeneID1986	51	43	45	46	48	0	0	0	0	0	1	2	2	4	1	0	0	0	0	0
GeneID1987	39	42	53	49	44	0	0	0	0	0	0	2	2	3	1	0	0	0	0	0
GeneID1988	49	57	58	42	56	0	0	0	0	0	1	0	1	1	0	0	0	0	0	0
GeneID1989	40	47	51	46	43	0	0	0	0	0	1	0	3	1	4	0	0	0	0	0
GeneID1990	54	55	45	44	54	0	0	0	0	0	1	0	2	0	0	0	0	0	0	0
GeneID1991	52	61	46	55	45	0	0	0	0	0	0	3	1	2	2	0	0	0	0	0
GeneID1992	52	46	51	42	41	0	0	0	0	0	2	2	2	0	1	0	0	0	0	0
GeneID1993	43	54	47	53	52	0	0	0	0	0	1	1	1	5	3	0	0	0	0	0
GeneID1994	53	37	50	45	47	0	0	0	0	0	2	2	4	2	2	0	0	0	0	0
GeneID1995	44	51	67	47	69	0	0	0	0	0	1	2	1	0	1	0	0	0	0	0
GeneID1996	48	60	54	40	49	0	0	0	0	0	1	0	1	2	3	0	0	0	0	0
GeneID1997	51	50	39	45	46	0	0	0	0	0	2	3	1	1	4	0	0	0	0	0
GeneID1998	46	52	58	46	50	0	0	0	0	0	6	0	2	1	3	0	0	0	0	0
GeneID1999	44	56	48	65	43	0	0	0	0	0	1	3	2	1	0	0	0	0	0	0
GeneID2000	57	54	57	64	50	0	0	0	0	0	2	3	3	2	5	0	0	0	0	0
GeneID2001	5	6	3	3	10	2	7	7	4	4	2	4	6	7	2	6	4	3	4	6
GeneID2002	4	5	3	3	4	14	5	6	4	6	4	4	0	6	6	5	4	1	8	7
GeneID2003	3	9	5	3	3	5	4	4	6	7	5	8	10	5	10	9	3	6	3	3
GeneID2004	5	4	1	4	6	10	4	8	3	8	2	6	6	3	4	5	5	2	4	7
GeneID2005	2	1	6	3	2	5	4	9	5	6	7	3	7	2	2	3	5	6	8	7
GeneID2006	2	5	7	6	5	2	6	4	7	2	4	10	7	6	8	0	2	5	4	2
GeneID2007	3	3	3	8	6	0	13	6	8	5	3	4	6	6	6	5	4	9	7	5
GeneID2008	4	5	5	5	5	5	5	8	3	4	5	4	8	5	8	6	5	7	4	8
GeneID2009	7	4	9	6	6	2	2	5	6	6	2	7	2	6	7	3	7	5	5	1
GeneID2010	2	6	5	6	4	8	6	6	2	8	5	6	5	6	6	3	6	4	6	4
GeneID2011	2	5	3	3	5	7	10	2	4	4	1	4	8	4	8	4	6	4	6	6
GeneID2012	5	4	9	5	3	8	7	2	8	6	3	6	5	8	8	6	5	5	8	4
GeneID2013	9	6	7	6	4	3	2	2	4	7	3	6	6	2	5	5	7	6	6	7
GeneID2014	5	8	2	4	4	7	4	6	3	3	4	8	2	6	4	3	6	5	5	1
GeneID2015	1	8	5	4	3	4	5	4	4	6	3	8	4	2	3	3	2	2	9	10
GeneID2016	4	3	5	9	5	4	3	12	7	6	2	6	6	2	5	5	4	4	5	6
GeneID2017	6	3	5	4	6	4	4	6	6	6	4	3	7	5	2	6	4	5	5	2
GeneID2018	4	2	8	3	3	5	3	3	5	2	4	3	8	2	2	7	3	1	8	5
GeneID2019	2	4	10	3	7	3	1	1	2	8	4	7	3	8	5	7	3	4	6	3
GeneID2020	5	6	2	5	7	5	6	4	5	10	5	4	3	8	5	6	7	3	5	5
GeneID2021	6	4	5	4	6	3	4	9	5	3	7	8	6	2	4	6	5	6	8	8
GeneID2022	5	4	4	3	4	3	4	7	1	4	4	2	3	5	2	6	8	1	5	4
GeneID2023	5	4	7	4	11	3	6	2	6	7	10	8	7	6	3	3	6	6	6	6
GeneID2024	1	5	7	5	7	5	2	2	7	8	5	7	5	1	8	2	7	4	7	5
GeneID2025	1	7	6	6	4	5	8	7	10	4	9	6	7	8	4	3	5	6	6	6
GeneID2026	2	5	4	7	2	6	7	3	3	5	4	4	4	4	4	5	8	2	3	6
GeneID2027	9	7	6	8	1	6	3	5	8	7	3	7	10	3	7	8	3	4	5	4
GeneID2028	6	7	3	1	5	4	7	6	5	1	6	8	6	6	5	2	2	4	6	5
GeneID2029	7	6	5	7	5	8	3	4	4	5	4	1	4	3	6	4	7	6	3	10
GeneID2030	7	4	7	3	7	2	5	3	10	3	3	5	5	9	5	3	5	4	6	5
GeneID2031	12	5	3	2	8	5	7	6	12	9	0	6	3	9	2	7	6	8	10	2
GeneID2032	4	5	6	6	11	4	3	5	7	11	5	7	4	4	3	7	5	7	7	7
GeneID2033	5	3	2	8	10	3	6	6	7	2	6	9	3	6	5	3	3	6	6	4
GeneID2034	3	6	6	3	3	5	3	2	4	2	6	9	5	5	7	4	5	3	4	11
GeneID2035	11	5	3	6	6	5	3	5	5	9	6	12	6	3	7	4	6	4	8	5
GeneID2036	4	8	4	4	4	9	1	5	8	9	6	4	4	8	11	4	8	7	5	5
GeneID2037	1	7	2	4	6	6	4	6	6	9	5	8	5	6	3	5	3	4	6	8
GeneID2038	7	2	3	2	5	5	5	3	5	10	4	5	7	2	5	8	7	5	5	3
GeneID2039	4	7	6	4	2	3	6	4	7	4	6	8	6	7	5	3	3	8	6	7
GeneID2040	9	5	4	7	0	2	1	4	4	5	4	7	5	10	6	3	8	5	7	6
GeneID2041	6	9	6	9	13	4	4	4	8	6	3	4	5	5	6	4	2	2	4	2
GeneID2042	1	7	4	5	2	1	1	4	8	4	7	8	5	7	6	10	7	2	7	1
GeneID2043	6	6	3	3	9	5	2	4	6	4	6	2	8	4	10	4	2	10	5	5
GeneID2044	8	6	4	5	2	6	4	11	7	10	2	8	1	2	9	6	4	4	6	7
GeneID2045	5	5	5	5	5	3	4	2	7	3	5	9	3	1	8	9	6	4	9	4
GeneID2046	5	3	4	5	6	8	2	4	2	4	9	5	3	4	5	3	5	5	11	8
GeneID2047	5	5	6	2	4	5	8	7	4	4	9	2	2	4	12	5	10	3	7	6
GeneID2048	6	6	8	7	4	1	8	4	2	7	7	8	2	7	4	2	5	8	3	2
GeneID2049	8	1	2	7	9	5	6	5	5	3	4	5	4	4	5	5	4	0	7	9
GeneID2050	5	9	3	4	3	1	6	5	6	3	5	1	5	8	4	7	7	7	10	7
GeneID2051	8	6	8	3	8	6	1	5	6	6	3	8	6	4	5	5	5	3	5	5
GeneID2052	7	5	8	2	5	5	7	8	4	5	8	4	4	3	6	5	5	11	4	6
GeneID2053	5	2	14	9	5	5	6	4	5	3	1	2	7	9	3	6	5	4	11	11
GeneID2054	4	4	8	3	3	7	7	1	5	5	5	4	6	3	3	4	6	2	6	3
GeneID2055	6	4	2	10	8	4	5	3	7	8	0	8	7	3	3	2	3	4	5	5
GeneID2056	7	4	10	5	8	4	4	2	3	7	5	1	5	3	4	9	8	5	5	5
GeneID2057	5	4	4	4	4	3	4	3	4	6	5	6	8	5	2	3	7	5	5	5
GeneID2058	8	3	8	3	4	6	6	9	4	7	7	5	5	1	5	3	5	3	7	5
GeneID2059	7	4	7	4	5	3	8	3	2	3	7	8	3	6	1	10	4	3	4	6
GeneID2060	4	7	3	4	8	2	3	3	4	6	7	6	6	8	1	3	3	4	0	3
GeneID2061	7	10	5	5	6	7	7	6	3	3	3	3	7	6	5	5	2	3	7	6
GeneID2062	4	6	6	3	9	5	6	4	3	7	11	5	7	5	2	4	10	6	4	2
GeneID2063	5	1	3	2	5	3	7	8	5	4	6	7	3	4	7	4	3	5	6	4
GeneID2064	8	1	6	4	7	3	8	7	8	5	4	3	4	2	3	7	9	7	9	2
GeneID2065	6	5	6	10	10	7	3	3	4	8	4	6	3	6	6	0	3	5	1	6
GeneID2066	4	5	7	7	6	3	2	5	4	5	2	4	10	8	4	4	3	12	1	6
GeneID2067	3	5	6	5	8	11	4	7	9	6	7	3	6	4	10	6	4	7	4	5
GeneID2068	7	7	7	6	2	11	2	3	3	6	7	2	3	4	2	6	2	6	3	5
GeneID2069	5	6	6	7	11	3	5	6	3	6	5	6	7	4	3	3	6	2	8	3
GeneID2070	6	3	4	1	7	8	4	5	5	5	4	8	4	10	6	4	9	5	3	4
GeneID2071	2	5	5	9	3	3	2	5	6	4	4	4	1	5	2	3	3	6	5	3
GeneID2072	5	10	5	3	4	4	8	3	4	4	0	4	7	5	2	7	5	10	7	4
GeneID2073	10	4	9	7	7	3	4	5	5	8	4	6	4	8	4	9	4	4	6	6
GeneID2074	3	3	4	2	2	3	4	9	3	3	7	3	6	8	7	6	5	5	6	3
GeneID2075	4	5	7	6	5	7	4	5	2	2	4	1	5	9	6	2	4	7	7	2
GeneID2076	5	3	4	6	6	4	1	3	6	3	9	3	3	6	3	9	7	4	5	7
GeneID2077	6	4	1	6	4	5	5	6	5	1	4	5	8	3	7	3	6	7	6	5
GeneID2078	5	2	4	10	3	4	6	4	6	7	8	5	5	6	5	7	3	10	4	7
GeneID2079	6	3	7	6	3	4	5	4	5	8	3	2	3	2	3	4	5	2	9	8
GeneID2080	2	3	7	2	7	5	4	7	6	6	8	2	7	2	5	7	7	7	4	12
GeneID2081	8	6	8	4	3	10	4	6	6	4	6	3	6	3	6	5	6	4	8	6
GeneID2082	7	5	8	3	5	4	8	5	3	2	3	5	4	3	6	5	9	5	4	3
GeneID2083	1	1	6	5	6	4	2	0	1	6	7	8	2	2	6	1	1	5	4	5
GeneID2084	3	4	8	3	4	6	7	7	3	7	6	3	5	9	6	9	5	12	5	9
GeneID2085	5	2	5	2	5	5	6	1	5	4	1	7	5	8	1	4	4	5	8	10
GeneID2086	11	3	5	4	2	12	3	3	6	6	7	7	5	8	5	3	8	4	4	8
GeneID2087	3	5	7	5	7	8	6	5	7	4	6	4	7	3	5	9	3	6	5	4
GeneID2088	8	3	2	4	5	6	4	2	6	4	6	4	7	10	7	1	7	8	7	4
GeneID2089	6	6	3	4	6	5	6	8	7	9	7	4	4	4	4	6	8	9	7	9
GeneID2090	4	3	2	8	2	3	6	2	4	4	7	5	8	2	6	7	3	9	2	2
GeneID2091	7	7	2	5	7	3	5	6	9	5	7	7	3	5	4	5	3	3	5	13
GeneID2092	6	3	8	6	2	2	7	6	11	9	5	5	3	6	3	6	10	7	7	8
GeneID2093	5	5	7	7	7	5	3	2	5	7	5	7	3	6	7	3	3	8	7	3
GeneID2094	6	3	3	5	3	2	7	6	2	5	4	4	5	7	8	3	8	2	4	5
GeneID2095	4	7	7	3	6	4	13	4	7	3	4	6	4	5	6	8	3	0	5	4
GeneID2096	4	8	5	7	6	7	7	6	2	6	3	9	5	3	11	8	5	3	4	2
GeneID2097	3	6	9	5	5	4	4	3	3	3	3	6	8	2	5	4	4	7	2	2
GeneID2098	3	4	3	11	1	3	5	2	5	5	3	1	12	4	6	2	7	6	1	3
GeneID2099	4	6	8	9	5	7	9	4	4	6	4	7	2	2	7	5	6	7	2	6
GeneID2100	4	4	1	5	4	8	3	5	3	4	5	5	2	3	3	7	5	7	2	6
GeneID2101	7	1	6	6	8	4	5	8	6	7	8	6	6	6	4	10	3	4	2	3
GeneID2102	6	10	4	4	8	2	2	3	6	2	5	2	6	7	5	7	2	2	4	6
GeneID2103	4	2	6	5	7	4	1	6	6	6	6	4	3	5	2	8	4	6	2	6
GeneID2104	10	4	8	7	4	4	1	4	6	5	4	5	4	2	3	9	6	7	5	3
GeneID2105	1	6	2	0	8	7	4	8	3	4	3	6	5	6	6	11	4	6	5	7
GeneID2106	1	1	4	9	6	3	3	6	2	7	4	4	6	5	6	5	4	6	1	4
GeneID2107	8	3	5	5	6	5	8	3	7	1	7	8	6	4	4	7	11	5	2	4
GeneID2108	8	3	9	5	3	9	3	7	3	4	5	3	3	7	7	4	2	1	4	2
GeneID2109	5	7	5	8	1	7	6	4	8	3	3	8	3	5	1	7	4	5	5	3
GeneID2110	5	7	3	9	5	7	4	4	6	5	4	5	10	5	6	6	4	10	3	3
GeneID2111	3	0	9	3	10	7	4	4	5	2	2	3	4	4	9	10	6	8	4	1
GeneID2112	3	2	2	5	4	7	5	5	2	8	5	3	3	4	6	1	8	4	5	3
GeneID2113	2	4	4	6	1	5	6	4	8	5	6	6	4	5	2	5	4	4	5	1
GeneID2114	12	10	8	5	5	5	2	5	7	5	9	4	4	7	7	8	6	5	4	3
GeneID2115	8	8	6	4	6	3	7	8	10	4	4	3	2	3	6	5	5	2	4	8
GeneID2116	7	7	8	2	11	9	3	2	8	6	5	5	5	5	4	7	7	8	5	3
GeneID2117	1	4	4	11	5	4	8	11	1	2	4	10	2	5	7	6	10	4	7	8
GeneID2118	9	4	9	4	3	6	6	5	3	4	5	7	8	3	3	8	7	4	7	7
GeneID2119	5	3	3	8	5	8	5	10	1	5	6	4	0	2	5	2	6	3	5	3
GeneID2120	2	4	8	5	6	6	4	9	3	8	3	7	5	6	6	3	6	9	5	2
GeneID2121	4	4	0	5	8	5	1	7	6	5	1	7	6	1	4	2	5	6	3	6
GeneID2122	3	4	4	4	3	4	10	3	9	3	7	2	1	3	6	4	2	0	6	6
GeneID2123	6	6	7	4	3	2	6	5	5	0	5	2	6	7	5	6	8	4	8	2
GeneID2124	5	4	7	9	6	6	10	5	7	6	4	5	3	5	6	4	7	7	6	4
GeneID2125	7	2	9	7	8	3	4	3	2	5	4	4	9	3	2	4	5	4	5	8
GeneID2126	4	5	3	2	2	4	4	5	4	6	4	5	5	6	7	2	4	7	9	8
GeneID2127	3	4	4	1	4	9	10	8	5	5	3	4	9	4	6	7	6	9	9	6
GeneID2128	3	6	6	5	8	1	3	7	1	6	2	1	3	8	4	2	3	8	5	6
GeneID2129	3	3	7	7	6	6	3	4	9	4	5	5	6	3	7	5	3	1	3	8
GeneID2130	2	3	6	5	5	6	9	4	5	2	9	2	5	4	4	6	9	6	4	7
GeneID2131	6	3	5	1	6	6	9	4	6	6	7	4	3	8	4	2	5	6	5	4
GeneID2132	10	4	3	4	3	6	2	5	4	5	7	5	5	1	3	6	2	6	2	4
GeneID2133	2	11	3	4	6	7	5	9	5	5	4	6	2	8	5	8	4	7	4	4
GeneID2134	8	6	4	6	7	4	4	4	3	1	6	4	4	4	5	3	5	7	4	7
GeneID2135	4	8	6	9	3	2	8	10	2	4	9	3	2	8	4	7	3	5	7	4
GeneID2136	6	10	2	6	4	4	4	2	4	3	9	6	8	2	3	6	5	8	4	3
GeneID2137	7	7	6	4	5	2	6	5	8	8	4	3	6	8	6	7	4	3	3	3
GeneID2138	9	8	4	7	2	7	2	7	5	7	6	6	3	5	7	3	5	3	9	6
GeneID2139	5	10	3	2	3	7	9	1	2	5	3	4	6	3	6	3	9	4	3	5
GeneID2140	4	6	6	5	5	4	5	7	4	3	5	7	2	1	3	3	4	3	2	5
GeneID2141	8	7	5	1	4	2	6	5	6	2	5	3	4	10	4	8	4	6	5	7
GeneID2142	8	1	4	3	2	5	2	7	6	5	6	7	5	5	4	4	6	5	6	4
GeneID2143	2	8	9	3	2	4	9	6	5	5	7	3	1	8	3	8	8	4	3	3
GeneID2144	6	5	5	4	4	7	1	3	6	7	7	3	4	9	3	5	1	3	2	4
GeneID2145	2	7	6	2	3	8	11	4	9	4	8	4	5	5	6	6	2	3	6	5
GeneID2146	3	5	9	7	2	6	4	5	2	11	3	4	6	4	5	7	4	5	5	2
GeneID2147	4	5	3	4	9	2	4	4	6	4	1	3	4	7	10	8	5	3	2	5
GeneID2148	5	7	6	4	4	6	1	3	5	5	1	5	2	5	2	7	3	2	4	4
GeneID2149	6	3	2	1	4	7	4	5	3	4	0	4	2	3	3	6	3	1	5	5
GeneID2150	1	5	6	7	2	4	8	5	6	3	7	5	2	14	2	6	5	8	3	4
GeneID2151	6	5	9	10	4	7	4	5	4	0	3	4	4	1	6	7	3	8	7	4
GeneID2152	4	4	7	4	7	4	4	8	9	6	3	5	6	5	8	5	3	6	10	0
GeneID2153	4	3	8	7	6	6	6	3	6	8	6	5	6	2	5	5	6	4	3	9
GeneID2154	7	6	5	9	3	9	3	11	5	6	1	4	6	6	9	4	3	4	2	7
GeneID2155	6	5	2	5	8	5	3	2	6	7	11	2	6	3	4	3	6	7	11	7
GeneID2156	7	2	7	8	4	6	3	7	5	6	7	2	7	6	2	5	3	2	5	3
GeneID2157	7	8	5	10	4	3	4	5	4	5	10	5	3	6	7	1	2	5	3	7
GeneID2158	3	6	6	5	7	5	3	4	5	3	5	4	3	7	1	9	6	5	2	4
GeneID2159	7	7	5	4	7	7	7	5	7	1	12	9	5	10	3	3	7	3	7	5
GeneID2160	5	5	4	8	8	5	6	6	5	2	5	6	6	6	1	2	5	5	6	7
GeneID2161	5	1	5	9	7	5	6	4	2	4	4	9	5	5	4	2	6	7	1	5
GeneID2162	6	6	4	7	7	6	5	6	5	6	7	8	2	7	3	5	4	11	7	6
GeneID2163	7	2	1	4	6	7	5	6	6	5	4	10	5	1	3	4	2	8	2	1
GeneID2164	5	7	6	6	3	5	5	8	4	3	3	7	4	7	4	2	4	3	5	8
GeneID2165	5	12	3	8	5	4	4	7	4	3	4	7	5	4	6	5	9	6	1	8
GeneID2166	4	8	4	3	4	5	3	5	0	2	4	3	4	8	1	6	7	3	1	5
GeneID2167	4	3	7	6	6	3	8	5	5	4	3	8	6	5	3	7	7	8	7	8
GeneID2168	2	5	5	6	10	6	7	3	10	8	6	10	7	2	7	4	6	7	2	5
GeneID2169	3	5	7	2	4	3	7	6	6	6	6	6	6	8	3	7	4	6	6	4
GeneID2170	7	5	6	3	4	6	8	2	6	6	8	6	10	5	5	6	10	6	5	6
GeneID2171	6	2	5	7	8	8	7	11	7	4	8	6	6	10	8	4	8	4	10	4
GeneID2172	3	4	10	4	6	6	8	8	2	4	3	9	7	7	12	3	7	7	8	2
GeneID2173	3	3	7	2	7	2	4	7	3	3	5	5	7	3	5	2	1	4	1	5
GeneID2174	3	4	3	5	7	6	4	5	6	6	2	9	1	1	4	3	4	2	6	3
GeneID2175	6	6	3	8	3	8	4	3	5	5	4	2	9	4	5	5	8	7	7	4
GeneID2176	7	4	5	10	5	4	6	9	7	3	5	3	2	5	5	8	6	4	7	3
GeneID2177	5	4	6	1	4	7	3	5	6	1	5	5	11	4	4	6	4	4	6	7
GeneID2178	8	5	4	8	3	7	2	9	7	4	1	4	1	4	5	3	5	3	8	4
GeneID2179	8	3	7	8	6	8	6	6	3	10	1	7	6	3	8	7	9	9	8	6
GeneID2180	7	8	6	3	8	6	7	5	3	4	3	6	7	6	10	5	3	4	2	4
GeneID2181	5	5	3	3	4	6	4	10	4	6	5	6	5	6	7	2	5	5	5	7
GeneID2182	8	2	6	4	4	2	2	4	5	5	2	5	4	5	2	3	7	5	9	7
GeneID2183	7	5	8	7	6	6	2	7	4	3	5	3	5	9	5	6	6	4	5	8
GeneID2184	4	8	5	4	6	2	7	8	8	4	3	7	4	4	3	4	2	6	7	5
GeneID2185	4	4	4	6	5	6	4	8	8	6	7	3	4	6	4	7	3	3	3	4
GeneID2186	4	4	2	8	5	1	6	4	6	5	10	7	6	8	5	4	2	5	10	6
GeneID2187	6	4	9	9	9	4	6	8	2	3	6	5	6	4	6	5	4	3	3	7
GeneID2188	3	3	6	1	4	7	6	3	5	7	3	5	5	4	9	7	5	5	3	4
GeneID2189	5	6	5	10	7	5	4	4	7	9	5	4	3	7	6	4	1	5	3	8
GeneID2190	4	2	5	7	4	6	5	6	8	6	7	4	10	4	4	5	1	5	3	7
GeneID2191	4	2	1	2	2	3	4	1	8	3	5	4	6	8	5	7	3	7	9	5
GeneID2192	1	3	5	4	5	6	5	4	4	5	6	5	4	3	4	6	4	5	6	10
GeneID2193	4	6	8	2	5	3	5	4	3	7	3	5	2	7	5	1	7	5	2	3
GeneID2194	5	5	7	4	8	3	8	3	5	5	9	2	3	4	7	6	9	5	0	6
GeneID2195	3	7	9	2	7	7	2	9	7	6	5	1	4	3	3	7	4	2	4	1
GeneID2196	2	9	8	6	2	6	6	2	6	5	2	5	6	3	6	6	10	7	3	1
GeneID2197	2	5	9	4	7	5	6	5	1	4	1	4	8	6	3	8	5	7	3	3
GeneID2198	6	5	6	5	9	5	5	3	7	11	6	5	9	5	10	1	2	4	4	7
GeneID2199	10	2	8	3	5	4	3	3	2	10	6	5	2	6	11	6	3	4	5	3
GeneID2200	7	2	5	9	7	10	3	1	3	3	6	2	6	4	7	5	2	3	2	4
GeneID2201	11	4	7	5	5	5	2	1	4	4	4	10	2	4	4	5	5	8	7	3
GeneID2202	2	2	7	3	6	7	8	5	6	6	5	5	6	6	4	2	0	6	4	1
GeneID2203	4	8	10	9	3	5	3	3	6	5	6	6	6	9	3	5	4	5	3	2
GeneID2204	5	8	5	4	6	7	5	7	6	8	3	3	3	3	8	5	5	5	4	6
GeneID2205	4	8	4	6	7	7	3	3	6	5	5	2	6	5	6	0	4	3	6	6
GeneID2206	4	9	5	4	4	2	9	5	2	9	1	5	4	7	4	8	6	8	2	9
GeneID2207	4	4	5	7	4	4	2	6	4	4	3	3	8	9	5	9	0	3	1	1
GeneID2208	4	5	8	5	8	6	7	4	9	7	2	3	3	8	4	4	1	7	5	9
GeneID2209	3	6	6	11	5	4	6	8	6	5	2	7	8	5	2	4	3	7	11	5
GeneID2210	4	4	4	9	7	6	6	10	7	8	8	8	6	10	5	5	4	5	2	4
GeneID2211	10	5	4	4	8	4	3	3	7	3	8	8	6	4	4	8	3	7	6	7
GeneID2212	2	5	6	5	6	10	6	6	7	6	2	5	2	6	5	8	9	1	5	2
GeneID2213	2	7	7	2	4	10	5	2	5	5	5	4	3	6	3	9	7	4	4	4
GeneID2214	5	2	5	3	7	4	4	4	8	5	5	5	4	1	4	7	5	8	1	5
GeneID2215	5	4	5	4	8	4	4	3	4	2	3	7	1	8	7	3	6	5	2	12
GeneID2216	4	8	4	2	3	7	7	4	6	5	5	6	9	7	5	5	5	7	6	3
GeneID2217	1	6	4	2	4	2	5	2	3	7	3	6	3	7	6	1	2	2	4	5
GeneID2218	8	11	4	5	4	4	7	1	6	8	9	3	4	5	2	10	6	4	6	8
GeneID2219	6	4	4	5	6	2	14	5	6	5	6	5	8	7	5	2	3	9	7	4
GeneID2220	8	5	2	4	7	4	7	4	5	9	7	2	4	4	5	2	4	4	10	1
GeneID2221	4	5	3	4	6	6	9	5	6	7	5	7	4	2	6	6	3	2	2	3
GeneID2222	3	3	6	4	4	5	3	3	7	4	7	6	5	5	3	1	6	5	3	8
GeneID2223	5	6	3	2	6	7	4	3	8	2	5	5	7	3	7	6	7	5	6	5
GeneID2224	5	6	2	1	5	3	6	3	3	2	6	5	4	12	6	7	3	4	5	1
GeneID2225	5	7	1	5	4	2	4	5	8	3	4	4	6	2	3	6	3	6	9	7
GeneID2226	4	2	3	1	4	6	5	4	4	5	5	6	7	4	6	4	2	10	3	2
GeneID2227	6	4	4	4	7	2	5	8	4	9	0	2	1	6	6	5	7	3	4	4
GeneID2228	6	8	6	6	3	5	3	4	3	8	9	5	6	5	7	7	12	3	9	4
GeneID2229	6	5	3	3	7	1	5	5	5	9	5	2	4	1	2	8	4	3	3	5
GeneID2230	4	2	4	7	3	4	2	5	4	3	5	7	3	7	7	6	4	5	5	1
GeneID2231	5	7	3	9	5	5	4	8	4	4	8	6	5	2	4	4	4	2	5	11
GeneID2232	3	2	5	8	2	4	4	7	5	6	5	6	3	5	5	7	8	9	7	7
GeneID2233	6	2	8	5	7	2	4	4	3	5	3	4	8	5	3	5	4	5	7	4
GeneID2234	5	5	3	2	7	6	2	5	6	4	9	4	2	5	5	6	5	8	6	4
GeneID2235	3	9	5	11	3	9	2	7	6	6	4	5	7	5	8	7	4	5	3	2
GeneID2236	8	3	12	1	4	5	5	6	11	3	4	7	7	6	6	1	3	6	1	6
GeneID2237	7	4	2	4	2	5	7	7	5	6	4	1	5	1	3	5	3	7	5	11
GeneID2238	5	8	5	6	6	4	4	5	5	8	3	1	3	4	8	5	1	7	4	6
GeneID2239	3	4	6	4	3	8	4	4	11	3	9	8	7	6	8	2	3	1	4	3
GeneID2240	3	2	6	4	5	12	8	6	7	5	1	4	5	6	7	10	6	5	3	5
GeneID2241	8	4	4	10	5	5	8	4	11	7	7	5	7	5	4	10	5	3	3	6
GeneID2242	4	4	6	8	3	9	5	3	5	4	3	4	10	6	4	5	5	8	6	4
GeneID2243	3	5	5	2	5	3	3	6	7	7	6	6	8	1	3	4	4	7	3	4
GeneID2244	1	5	2	7	6	3	4	7	4	3	4	4	6	6	4	4	3	11	5	10
GeneID2245	1	6	4	12	5	1	5	5	6	10	3	6	1	4	7	7	4	6	4	3
GeneID2246	2	7	3	4	8	4	5	5	2	4	6	1	10	7	7	3	4	1	3	6
GeneID2247	9	6	6	3	8	2	4	7	6	3	6	10	8	5	7	10	3	3	6	5
GeneID2248	5	6	5	6	6	10	4	8	7	3	3	8	10	4	3	6	1	5	3	4
GeneID2249	2	5	2	5	6	4	4	2	6	6	7	5	7	8	4	2	5	4	8	9
GeneID2250	1	6	2	4	5	6	10	8	5	6	8	4	5	4	7	5	3	5	5	4
GeneID2251	5	2	8	6	4	6	4	5	5	7	4	3	3	8	9	4	9	2	7	6
GeneID2252	7	4	3	4	4	3	4	5	5	8	9	10	4	11	2	7	2	11	8	3
GeneID2253	7	9	2	2	5	5	5	4	4	7	1	6	7	5	5	5	6	3	4	8
GeneID2254	3	2	8	2	3	8	6	5	4	7	5	4	4	4	12	3	9	4	4	8
GeneID2255	8	5	6	5	9	2	6	9	1	6	5	2	4	4	4	5	4	2	7	6
GeneID2256	5	5	7	6	2	5	8	5	2	4	4	7	6	7	8	2	1	6	5	2
GeneID2257	4	2	5	5	9	7	8	12	4	3	2	3	3	6	3	4	4	2	2	4
GeneID2258	5	5	6	8	12	5	5	3	4	1	6	5	3	8	6	1	3	6	4	5
GeneID2259	6	8	2	4	1	5	1	5	3	5	9	5	5	6	5	5	8	3	4	7
GeneID2260	1	5	4	11	2	3	5	3	2	6	3	4	4	4	1	7	6	10	2	2
GeneID2261	6	7	4	4	1	6	9	9	6	5	10	7	7	11	10	3	6	3	13	4
GeneID2262	7	3	8	5	7	5	7	6	8	0	3	2	5	2	7	3	3	3	4	5
GeneID2263	6	6	4	3	2	5	6	1	4	8	6	3	5	2	5	1	3	6	6	5
GeneID2264	5	4	4	3	3	4	11	5	4	5	5	7	0	3	3	4	3	3	2	3
GeneID2265	3	5	7	4	4	7	8	1	5	5	4	3	6	5	5	6	3	3	3	5
GeneID2266	5	5	6	6	4	3	10	1	4	6	4	8	8	8	7	1	10	5	4	1
GeneID2267	4	0	4	4	2	7	5	3	0	5	6	7	5	5	4	9	10	4	5	5
GeneID2268	6	3	6	4	7	11	10	6	3	4	8	3	5	4	6	5	4	8	5	1
GeneID2269	2	4	5	5	5	5	5	5	1	6	3	7	5	6	2	1	4	5	1	5
GeneID2270	7	5	3	6	6	7	1	7	6	5	5	2	7	3	5	6	8	6	9	4
GeneID2271	6	4	8	7	5	4	8	2	4	1	7	6	7	4	5	7	9	5	4	7
GeneID2272	10	4	5	2	5	1	8	4	10	2	6	3	8	4	4	4	5	8	4	2
GeneID2273	5	3	4	5	5	10	6	4	4	12	4	6	7	6	6	3	5	3	3	8
GeneID2274	7	6	6	2	3	5	8	2	3	5	8	7	4	6	7	4	7	3	5	6
GeneID2275	7	5	6	2	3	4	3	4	6	6	5	6	3	6	3	5	7	3	3	7
GeneID2276	9	4	5	6	5	6	3	8	7	6	4	3	2	7	4	3	3	5	5	1
GeneID2277	4	2	2	7	12	10	4	13	6	9	3	4	2	2	4	10	5	6	6	7
GeneID2278	5	1	4	5	7	3	4	7	4	4	6	8	2	5	4	1	9	2	7	4
GeneID2279	5	6	5	6	2	3	5	5	4	7	2	4	6	2	10	7	5	7	4	3
GeneID2280	2	3	4	8	3	5	8	3	2	3	7	2	6	8	3	8	4	3	4	3
GeneID2281	3	8	4	4	4	3	7	5	5	7	4	7	4	8	8	3	4	5	6	8
GeneID2282	6	9	4	6	3	4	6	7	4	6	6	8	5	8	3	5	5	7	5	8
GeneID2283	8	3	6	3	6	6	0	5	4	4	5	5	6	8	2	2	3	7	6	6
GeneID2284	3	4	5	6	4	4	6	4	3	3	5	6	6	2	6	3	5	10	7	4
GeneID2285	10	5	2	6	4	3	3	11	8	6	5	4	6	6	7	6	5	5	9	1
GeneID2286	3	7	5	4	4	6	3	6	4	5	4	7	8	2	1	4	9	6	4	3
GeneID2287	2	8	4	5	2	6	5	2	4	7	2	3	4	4	4	2	3	4	7	6
GeneID2288	4	3	5	7	2	3	5	3	5	11	4	3	6	8	8	6	3	6	5	5
GeneID2289	2	9	4	5	5	2	5	9	3	4	7	6	5	4	5	7	2	6	6	4
GeneID2290	1	7	11	7	5	4	6	7	6	2	7	7	4	5	3	3	3	2	1	5
GeneID2291	3	9	3	5	8	2	6	3	6	4	2	9	7	8	8	8	5	4	8	9
GeneID2292	6	6	4	3	7	1	3	3	7	4	7	2	4	2	5	3	2	3	3	2
GeneID2293	4	11	6	5	7	6	4	3	2	8	6	4	3	3	3	4	1	5	5	10
GeneID2294	7	4	7	2	5	6	4	4	8	8	3	4	10	10	1	4	6	7	5	5
GeneID2295	4	6	2	3	4	6	10	5	7	8	5	6	5	2	3	4	2	9	5	6
GeneID2296	8	2	4	6	5	6	3	4	4	5	6	6	6	6	2	2	7	6	3	2
GeneID2297	9	4	3	6	5	9	4	2	3	3	7	2	5	4	4	3	4	5	6	6
GeneID2298	6	8	6	4	8	4	8	3	8	2	1	3	6	9	3	4	3	7	5	5
GeneID2299	8	9	1	6	9	11	5	3	3	8	10	4	5	3	9	3	5	3	10	9
GeneID2300	5	5	4	7	3	5	2	6	2	6	9	5	5	9	3	8	6	3	3	0
GeneID2301	6	6	3	6	3	9	3	8	1	6	8	5	8	8	1	6	5	9	2	6
GeneID2302	4	5	4	6	5	4	6	2	9	10	5	4	4	3	10	9	3	6	6	8
GeneID2303	7	4	4	3	8	3	5	2	2	8	3	1	3	5	4	5	2	1	3	5
GeneID2304	4	6	3	5	6	3	7	4	4	3	5	9	6	5	4	5	3	9	3	5
GeneID2305	4	3	2	4	7	8	2	6	7	6	6	3	1	9	5	8	7	6	10	6
GeneID2306	4	6	5	8	5	9	4	2	6	9	5	5	3	7	6	10	5	5	1	4
GeneID2307	4	7	5	5	6	6	8	7	4	6	4	7	9	4	2	2	2	5	4	3
GeneID2308	4	3	4	3	6	0	6	7	4	8	4	2	4	7	2	3	6	7	5	2
GeneID2309	4	6	2	3	5	7	10	7	6	2	5	4	8	4	4	9	6	7	2	3
GeneID2310	5	5	7	3	4	6	4	5	5	8	11	6	7	6	3	6	5	5	3	2
GeneID2311	5	8	1	7	4	8	5	4	3	3	4	4	7	10	4	7	6	5	2	2
GeneID2312	4	7	3	7	4	2	2	4	3	4	5	7	4	7	2	3	8	2	4	3
GeneID2313	1	5	9	5	8	6	5	4	1	3	2	2	3	3	3	7	6	4	4	6
GeneID2314	4	10	10	5	4	11	6	6	2	5	2	2	6	8	3	5	5	8	8	2
GeneID2315	5	5	5	6	10	1	8	7	3	4	7	14	4	7	4	3	6	4	8	5
GeneID2316	7	3	4	6	4	2	4	12	7	5	5	1	3	4	3	4	2	5	4	4
GeneID2317	9	4	6	2	6	3	3	1	11	5	6	6	7	5	3	2	7	6	6	2
GeneID2318	5	6	2	7	10	11	6	7	6	3	3	3	5	5	7	5	5	6	7	8
GeneID2319	4	4	9	6	6	6	3	5	8	9	6	7	5	2	9	8	6	10	2	3
GeneID2320	6	3	7	4	3	11	2	6	5	3	5	3	4	4	3	4	2	5	6	7
GeneID2321	6	4	3	3	4	3	8	4	1	6	5	8	1	5	4	4	3	5	2	6
GeneID2322	5	2	5	7	4	4	5	5	5	3	4	4	9	7	9	4	5	7	5	8
GeneID2323	3	2	4	1	5	8	3	8	4	6	5	2	0	8	6	9	4	2	5	2
GeneID2324	8	7	6	9	8	1	2	3	3	3	4	1	2	4	4	7	5	7	4	9
GeneID2325	6	4	4	8	1	3	3	5	4	2	7	4	4	4	8	7	4	2	4	6
GeneID2326	1	3	4	4	6	4	5	5	0	2	4	8	5	6	6	5	5	5	6	8
GeneID2327	5	6	3	4	4	6	4	2	4	5	7	8	3	3	3	6	4	7	4	5
GeneID2328	6	5	7	8	3	7	10	4	5	6	7	4	3	6	4	5	4	4	7	8
GeneID2329	4	4	4	6	6	10	3	2	4	8	5	4	7	3	5	6	4	5	8	4
GeneID2330	7	6	5	7	3	7	7	1	2	3	9	4	4	7	1	2	5	6	3	4
GeneID2331	6	8	3	4	7	2	3	7	4	9	4	7	8	3	1	9	7	4	1	1
GeneID2332	13	4	6	4	6	4	6	5	13	8	10	3	8	7	6	1	3	8	5	7
GeneID2333	7	6	5	3	4	5	6	4	2	6	3	9	4	5	11	3	3	2	6	0
GeneID2334	6	4	2	6	5	3	5	5	3	6	4	6	5	6	7	4	9	5	0	5
GeneID2335	7	4	2	6	4	1	6	5	6	9	3	7	7	9	9	8	9	6	4	7
GeneID2336	4	6	5	9	4	4	2	7	5	4	6	3	11	5	0	5	8	7	7	6
GeneID2337	1	4	11	8	1	7	3	6	8	2	8	5	5	4	4	7	7	10	5	7
GeneID2338	6	3	3	4	4	2	8	8	7	6	6	7	7	5	2	4	5	6	7	5
GeneID2339	7	4	8	5	7	3	4	4	5	3	4	6	2	4	4	4	6	9	5	3
GeneID2340	3	5	1	11	6	7	5	4	0	4	6	3	5	5	7	5	5	8	3	4
GeneID2341	6	9	10	7	2	4	5	6	7	8	6	7	5	5	2	6	2	1	6	8
GeneID2342	6	4	1	3	6	6	3	4	4	4	6	6	1	10	4	5	2	4	1	3
GeneID2343	4	5	4	1	4	5	6	3	1	3	6	3	7	6	3	6	3	3	3	7
GeneID2344	7	8	4	7	6	5	7	5	4	1	4	7	3	6	4	3	10	5	2	3
GeneID2345	1	6	2	4	5	7	5	6	4	4	4	5	3	3	2	4	2	3	5	7
GeneID2346	7	6	6	8	6	8	7	5	3	5	6	9	2	5	5	3	5	6	11	5
GeneID2347	7	4	5	7	7	3	4	5	3	5	5	6	7	3	8	6	9	6	5	7
GeneID2348	3	5	4	7	5	3	7	3	7	2	7	4	6	10	6	2	8	9	4	3
GeneID2349	10	3	14	7	0	2	3	6	3	4	4	7	3	7	2	7	8	6	6	3
GeneID2350	5	3	6	5	6	3	4	4	6	12	5	5	2	4	7	4	0	7	5	4
GeneID2351	4	5	5	3	4	7	5	1	3	6	2	4	4	4	7	6	7	4	6	4
GeneID2352	3	5	8	1	7	2	5	3	6	4	1	4	2	5	2	4	8	5	9	2
GeneID2353	6	3	7	1	3	2	2	4	5	8	5	2	5	7	6	3	7	4	6	6
GeneID2354	4	10	8	5	3	8	8	10	2	14	4	2	3	6	3	5	3	7	11	6
GeneID2355	3	6	4	7	9	3	8	6	6	5	11	2	3	0	3	6	2	5	3	4
GeneID2356	2	6	8	6	5	4	8	3	4	7	4	6	5	7	6	3	2	5	9	6
GeneID2357	4	3	9	3	7	8	10	3	2	4	8	8	6	4	3	7	5	5	3	4
GeneID2358	5	1	8	8	4	4	5	7	3	3	4	3	7	5	7	5	4	5	1	1
GeneID2359	3	8	6	6	7	4	5	3	3	10	7	3	4	6	5	6	6	3	6	2
GeneID2360	2	2	4	3	5	4	2	4	3	3	3	4	3	3	7	4	3	5	6	5
GeneID2361	5	6	6	4	4	3	6	4	3	2	5	4	3	1	9	6	7	3	5	2
GeneID2362	2	4	4	0	2	5	5	5	5	4	7	4	8	2	12	4	8	6	6	4
GeneID2363	8	4	4	9	5	5	8	2	3	8	1	6	6	6	4	2	7	4	6	8
GeneID2364	3	4	1	8	4	7	7	8	5	4	5	3	4	8	5	5	7	5	5	3
GeneID2365	1	6	12	4	6	5	7	3	4	5	2	2	4	8	4	7	5	4	3	3
GeneID2366	5	5	6	5	4	4	9	7	4	3	3	7	6	3	8	4	8	8	5	4
GeneID2367	3	7	6	8	6	3	6	5	6	6	0	5	6	5	1	8	5	6	3	9
GeneID2368	3	5	3	2	5	2	2	5	7	7	3	3	7	8	5	1	6	10	3	4
GeneID2369	5	4	5	2	8	4	1	5	6	7	6	4	4	8	7	5	6	5	1	7
GeneID2370	5	3	9	4	7	4	4	5	7	3	7	5	5	2	4	6	4	7	4	4
GeneID2371	4	5	4	3	3	3	2	6	8	8	5	5	2	3	4	7	4	2	5	5
GeneID2372	3	5	9	6	6	1	4	5	2	8	3	3	5	5	5	5	7	6	4	4
GeneID2373	4	6	6	5	7	5	3	9	4	5	4	5	9	2	1	6	5	6	7	2
GeneID2374	4	1	8	6	7	3	5	3	5	8	3	2	6	3	8	5	5	4	6	5
GeneID2375	7	3	5	8	10	4	8	3	6	8	4	7	4	4	6	2	9	5	6	5
GeneID2376	8	3	4	7	4	2	5	5	2	6	4	9	4	10	6	1	6	10	9	10
GeneID2377	7	6	7	3	4	5	6	2	8	5	1	3	6	2	2	10	7	6	8	6
GeneID2378	3	3	5	6	12	3	6	4	8	6	5	3	5	6	6	5	6	12	6	6
GeneID2379	5	2	5	4	4	4	11	3	6	6	6	7	5	5	9	5	5	1	6	3
GeneID2380	5	7	4	5	1	5	3	5	8	4	1	3	10	5	4	6	1	7	8	3
GeneID2381	6	5	10	4	7	6	4	6	4	7	5	5	9	2	5	8	3	4	10	9
GeneID2382	7	6	5	5	4	9	6	3	4	7	5	3	5	6	3	5	8	8	6	7
GeneID2383	0	8	1	7	4	7	7	11	5	4	4	5	6	4	3	3	4	5	5	9
GeneID2384	6	6	1	5	3	5	7	4	3	6	5	8	7	5	8	7	6	9	3	2
GeneID2385	2	3	4	6	7	3	3	4	6	9	11	6	4	2	6	5	4	6	4	5
GeneID2386	2	4	4	4	5	5	5	6	6	4	6	4	6	4	5	2	3	5	6	10
GeneID2387	3	6	5	5	6	6	1	7	3	11	2	4	5	3	8	8	0	2	4	5
GeneID2388	5	4	7	9	6	10	4	5	4	7	5	6	4	6	3	9	5	5	5	9
GeneID2389	3	7	8	7	3	6	5	6	3	9	4	7	4	4	6	3	5	2	2	1
GeneID2390	4	7	6	2	2	8	4	3	1	4	8	11	4	8	7	3	4	9	1	1
GeneID2391	4	3	4	3	5	11	5	4	6	9	4	3	5	4	4	5	6	5	5	3
GeneID2392	2	6	6	4	4	4	9	3	10	5	7	5	6	5	8	4	7	8	2	5
GeneID2393	5	7	2	6	6	4	3	3	6	3	3	9	7	8	3	4	4	5	11	2
GeneID2394	1	2	4	7	4	6	4	5	4	5	3	5	5	6	6	10	3	3	4	6
GeneID2395	1	8	6	7	4	4	5	4	6	7	8	5	4	8	8	6	7	2	5	6
GeneID2396	4	3	4	3	2	2	5	4	5	4	4	7	5	9	4	5	3	4	1	2
GeneID2397	11	4	3	4	4	5	4	1	5	5	6	5	3	3	7	11	5	5	7	1
GeneID2398	4	4	5	3	5	4	2	2	7	7	6	8	2	2	3	4	7	5	4	5
GeneID2399	6	1	5	2	6	4	4	3	6	9	8	7	8	6	5	5	4	6	4	2
GeneID2400	7	3	4	3	6	0	4	4	8	8	5	6	5	5	4	4	10	4	7	7
GeneID2401	5	3	3	8	5	5	4	4	5	3	8	2	11	2	6	6	9	11	5	7
GeneID2402	10	5	4	6	8	8	6	3	6	3	5	7	4	2	4	3	1	8	4	2
GeneID2403	7	5	2	5	5	6	3	5	5	5	7	3	10	2	6	6	3	8	4	3
GeneID2404	4	5	2	5	4	6	7	5	3	6	6	4	2	5	5	4	5	4	1	4
GeneID2405	4	3	3	7	4	3	7	5	6	3	1	3	5	5	4	3	7	5	3	5
GeneID2406	3	2	5	4	6	5	4	5	5	6	5	7	2	3	3	6	1	5	9	4
GeneID2407	2	7	7	4	4	7	5	5	7	2	7	1	3	3	5	6	5	3	6	5
GeneID2408	5	11	5	3	4	4	11	2	5	5	4	4	9	5	4	6	8	4	5	7
GeneID2409	3	6	4	4	6	4	4	8	4	3	3	8	6	7	9	11	5	2	3	5
GeneID2410	3	7	2	7	6	6	6	4	4	4	5	2	1	2	6	2	4	5	4	9
GeneID2411	3	3	6	5	6	2	5	4	5	3	5	6	2	11	6	7	8	3	3	11
GeneID2412	6	5	7	5	3	3	4	4	11	2	3	4	2	7	6	3	5	5	3	5
GeneID2413	7	0	3	7	7	5	5	6	5	1	2	7	4	6	2	8	5	4	9	3
GeneID2414	6	4	6	7	5	1	3	4	4	7	7	2	8	5	6	7	6	1	5	6
GeneID2415	5	6	5	3	2	3	1	6	4	10	5	6	8	5	6	5	3	3	7	5
GeneID2416	6	5	7	7	5	5	6	2	2	8	3	3	8	2	3	3	5	5	2	2
GeneID2417	4	4	3	7	5	9	3	6	3	3	4	4	3	7	5	6	2	6	3	4
GeneID2418	6	3	5	4	6	9	4	4	4	10	4	3	1	4	8	7	6	2	2	2
GeneID2419	2	2	5	5	6	4	7	5	5	5	5	8	5	4	5	6	6	6	4	1
GeneID2420	6	4	7	6	5	8	3	6	3	8	3	4	2	6	5	2	3	6	8	5
GeneID2421	7	4	7	5	5	7	4	7	3	5	6	5	3	5	5	8	4	5	2	9
GeneID2422	6	3	6	3	3	5	1	4	5	4	7	7	1	7	7	3	3	8	5	8
GeneID2423	10	7	8	6	3	9	4	7	3	6	6	6	5	8	2	4	6	7	7	6
GeneID2424	3	13	4	2	1	3	2	8	7	4	4	6	4	9	3	3	3	5	5	6
GeneID2425	4	4	2	5	3	6	9	8	5	5	3	7	7	4	8	6	6	3	5	7
GeneID2426	8	4	7	4	6	4	5	7	12	5	0	5	3	5	5	2	5	6	3	3
GeneID2427	6	9	6	3	7	4	5	6	3	8	5	6	5	1	5	5	5	2	3	6
GeneID2428	3	6	3	5	6	4	4	5	5	4	2	6	3	3	2	3	7	6	3	7
GeneID2429	4	5	3	5	6	4	9	4	3	2	7	13	4	5	4	6	6	5	5	8
GeneID2430	5	9	4	7	2	2	2	5	6	7	11	1	1	3	4	4	3	6	3	3
GeneID2431	3	3	6	9	7	3	2	6	9	5	8	2	5	5	3	6	4	5	4	4
GeneID2432	5	9	4	1	2	4	9	3	1	5	5	3	2	5	7	7	3	5	2	4
GeneID2433	7	6	9	2	8	3	3	4	4	5	3	6	5	5	3	6	6	5	0	6
GeneID2434	6	3	7	7	9	3	3	7	7	4	1	9	2	4	1	8	1	5	5	3
GeneID2435	3	7	8	5	0	6	4	2	6	5	10	4	3	3	11	4	5	4	5	2
GeneID2436	5	2	7	5	7	5	4	1	6	4	4	8	10	4	4	6	2	5	4	5
GeneID2437	4	9	3	8	6	2	5	4	7	8	8	4	4	2	4	7	8	5	2	3
GeneID2438	6	6	6	4	3	7	3	7	3	4	6	7	5	6	1	5	4	5	7	3
GeneID2439	4	5	7	9	8	6	7	1	6	7	9	2	2	4	5	3	5	9	5	6
GeneID2440	1	7	4	9	1	4	7	8	3	8	7	6	7	4	8	3	7	5	6	6
GeneID2441	1	8	3	4	6	4	8	4	5	6	6	5	10	5	4	7	3	2	8	8
GeneID2442	6	8	9	2	11	6	3	11	6	5	6	9	3	6	5	4	4	5	4	5
GeneID2443	11	6	4	8	7	6	5	7	5	5	6	5	3	8	5	3	5	2	5	7
GeneID2444	6	2	4	5	7	6	12	5	6	5	9	3	4	4	8	6	4	2	4	5
GeneID2445	9	3	4	5	4	6	4	4	2	2	3	4	4	7	8	2	4	5	2	7
GeneID2446	2	3	4	4	7	4	7	6	3	4	4	4	5	2	8	2	8	5	6	1
GeneID2447	5	4	6	5	10	12	6	5	2	8	10	7	4	8	8	5	4	3	5	4
GeneID2448	6	6	9	5	4	3	5	3	3	4	7	5	6	7	5	5	3	3	3	5
GeneID2449	2	3	2	6	3	6	3	7	6	10	13	4	8	3	4	4	5	4	3	4
GeneID2450	6	5	2	9	4	1	5	1	7	7	3	3	7	5	3	5	2	5	5	4
GeneID2451	4	5	3	6	7	5	10	3	5	4	5	6	4	8	8	4	6	4	5	3
GeneID2452	3	6	4	10	4	7	8	3	4	5	6	3	3	9	5	2	4	6	6	5
GeneID2453	6	4	9	4	6	7	6	6	3	3	4	4	4	5	10	4	7	3	5	4
GeneID2454	7	5	5	5	6	4	3	4	8	4	5	3	5	5	8	7	2	8	4	1
GeneID2455	6	6	5	4	7	9	5	6	2	10	6	5	4	4	4	5	7	7	4	6
GeneID2456	2	4	7	7	3	5	5	7	7	0	4	7	3	4	3	6	5	3	5	2
GeneID2457	5	4	11	3	10	4	6	0	6	4	6	2	7	3	4	2	5	5	0	6
GeneID2458	5	4	9	6	4	3	6	3	6	8	6	5	4	7	3	9	5	3	5	7
GeneID2459	6	8	8	2	1	3	10	6	9	9	4	4	7	8	2	6	8	1	1	4
GeneID2460	4	9	8	6	7	5	4	4	3	2	3	6	4	5	4	5	8	3	2	7
GeneID2461	6	4	0	5	8	8	6	10	7	4	5	5	2	5	6	1	2	3	4	6
GeneID2462	5	9	5	4	3	4	2	6	6	3	3	6	3	8	7	3	6	10	3	8
GeneID2463	8	7	8	4	7	6	10	6	8	4	4	5	2	8	5	5	6	8	3	7
GeneID2464	3	6	7	5	5	3	6	10	7	5	9	2	5	8	5	6	0	5	6	0
GeneID2465	4	5	5	3	5	7	3	6	5	3	8	6	5	6	1	7	5	10	4	1
GeneID2466	10	8	8	3	4	5	3	1	4	5	6	5	8	8	5	8	5	4	5	3
GeneID2467	3	3	4	4	7	3	3	5	8	2	4	5	2	12	4	5	1	2	8	5
GeneID2468	6	7	6	2	6	5	8	2	3	3	3	6	6	8	6	6	6	6	5	6
GeneID2469	2	3	4	5	8	7	5	8	3	3	3	8	2	6	4	6	2	2	3	6
GeneID2470	4	5	5	5	3	5	4	6	9	1	4	6	9	4	5	4	2	2	3	9
GeneID2471	5	8	9	5	5	4	4	8	8	8	4	5	5	7	4	6	7	9	2	4
GeneID2472	1	6	3	4	4	1	5	11	9	8	5	6	2	10	3	14	9	7	4	6
GeneID2473	5	2	6	5	1	2	4	4	8	4	6	4	4	3	4	7	5	10	5	7
GeneID2474	5	5	4	3	7	2	7	5	4	7	4	9	7	1	4	6	4	7	3	4
GeneID2475	7	1	10	2	4	5	2	7	6	4	8	6	1	5	8	4	4	9	12	8
GeneID2476	4	4	4	5	6	4	2	4	9	1	4	3	4	5	7	6	5	7	2	3
GeneID2477	4	6	4	2	5	10	2	7	7	4	2	4	5	5	4	4	5	9	3	7
GeneID2478	5	5	8	7	5	8	5	7	5	5	7	7	1	0	9	3	3	4	6	5
GeneID2479	5	4	6	5	9	3	5	5	5	6	5	3	9	7	3	6	3	4	5	9
GeneID2480	5	5	2	5	6	4	10	6	4	9	2	6	6	7	7	5	1	4	8	3
GeneID2481	9	4	5	6	1	4	6	4	4	2	4	2	5	5	9	2	12	4	6	6
GeneID2482	6	5	1	3	2	5	5	7	7	4	3	5	3	7	9	7	5	2	0	1
GeneID2483	8	4	4	9	3	4	3	3	2	6	5	8	7	5	7	12	4	9	7	4
GeneID2484	7	3	3	3	9	4	10	7	7	4	7	7	7	8	1	4	6	4	4	4
GeneID2485	2	9	4	1	3	4	3	7	3	2	7	8	9	0	6	3	8	3	5	5
GeneID2486	4	6	5	3	6	10	6	3	6	9	3	6	7	7	8	3	6	5	6	9
GeneID2487	4	3	1	6	6	8	2	2	4	5	2	5	6	5	5	3	8	4	1	6
GeneID2488	4	7	8	8	3	2	5	10	6	5	4	4	6	3	3	6	3	3	4	3
GeneID2489	2	10	5	8	4	7	5	9	8	8	10	3	2	5	10	5	2	7	7	9
GeneID2490	2	5	6	4	7	9	5	5	4	6	1	4	4	6	8	4	2	3	4	3
GeneID2491	2	4	11	6	4	4	3	5	3	4	3	7	6	8	5	4	7	5	6	3
GeneID2492	4	5	4	5	5	12	6	4	7	5	6	4	2	6	7	6	1	3	4	5
GeneID2493	2	8	4	3	1	8	7	2	7	8	8	3	3	6	5	3	9	4	5	9
GeneID2494	6	5	4	4	5	6	5	1	6	4	5	6	4	9	7	7	2	8	6	4
GeneID2495	6	5	5	3	4	6	5	2	4	3	6	5	5	7	2	6	8	1	11	3
GeneID2496	8	2	3	3	5	4	5	5	7	9	2	3	3	6	5	4	2	7	5	1
GeneID2497	5	8	6	4	5	3	4	8	6	3	4	4	4	6	6	7	7	3	6	3
GeneID2498	6	8	8	4	2	5	3	3	4	5	9	4	6	4	8	2	4	2	2	5
GeneID2499	5	7	2	5	4	4	5	4	6	6	7	4	7	4	5	7	4	5	6	3
GeneID2500	5	6	6	7	4	5	10	5	4	8	8	6	0	3	6	6	7	5	5	3
GeneID2501	8	5	6	6	9	2	6	7	10	9	5	3	3	3	6	5	7	2	4	9
GeneID2502	2	5	2	6	4	6	4	6	8	5	5	6	6	11	6	10	9	2	8	5
GeneID2503	5	7	1	5	3	3	3	9	2	2	7	4	3	5	5	2	2	9	3	2
GeneID2504	5	3	3	9	4	8	5	5	7	8	4	7	9	2	7	5	5	1	1	3
GeneID2505	2	6	5	3	5	4	0	11	5	1	4	4	6	8	5	4	11	1	7	4
GeneID2506	8	6	2	4	7	5	9	1	3	6	11	6	3	5	1	7	9	3	5	6
GeneID2507	4	5	5	3	3	2	5	7	3	11	6	4	2	7	3	3	6	8	4	4
GeneID2508	6	8	3	6	5	2	7	8	4	10	5	8	1	8	5	5	1	3	3	8
GeneID2509	6	8	4	4	10	3	4	3	3	2	3	4	8	6	1	5	4	4	9	7
GeneID2510	6	5	7	3	7	3	5	5	9	8	8	2	7	2	3	4	7	5	4	8
GeneID2511	9	6	7	6	5	3	3	8	2	10	5	8	2	8	4	5	1	4	5	4
GeneID2512	5	3	5	5	5	3	5	2	4	7	6	5	6	5	9	4	8	8	4	6
GeneID2513	6	7	2	4	2	5	7	7	3	8	3	8	7	4	6	2	6	3	8	4
GeneID2514	6	5	3	6	2	4	8	3	5	6	8	9	3	6	6	3	4	3	4	6
GeneID2515	6	2	3	8	1	2	3	8	2	6	3	5	3	5	6	8	4	3	7	7
GeneID2516	7	4	8	3	3	1	6	5	3	5	10	3	4	6	6	8	6	6	4	5
GeneID2517	2	5	4	3	4	2	4	5	5	2	4	3	6	4	10	2	3	3	7	5
GeneID2518	2	5	3	3	4	4	7	5	6	5	8	8	6	5	10	5	7	5	2	8
GeneID2519	6	7	8	4	6	3	8	5	4	3	9	8	7	5	7	4	14	2	4	5
GeneID2520	1	6	4	9	3	9	3	5	3	8	7	2	6	5	9	3	6	4	3	8
GeneID2521	6	3	2	4	6	2	3	4	8	3	5	10	4	5	7	6	2	11	7	5
GeneID2522	5	6	3	3	4	7	2	5	4	3	3	4	5	7	4	8	4	2	2	6
GeneID2523	8	12	4	4	6	1	6	2	6	7	8	2	6	8	5	6	6	2	7	2
GeneID2524	1	7	6	3	3	5	4	2	7	6	12	2	7	4	4	3	3	10	7	6
GeneID2525	5	3	8	7	8	1	5	5	5	7	1	7	4	2	8	6	4	6	8	4
GeneID2526	6	2	3	5	9	8	4	3	1	5	4	6	8	8	10	8	7	5	6	7
GeneID2527	2	5	2	4	7	5	5	5	0	6	7	9	4	5	10	2	6	4	3	8
GeneID2528	6	4	5	5	7	7	4	7	6	6	6	5	10	6	2	3	5	5	7	3
GeneID2529	4	8	7	6	7	4	4	2	3	4	10	13	7	5	7	4	3	4	4	8
GeneID2530	5	8	5	1	7	6	8	5	5	8	6	3	8	6	4	9	4	5	1	4
GeneID2531	0	5	3	4	3	6	4	9	4	2	3	4	4	4	8	9	6	3	9	2
GeneID2532	2	5	3	4	3	3	1	5	2	8	9	10	3	4	3	4	2	5	6	4
GeneID2533	3	8	9	2	10	4	7	3	4	5	2	5	5	10	7	7	4	2	3	4
GeneID2534	6	5	2	3	4	3	7	5	3	5	4	3	3	5	5	4	4	5	6	2
GeneID2535	3	7	7	5	4	6	4	4	7	4	9	1	5	5	5	5	3	3	7	4
GeneID2536	7	1	3	7	6	8	2	3	7	4	6	7	7	6	9	8	5	4	1	8
GeneID2537	1	2	8	4	8	4	5	5	8	11	6	5	6	3	8	7	9	3	5	6
GeneID2538	7	5	2	6	6	7	7	3	3	6	8	5	6	4	3	3	4	3	6	5
GeneID2539	7	9	4	5	3	2	3	6	6	8	4	5	2	6	7	3	3	8	3	6
GeneID2540	7	3	6	7	2	4	4	3	2	4	6	4	3	4	1	6	4	7	2	4
GeneID2541	7	5	6	5	6	7	10	7	3	2	7	1	2	6	4	8	5	6	3	1
GeneID2542	6	5	3	3	12	4	2	7	4	8	6	6	6	7	6	5	3	6	6	4
GeneID2543	9	5	8	5	5	4	4	9	5	5	6	2	5	2	3	6	5	7	8	3
GeneID2544	3	2	4	3	5	3	9	6	4	7	5	6	6	5	2	1	3	8	3	5
GeneID2545	2	6	6	4	5	3	7	6	8	4	6	6	4	3	5	7	5	3	2	7
GeneID2546	5	8	4	6	5	8	5	3	11	2	7	3	6	6	3	2	4	5	8	3
GeneID2547	4	4	4	6	4	2	11	5	4	3	4	6	4	6	6	4	4	6	5	1
GeneID2548	4	4	5	8	7	4	5	8	4	3	6	6	4	4	6	1	6	6	4	6
GeneID2549	7	9	3	5	3	2	2	3	4	5	5	6	4	2	3	3	7	3	3	10
GeneID2550	8	2	3	6	4	7	10	0	4	4	3	7	5	7	4	6	1	0	7	5
GeneID2551	4	1	5	4	6	6	5	4	5	4	4	5	11	4	2	4	9	6	6	5
GeneID2552	8	6	9	3	6	10	2	6	5	6	6	2	6	1	5	3	8	6	6	5
GeneID2553	2	8	4	5	7	4	7	3	8	3	8	4	7	4	6	5	8	1	6	4
GeneID2554	5	6	9	8	2	3	3	10	3	3	9	1	4	7	4	9	6	4	7	4
GeneID2555	1	5	3	3	9	5	7	6	7	2	7	3	2	4	7	5	3	4	3	5
GeneID2556	6	2	7	4	3	5	10	4	6	5	3	8	3	7	5	2	4	3	10	6
GeneID2557	4	7	5	3	8	6	5	7	6	4	6	6	6	3	3	7	5	6	6	4
GeneID2558	3	2	3	7	9	7	8	13	4	6	4	7	7	4	7	4	4	7	4	7
GeneID2559	6	1	4	5	5	3	4	4	7	0	6	8	1	9	5	4	6	3	9	1
GeneID2560	5	5	4	9	4	3	6	5	4	7	3	5	5	4	7	4	4	5	6	4
GeneID2561	6	4	9	6	3	7	2	7	3	2	6	3	7	2	4	4	5	5	3	6
GeneID2562	3	7	3	4	4	3	6	7	6	8	6	6	4	4	4	3	4	6	6	2
GeneID2563	8	7	6	8	12	6	6	7	4	2	4	6	4	6	4	6	4	6	5	5
GeneID2564	2	3	4	5	5	6	4	7	7	4	2	5	7	3	4	4	5	6	4	3
GeneID2565	3	4	0	2	3	3	4	3	3	8	9	7	5	11	7	9	3	7	2	5
GeneID2566	5	5	4	6	6	6	2	6	4	5	5	5	7	8	3	5	4	8	9	4
GeneID2567	7	5	10	8	3	6	4	6	2	3	3	4	6	4	5	3	5	2	7	5
GeneID2568	5	6	7	2	7	6	3	5	3	4	4	6	3	4	3	3	9	3	6	4
GeneID2569	5	2	6	3	5	4	3	3	6	7	3	8	8	9	3	5	2	3	2	2
GeneID2570	5	6	5	4	8	6	5	7	3	5	2	7	3	3	4	3	4	4	4	8
GeneID2571	5	5	3	2	7	5	6	9	5	6	3	12	6	1	4	5	10	4	5	4
GeneID2572	7	4	3	4	5	0	8	4	5	7	3	6	2	8	6	4	7	10	4	4
GeneID2573	6	6	9	5	1	6	5	7	6	3	3	7	5	2	7	3	3	5	4	4
GeneID2574	7	8	8	7	1	3	5	6	4	4	5	7	2	5	5	9	5	3	5	1
GeneID2575	4	7	8	3	2	0	6	2	7	3	8	3	4	2	7	8	4	3	5	4
GeneID2576	5	3	3	8	4	4	5	7	6	5	8	2	8	3	5	5	10	4	6	6
GeneID2577	4	6	5	6	3	7	3	10	6	3	6	1	1	7	3	5	7	6	7	4
GeneID2578	2	10	4	6	4	3	4	3	6	6	3	8	1	5	1	3	2	4	4	2
GeneID2579	5	1	8	5	4	3	11	5	3	3	11	4	8	2	3	3	6	3	7	7
GeneID2580	4	6	8	3	7	3	5	11	5	3	4	4	2	5	3	4	6	3	4	8
GeneID2581	2	6	5	5	2	4	7	7	5	8	5	8	2	6	7	4	5	2	8	3
GeneID2582	7	5	3	4	3	8	4	9	9	4	3	3	7	5	4	8	3	3	6	6
GeneID2583	9	2	0	7	5	6	3	4	2	6	2	3	7	4	5	3	8	6	6	1
GeneID2584	8	6	6	5	4	3	2	4	5	6	5	7	6	3	4	7	2	0	9	5
GeneID2585	9	5	3	8	1	6	9	1	5	3	6	4	5	4	9	3	10	9	9	4
GeneID2586	4	7	6	7	6	10	5	4	4	8	7	7	6	7	4	5	2	5	6	4
GeneID2587	3	7	7	5	8	5	5	3	13	5	6	7	5	4	2	9	4	6	12	4
GeneID2588	6	2	2	5	4	8	5	4	4	9	4	8	6	5	6	6	7	2	10	3
GeneID2589	9	4	4	3	4	3	4	2	3	5	2	7	4	3	3	10	4	4	5	5
GeneID2590	5	2	4	6	6	2	6	4	5	2	6	3	4	7	3	3	7	5	5	5
GeneID2591	3	3	5	7	6	5	6	2	3	9	8	3	2	5	6	3	3	5	7	3
GeneID2592	3	4	3	4	8	5	4	4	6	3	4	6	7	5	11	1	5	7	6	5
GeneID2593	5	8	5	2	6	3	9	6	8	2	5	2	6	3	2	2	2	4	8	4
GeneID2594	5	4	8	6	3	8	1	6	3	9	4	4	7	9	3	3	6	3	11	2
GeneID2595	3	2	5	4	2	4	2	3	8	5	0	4	8	10	1	2	7	2	5	4
GeneID2596	7	4	5	4	2	9	7	4	6	2	6	5	5	3	2	6	3	4	11	7
GeneID2597	4	7	6	7	5	11	5	8	3	6	8	6	5	6	5	7	2	2	4	8
GeneID2598	3	3	5	4	5	3	3	3	6	3	4	8	3	5	2	4	5	5	4	4
GeneID2599	5	7	5	5	3	3	5	7	6	8	2	8	4	6	5	6	4	3	9	6
GeneID2600	2	6	4	6	6	3	4	4	6	6	6	8	9	5	2	8	6	6	2	1
GeneID2601	4	3	1	9	4	1	5	9	5	11	9	5	4	7	4	4	6	8	3	6
GeneID2602	5	3	3	2	4	1	5	1	7	4	6	5	6	9	1	7	5	4	5	5
GeneID2603	8	5	6	4	4	3	3	4	4	6	6	2	5	6	4	6	5	5	3	8
GeneID2604	6	4	6	7	6	6	5	3	6	5	8	5	3	5	8	6	5	3	4	5
GeneID2605	5	7	4	6	6	5	6	5	6	3	4	7	9	10	9	6	9	2	8	6
GeneID2606	9	7	7	6	5	3	7	4	3	8	2	4	7	4	4	7	3	7	8	5
GeneID2607	6	8	5	4	4	3	6	6	6	4	7	4	4	8	2	5	4	6	5	4
GeneID2608	6	3	5	4	4	4	5	4	5	6	6	2	3	4	5	5	5	7	5	7
GeneID2609	9	6	7	4	6	5	4	5	7	4	2	9	8	8	3	4	6	7	4	4
GeneID2610	4	4	4	3	2	4	6	2	4	2	3	5	7	5	4	5	6	6	7	0
GeneID2611	8	5	7	3	4	4	3	3	5	7	3	3	5	7	2	2	2	7	2	3
GeneID2612	6	1	7	11	3	4	2	5	6	8	2	4	6	3	4	6	11	8	6	3
GeneID2613	5	5	7	4	9	9	5	5	2	4	4	6	7	4	6	3	5	6	5	2
GeneID2614	4	4	6	5	5	3	4	9	7	3	4	2	3	6	4	2	4	5	5	5
GeneID2615	5	4	2	1	6	6	6	6	8	3	6	5	6	5	4	5	5	4	3	2
GeneID2616	5	6	5	6	6	6	3	9	5	5	5	5	6	5	5	2	6	4	1	4
GeneID2617	3	7	3	4	5	4	6	7	4	6	7	6	5	7	2	5	6	5	4	6
GeneID2618	4	4	5	4	6	4	5	5	7	5	3	5	4	8	7	3	3	4	8	6
GeneID2619	8	5	4	3	5	6	11	2	5	4	7	5	6	9	7	3	11	7	5	6
GeneID2620	4	3	5	4	4	5	8	9	4	7	5	5	5	3	3	4	3	4	4	9
GeneID2621	7	3	4	6	1	9	5	4	3	6	4	3	3	5	9	2	3	7	5	6
GeneID2622	2	3	7	3	8	3	5	5	4	4	7	1	4	3	7	5	1	3	5	3
GeneID2623	7	3	2	3	5	10	6	3	4	10	5	6	3	4	6	4	3	6	6	7
GeneID2624	7	4	3	5	8	7	5	3	5	8	10	2	5	5	3	10	5	2	3	6
GeneID2625	4	4	3	4	5	8	3	6	4	8	4	6	3	4	3	5	7	3	6	4
GeneID2626	4	5	3	8	4	6	3	7	4	5	2	4	4	3	0	11	8	8	5	4
GeneID2627	4	2	2	3	7	9	6	5	5	4	2	3	4	7	4	3	2	5	3	6
GeneID2628	4	4	7	4	5	4	2	5	5	4	7	3	6	6	5	6	5	12	6	5
GeneID2629	3	8	3	4	5	8	5	5	3	8	5	3	7	5	8	8	2	2	5	9
GeneID2630	3	6	1	3	4	7	2	4	8	7	3	10	11	5	7	6	7	11	4	3
GeneID2631	3	2	6	5	8	3	3	3	3	6	3	10	4	3	8	3	9	6	5	8
GeneID2632	5	5	4	4	4	1	3	5	7	7	6	5	4	8	6	5	7	4	6	7
GeneID2633	6	6	6	3	5	6	2	3	5	4	5	6	1	11	4	4	6	8	6	6
GeneID2634	8	8	8	6	2	2	4	2	10	3	8	6	5	5	5	5	4	3	2	8
GeneID2635	6	2	2	3	9	2	4	4	2	6	8	4	13	8	4	3	4	5	3	4
GeneID2636	4	4	4	3	3	8	10	9	3	7	9	7	3	7	2	10	6	4	6	5
GeneID2637	8	3	6	5	4	3	2	10	5	8	4	3	9	3	4	10	4	1	6	8
GeneID2638	8	8	5	7	2	6	3	8	10	2	0	6	4	4	1	1	2	9	7	4
GeneID2639	7	0	4	4	4	8	4	2	7	3	2	4	4	4	7	6	3	2	8	2
GeneID2640	5	5	4	3	3	7	6	3	7	5	3	1	8	1	7	6	1	6	5	6
GeneID2641	5	11	6	6	5	5	5	10	2	6	5	4	7	6	6	3	5	6	6	3
GeneID2642	8	8	6	1	3	6	6	3	5	5	5	4	4	5	5	5	6	6	9	1
GeneID2643	3	5	2	3	3	2	6	2	5	3	7	6	5	6	3	3	7	1	6	8
GeneID2644	7	4	10	3	5	7	3	3	6	6	6	4	4	3	7	5	3	3	4	4
GeneID2645	10	3	7	5	4	2	6	3	6	4	4	10	6	2	3	8	8	7	5	9
GeneID2646	5	3	5	9	9	6	4	4	5	3	5	4	7	5	4	3	3	7	3	5
GeneID2647	8	5	8	7	3	10	6	4	11	6	3	7	4	9	3	2	8	5	2	4
GeneID2648	5	6	5	4	5	3	7	7	7	3	7	6	3	6	3	5	5	9	7	5
GeneID2649	4	6	2	5	6	4	11	7	5	4	4	3	9	5	6	7	3	6	9	6
GeneID2650	1	6	3	7	10	3	3	3	5	7	3	6	6	6	5	3	4	4	3	4
GeneID2651	0	6	3	5	4	5	5	11	2	8	5	6	5	3	8	3	6	7	8	6
GeneID2652	3	8	7	5	4	2	3	5	10	5	9	1	9	6	5	9	2	5	9	7
GeneID2653	6	5	3	6	4	5	5	8	7	8	3	5	2	2	3	4	10	3	3	6
GeneID2654	10	10	4	7	7	5	1	9	3	7	3	10	7	2	6	2	2	2	5	4
GeneID2655	5	8	7	5	3	3	7	1	4	4	6	5	5	4	7	4	5	4	6	8
GeneID2656	6	7	5	3	6	6	4	5	4	4	5	4	6	7	4	1	3	8	3	8
GeneID2657	6	4	6	6	8	4	6	10	8	10	5	2	7	8	6	4	11	6	5	5
GeneID2658	5	7	5	3	1	5	3	6	6	2	6	1	6	7	2	2	5	8	5	2
GeneID2659	7	6	3	6	4	3	5	5	8	6	7	6	5	5	5	2	5	1	2	7
GeneID2660	8	5	7	8	4	4	9	6	8	4	8	4	6	3	2	4	1	6	6	4
GeneID2661	6	7	4	7	7	6	3	4	2	6	5	1	2	14	5	6	7	4	7	3
GeneID2662	9	8	6	5	1	2	4	4	5	3	5	2	4	4	5	8	11	8	9	3
GeneID2663	3	9	2	3	6	7	6	3	7	5	4	2	2	3	5	4	5	3	8	6
GeneID2664	4	9	4	1	4	1	2	6	4	2	4	5	4	6	3	5	9	1	10	5
GeneID2665	5	7	4	4	3	7	7	8	9	3	3	6	4	2	6	3	6	4	4	6
GeneID2666	4	3	4	3	3	7	8	0	5	0	8	13	2	4	4	3	6	5	4	3
GeneID2667	2	4	6	10	5	3	2	4	6	5	5	4	2	2	6	7	4	7	5	4
GeneID2668	7	5	6	5	5	10	5	5	6	7	5	0	3	7	15	7	5	6	4	2
GeneID2669	6	4	1	8	4	7	6	4	4	6	7	5	3	1	6	8	6	6	6	6
GeneID2670	3	6	7	5	5	2	5	6	3	3	5	6	5	9	5	7	5	5	7	3
GeneID2671	4	2	7	2	4	7	3	4	4	6	5	5	4	9	1	6	7	5	3	4
GeneID2672	4	3	6	1	5	6	5	2	7	10	6	9	5	4	4	4	1	6	4	8
GeneID2673	7	5	4	4	11	8	3	5	3	3	3	4	5	6	1	2	8	7	2	3
GeneID2674	2	6	4	7	4	7	8	5	5	1	5	14	4	6	9	5	7	1	3	4
GeneID2675	4	6	3	5	4	6	4	4	3	10	8	7	5	7	9	8	5	5	4	2
GeneID2676	3	5	4	5	3	7	2	4	7	3	6	4	2	4	4	7	5	6	4	7
GeneID2677	2	6	8	6	4	6	7	4	5	3	5	5	5	3	9	5	6	3	7	4
GeneID2678	3	3	6	5	4	5	3	3	5	7	5	4	4	2	3	3	7	2	3	4
GeneID2679	6	3	7	3	4	4	3	5	7	5	6	1	5	6	3	2	6	7	4	1
GeneID2680	5	2	8	4	5	5	4	4	8	8	7	3	6	6	8	5	2	5	1	3
GeneID2681	7	3	4	5	3	8	6	5	4	1	1	7	7	10	3	2	1	6	7	5
GeneID2682	4	6	1	10	8	4	4	6	6	3	5	3	3	8	8	4	1	6	8	3
GeneID2683	7	5	6	5	5	6	1	7	6	9	5	5	1	10	11	7	4	2	5	5
GeneID2684	2	4	8	7	3	7	4	11	10	5	2	11	5	7	5	6	6	2	7	7
GeneID2685	7	6	8	5	3	6	0	4	3	6	3	3	3	6	5	4	2	5	7	4
GeneID2686	7	5	8	5	3	5	4	7	5	5	1	5	3	5	6	3	4	4	5	4
GeneID2687	5	3	5	4	8	5	6	2	4	7	7	6	5	2	8	2	5	7	7	4
GeneID2688	5	3	6	5	5	2	8	6	4	5	3	5	8	3	7	4	3	6	4	3
GeneID2689	8	7	2	4	4	1	9	4	7	3	4	4	6	5	2	6	8	5	4	2
GeneID2690	3	7	7	3	7	8	4	8	3	7	3	3	4	5	3	2	3	5	6	3
GeneID2691	9	7	2	3	2	1	7	2	6	6	3	7	2	5	10	1	5	5	3	7
GeneID2692	4	5	5	2	4	6	6	10	4	6	6	7	3	4	4	5	6	2	5	6
GeneID2693	4	5	3	3	7	8	5	7	4	7	4	6	4	7	0	10	6	2	2	7
GeneID2694	6	5	8	3	4	7	3	6	7	6	4	4	5	4	3	3	3	5	5	2
GeneID2695	4	3	4	4	9	4	3	6	5	9	5	2	3	8	7	0	3	7	4	3
GeneID2696	5	5	0	3	2	4	5	4	4	5	4	4	4	7	6	4	3	3	5	7
GeneID2697	4	7	14	3	7	1	11	11	3	4	2	2	5	2	3	4	5	6	4	6
GeneID2698	6	7	5	4	2	2	2	2	7	6	8	2	6	5	4	6	2	5	4	10
GeneID2699	1	8	4	6	4	3	7	3	4	7	5	8	5	4	4	4	8	4	7	3
GeneID2700	4	6	6	4	3	6	8	5	5	5	4	5	4	3	3	7	5	4	6	4
GeneID2701	1	6	6	1	0	0	5	2	3	5	4	6	2	6	5	6	9	4	6	4
GeneID2702	2	4	5	6	8	7	3	2	6	4	5	2	7	4	4	0	5	5	2	1
GeneID2703	5	3	5	3	3	5	7	7	8	5	7	1	4	4	7	3	7	6	3	2
GeneID2704	4	7	3	3	5	4	5	7	6	6	4	5	5	7	5	8	1	3	10	3
GeneID2705	6	3	6	2	5	6	3	2	7	7	5	3	5	2	5	0	0	5	7	2
GeneID2706	11	9	6	2	5	0	5	4	5	4	10	3	2	4	6	5	8	5	6	3
GeneID2707	3	4	5	8	3	4	4	2	4	5	3	5	2	8	6	7	5	4	5	1
GeneID2708	4	4	4	4	3	5	3	4	5	6	3	8	5	5	4	10	5	3	4	7
GeneID2709	6	5	5	6	4	7	4	3	1	3	3	7	6	4	7	3	6	4	9	9
GeneID2710	3	3	10	4	7	5	8	4	11	3	3	4	4	5	6	6	6	4	7	6
GeneID2711	9	2	7	5	4	6	5	4	6	5	2	6	7	4	7	8	4	3	3	4
GeneID2712	3	2	5	7	3	4	3	3	4	8	6	4	6	6	3	3	5	3	6	8
GeneID2713	6	7	5	3	7	3	2	4	3	4	4	4	8	6	1	8	5	1	3	3
GeneID2714	3	7	2	7	3	6	8	6	3	2	5	5	8	6	8	1	7	4	3	2
GeneID2715	3	4	3	5	5	10	7	3	1	5	6	6	5	7	7	6	4	6	6	4
GeneID2716	3	8	4	8	2	8	6	4	1	6	4	5	6	6	7	2	6	5	5	6
GeneID2717	8	10	5	3	6	2	5	9	4	10	6	3	2	4	6	7	8	7	6	7
GeneID2718	3	5	4	6	5	8	2	4	7	7	3	4	4	5	6	8	4	5	6	5
GeneID2719	6	5	7	4	14	9	10	3	4	6	3	1	2	7	8	2	7	7	6	3
GeneID2720	3	0	7	2	2	10	4	9	2	2	5	6	7	6	5	4	6	2	7	4
GeneID2721	3	5	10	4	9	9	9	4	8	6	8	4	3	8	7	9	5	4	5	7
GeneID2722	6	7	6	3	5	4	5	3	5	5	6	4	8	7	7	8	3	6	8	6
GeneID2723	4	4	11	4	2	3	3	4	3	4	3	7	3	3	3	3	5	5	7	6
GeneID2724	5	4	6	3	7	7	5	4	7	2	8	5	5	6	2	4	4	5	5	3
GeneID2725	6	3	5	3	9	8	9	6	1	4	4	4	6	8	5	4	3	2	7	4
GeneID2726	5	4	6	6	3	5	6	8	3	4	4	8	3	4	5	6	8	7	8	3
GeneID2727	5	4	5	5	7	7	2	5	7	4	4	6	2	7	5	6	6	6	2	2
GeneID2728	3	5	3	4	3	5	4	7	8	3	5	5	5	3	5	5	6	8	6	8
GeneID2729	9	9	4	9	7	2	4	5	3	2	3	6	8	2	1	8	2	6	5	3
GeneID2730	4	8	3	3	5	8	3	3	5	9	6	3	4	6	5	9	2	6	7	4
GeneID2731	1	8	7	3	5	6	4	7	5	1	1	6	2	3	5	5	5	7	6	1
GeneID2732	4	6	6	3	6	5	4	2	5	1	3	2	3	7	5	8	6	3	7	5
GeneID2733	3	4	7	5	4	1	5	8	5	3	6	4	7	8	7	6	3	3	7	1
GeneID2734	12	5	7	6	3	5	2	6	6	7	8	4	9	2	4	7	2	5	6	6
GeneID2735	7	4	5	5	9	5	7	3	3	5	3	4	2	8	9	7	4	7	4	8
GeneID2736	4	3	6	3	3	4	8	7	5	2	1	5	5	1	6	7	11	5	5	8
GeneID2737	5	2	5	4	11	5	4	4	3	5	5	9	4	1	8	4	2	3	5	4
GeneID2738	4	4	3	4	6	2	6	5	2	5	1	5	9	3	5	5	5	4	7	1
GeneID2739	4	3	5	5	4	7	5	6	3	8	3	9	3	6	6	2	5	3	8	6
GeneID2740	4	5	5	7	5	2	7	5	4	6	7	6	6	5	6	6	4	4	4	3
GeneID2741	10	5	6	1	5	6	4	9	1	8	9	7	3	3	6	10	8	6	5	4
GeneID2742	4	6	2	5	4	4	9	5	9	4	3	7	5	8	5	3	2	7	6	8
GeneID2743	5	5	1	6	6	4	5	5	4	10	6	5	6	2	10	6	4	3	3	2
GeneID2744	2	7	4	3	4	8	12	1	3	3	3	8	2	3	6	5	6	3	2	4
GeneID2745	3	5	5	5	5	6	6	4	8	8	3	3	6	7	2	2	2	4	1	3
GeneID2746	3	9	1	8	8	10	3	7	4	6	6	7	4	7	5	4	4	7	5	5
GeneID2747	1	3	3	9	6	3	6	4	7	7	6	2	6	4	9	5	2	2	8	2
GeneID2748	4	6	3	6	3	2	3	4	8	4	10	7	6	1	7	3	3	7	1	2
GeneID2749	7	3	5	7	3	9	5	5	3	7	6	9	4	6	4	4	8	6	7	3
GeneID2750	5	6	10	3	4	2	6	6	6	4	4	4	4	0	4	7	5	8	2	2
GeneID2751	5	2	3	4	5	6	3	7	8	3	2	6	4	8	3	9	4	3	3	3
GeneID2752	6	3	3	8	3	6	5	9	4	2	9	3	6	5	4	4	8	9	3	4
GeneID2753	8	6	6	2	4	5	4	4	5	5	6	8	5	8	4	7	10	5	5	7
GeneID2754	4	5	10	8	8	6	5	2	3	2	1	2	3	6	3	2	3	5	6	9
GeneID2755	4	9	3	6	5	5	7	7	4	4	2	10	4	6	7	7	2	2	2	2
GeneID2756	5	6	8	6	4	1	3	5	1	2	5	5	4	2	6	2	4	7	4	6
GeneID2757	6	7	8	7	5	3	7	4	3	4	9	2	6	4	5	8	7	7	3	5
GeneID2758	4	4	6	4	6	5	4	3	2	4	8	1	3	4	6	7	8	5	6	9
GeneID2759	5	7	10	2	11	6	2	4	5	4	5	10	4	2	5	7	12	4	7	5
GeneID2760	7	3	5	7	6	5	5	5	2	3	5	3	5	4	6	6	7	5	2	6
GeneID2761	3	8	1	1	11	1	3	7	4	9	8	4	5	1	1	4	8	5	3	6
GeneID2762	9	1	7	3	8	6	8	6	2	6	9	0	5	6	3	5	6	1	5	4
GeneID2763	7	6	1	3	4	3	5	4	4	7	3	7	4	4	7	4	5	5	5	8
GeneID2764	1	6	7	4	10	6	12	6	4	4	8	3	3	4	6	5	5	7	6	5
GeneID2765	4	6	5	5	4	8	4	5	6	4	4	8	5	11	3	6	5	4	6	1
GeneID2766	5	5	8	7	5	2	3	7	5	1	1	7	4	2	7	4	6	8	2	5
GeneID2767	3	9	3	3	5	6	7	5	6	5	3	4	9	8	4	6	2	9	4	4
GeneID2768	3	5	3	2	4	7	8	6	5	5	5	5	5	3	4	8	4	10	4	7
GeneID2769	4	7	5	7	4	6	4	4	2	4	6	2	4	4	7	3	6	6	5	4
GeneID2770	5	7	2	6	4	3	3	7	3	4	6	5	4	2	9	4	5	1	7	3
GeneID2771	8	4	2	6	6	7	1	3	2	3	3	5	3	7	7	2	1	9	6	11
GeneID2772	5	7	4	4	6	3	4	6	3	4	5	5	2	3	6	10	8	4	8	2
GeneID2773	8	5	5	4	3	4	4	3	7	7	1	4	4	3	9	3	4	9	5	5
GeneID2774	3	6	4	1	3	2	8	5	4	8	4	2	3	2	4	2	5	5	4	3
GeneID2775	4	9	8	4	7	3	5	4	10	2	6	4	5	7	5	6	4	3	7	2
GeneID2776	8	5	6	6	5	3	6	5	5	6	2	4	3	7	7	5	3	3	4	7
GeneID2777	6	3	4	3	3	4	6	4	7	2	8	4	6	5	7	4	3	4	7	3
GeneID2778	3	4	3	4	5	7	8	1	6	7	4	4	4	4	4	6	5	8	3	4
GeneID2779	6	7	0	8	9	4	4	7	2	4	2	5	4	5	9	4	3	8	9	8
GeneID2780	8	4	3	5	3	3	0	3	4	7	4	8	6	6	4	11	4	5	9	4
GeneID2781	1	6	3	8	7	10	6	3	4	4	6	2	7	5	3	4	8	6	5	4
GeneID2782	7	6	9	3	4	6	3	7	7	6	0	6	3	2	9	2	6	6	5	9
GeneID2783	4	6	3	4	5	2	4	11	4	4	6	7	6	6	5	4	3	7	6	2
GeneID2784	6	2	4	4	2	5	5	3	3	1	2	5	1	5	5	3	10	2	4	5
GeneID2785	4	4	0	4	12	5	5	6	6	5	2	9	7	9	5	4	0	5	3	10
GeneID2786	2	3	6	5	5	4	7	2	3	6	5	10	3	5	3	5	4	5	9	8
GeneID2787	4	4	8	7	5	3	6	3	3	2	10	5	2	5	5	5	5	8	3	5
GeneID2788	6	5	5	5	3	3	4	4	9	5	13	2	6	1	3	5	7	5	7	4
GeneID2789	5	4	4	10	4	9	5	3	0	10	6	3	3	6	5	6	5	5	4	6
GeneID2790	4	4	9	7	3	3	5	3	5	6	2	2	7	6	3	4	4	6	6	3
GeneID2791	5	5	9	5	6	6	4	5	6	5	9	4	2	5	2	6	1	11	2	6
GeneID2792	7	4	2	2	4	7	10	4	7	12	6	6	5	7	3	3	6	4	1	3
GeneID2793	1	5	5	5	5	3	4	1	3	7	4	5	7	3	4	5	6	6	4	2
GeneID2794	6	5	4	8	5	4	8	4	3	7	6	2	5	2	5	4	6	3	5	4
GeneID2795	6	4	8	2	7	10	4	6	3	4	3	3	6	12	6	6	4	1	7	5
GeneID2796	6	7	7	4	5	2	5	8	5	7	6	5	5	4	7	7	6	6	2	11
GeneID2797	4	8	4	4	5	4	4	2	4	4	8	5	1	4	4	5	3	9	3	4
GeneID2798	4	9	6	2	5	8	7	9	0	6	7	2	5	4	4	10	7	1	5	8
GeneID2799	9	2	6	3	5	2	4	6	5	14	4	6	6	7	5	8	4	5	7	8
GeneID2800	3	3	4	5	6	6	5	2	5	5	9	7	8	4	6	8	3	5	10	7
GeneID2801	3	4	3	1	6	3	4	9	0	4	3	5	4	7	10	4	4	9	6	4
GeneID2802	4	3	2	5	6	5	6	7	5	6	3	4	6	4	5	5	3	0	3	3
GeneID2803	7	5	3	10	3	4	3	5	4	5	7	5	3	3	3	1	5	4	6	2
GeneID2804	6	1	9	5	1	7	5	4	5	2	3	4	3	9	4	0	4	4	7	6
GeneID2805	6	6	9	3	6	6	7	5	6	6	6	4	2	4	4	9	3	8	5	3
GeneID2806	7	8	5	4	1	8	1	4	8	2	3	7	7	4	10	6	4	1	6	5
GeneID2807	5	7	4	5	4	5	11	8	7	5	8	8	2	6	7	3	4	5	8	8
GeneID2808	4	4	11	4	1	5	5	9	7	9	2	5	3	5	6	3	3	2	3	7
GeneID2809	7	4	4	8	7	4	3	2	6	5	7	6	5	7	5	6	6	1	2	2
GeneID2810	5	4	3	7	5	7	4	7	7	9	4	3	7	7	4	6	7	3	3	2
GeneID2811	7	5	4	5	6	5	7	2	5	3	5	3	4	5	5	4	7	2	7	2
GeneID2812	7	3	3	3	3	5	14	4	7	4	8	4	4	4	3	6	7	8	6	4
GeneID2813	5	8	6	4	7	4	5	5	7	4	7	4	3	7	4	6	5	5	4	5
GeneID2814	4	3	9	3	0	1	4	1	3	2	5	1	4	6	8	3	5	6	6	12
GeneID2815	4	6	6	4	3	5	7	7	2	7	6	8	6	6	0	4	2	4	5	5
GeneID2816	4	6	5	9	4	5	2	4	6	4	6	5	6	6	1	7	5	2	5	4
GeneID2817	12	4	3	7	7	7	3	6	6	3	5	5	4	9	4	6	10	2	5	2
GeneID2818	9	4	4	6	12	6	5	5	4	5	9	4	5	6	5	5	2	4	5	4
GeneID2819	6	3	3	2	6	2	3	5	6	6	9	6	6	1	3	12	3	4	5	7
GeneID2820	4	8	7	2	2	8	6	2	4	1	10	2	7	8	6	3	4	7	7	4
GeneID2821	9	7	7	6	3	6	1	6	4	9	4	6	7	7	8	1	10	2	6	5
GeneID2822	9	5	5	5	8	1	9	8	5	10	4	3	3	3	4	6	11	1	9	1
GeneID2823	2	2	4	3	3	7	4	4	3	7	3	12	5	5	4	6	4	5	6	5
GeneID2824	1	3	3	5	4	4	3	7	2	5	6	9	3	5	6	4	4	3	5	4
GeneID2825	8	8	6	9	5	4	8	6	6	5	6	6	8	4	4	3	10	3	6	7
GeneID2826	2	1	4	2	7	5	6	2	2	3	7	3	7	4	7	3	8	2	8	4
GeneID2827	3	4	2	4	1	8	8	6	7	3	10	8	6	5	3	3	7	6	1	5
GeneID2828	5	8	6	4	4	3	5	7	9	8	2	7	10	3	7	4	1	4	9	4
GeneID2829	7	4	5	6	2	3	6	5	1	4	9	2	8	4	3	9	4	2	7	1
GeneID2830	3	7	4	7	4	4	3	6	1	3	1	4	6	4	7	4	5	5	10	1
GeneID2831	10	14	3	3	1	7	4	10	5	0	5	3	6	2	2	8	5	5	6	4
GeneID2832	6	2	8	3	2	5	9	4	2	3	4	5	7	2	4	2	2	3	6	3
GeneID2833	7	6	4	2	5	8	7	7	8	5	5	10	7	4	9	3	6	4	3	1
GeneID2834	3	13	1	6	1	5	3	4	4	5	4	8	3	8	4	4	4	6	7	3
GeneID2835	4	7	4	5	7	2	5	4	6	4	3	5	2	3	6	4	5	3	5	7
GeneID2836	2	4	3	9	6	3	5	4	6	3	7	4	5	8	2	7	4	5	7	4
GeneID2837	2	5	2	6	4	6	2	4	7	6	3	5	4	3	4	6	7	4	6	5
GeneID2838	3	3	5	3	3	7	7	5	7	8	5	6	4	6	6	4	2	6	2	8
GeneID2839	6	4	5	5	6	5	9	7	4	3	4	5	4	3	4	4	6	2	4	5
GeneID2840	3	4	4	2	0	5	6	3	4	3	1	3	7	4	3	2	6	6	5	11
GeneID2841	8	4	7	6	5	1	6	8	4	5	1	9	4	6	2	5	2	6	9	5
GeneID2842	3	5	4	6	3	4	4	8	4	6	6	4	4	4	4	3	4	4	2	2
GeneID2843	7	6	3	6	5	1	7	8	7	3	6	5	5	4	5	2	4	3	5	6
GeneID2844	6	3	7	7	5	3	5	8	6	4	7	7	6	7	2	6	4	2	8	5
GeneID2845	8	7	4	4	5	4	6	5	1	4	3	5	9	6	3	5	10	3	4	2
GeneID2846	10	5	1	1	6	10	3	4	3	5	2	5	10	8	4	6	1	2	5	8
GeneID2847	6	7	9	4	4	3	8	3	3	4	4	2	4	5	6	2	5	4	3	9
GeneID2848	10	3	6	5	12	1	8	4	5	1	6	3	4	7	6	4	4	6	6	5
GeneID2849	7	9	2	9	2	3	4	5	0	4	6	1	3	4	9	5	5	3	4	11
GeneID2850	7	6	7	11	6	2	4	4	9	6	6	7	1	4	5	9	5	3	9	8
GeneID2851	4	6	6	6	9	3	9	2	4	7	1	5	5	8	4	8	2	4	4	9
GeneID2852	2	4	4	4	2	3	4	5	6	4	6	7	4	1	6	6	2	4	4	8
GeneID2853	3	7	3	8	8	4	5	3	3	6	3	3	3	4	4	6	4	5	8	7
GeneID2854	4	5	4	6	2	6	3	7	5	3	5	7	4	2	6	8	10	3	5	1
GeneID2855	2	5	4	4	10	9	4	4	4	5	5	9	4	1	5	5	4	7	6	4
GeneID2856	6	4	8	6	3	2	3	5	11	4	5	7	4	2	9	4	8	6	5	9
GeneID2857	8	6	8	1	3	1	4	6	2	7	2	2	5	8	1	9	4	3	5	3
GeneID2858	3	3	7	4	4	4	5	2	5	5	3	4	3	9	8	5	5	6	7	3
GeneID2859	5	3	2	5	7	3	1	6	5	2	6	4	3	4	9	7	5	1	8	5
GeneID2860	5	2	4	6	6	4	3	8	6	7	5	6	6	3	4	8	6	8	5	7
GeneID2861	5	5	4	4	6	6	1	2	7	6	5	6	5	7	2	3	4	4	3	5
GeneID2862	7	3	4	9	6	4	1	4	8	6	4	8	4	2	2	3	8	8	4	2
GeneID2863	5	4	2	8	8	1	5	9	9	2	6	6	5	5	8	7	10	5	4	6
GeneID2864	5	4	12	5	4	5	9	6	7	8	7	9	5	7	9	4	2	5	5	3
GeneID2865	5	6	7	6	6	8	5	7	6	8	2	1	3	6	0	6	5	4	5	5
GeneID2866	3	4	6	5	3	3	4	0	3	2	3	4	7	4	3	11	5	4	5	5
GeneID2867	3	7	8	5	4	7	4	2	2	8	5	3	4	4	7	3	9	8	6	4
GeneID2868	1	6	5	4	3	5	5	5	4	6	2	1	4	2	2	9	4	6	5	3
GeneID2869	2	5	3	3	6	7	5	5	7	5	3	2	8	6	5	11	5	5	6	6
GeneID2870	3	3	6	4	5	7	4	10	3	7	6	2	7	3	1	10	3	4	4	3
GeneID2871	7	4	4	5	5	8	5	8	5	12	5	3	4	7	5	4	3	4	6	3
GeneID2872	5	5	3	4	4	6	5	8	8	5	6	4	6	4	4	4	8	8	4	8
GeneID2873	6	6	3	5	7	4	4	7	3	6	5	2	7	4	5	11	3	6	2	3
GeneID2874	4	5	5	5	4	5	4	4	6	7	6	5	7	4	5	5	4	6	5	8
GeneID2875	2	5	9	4	6	7	3	10	5	9	3	7	5	2	7	8	2	3	6	3
GeneID2876	3	4	5	4	3	5	5	5	3	6	4	6	4	7	7	6	2	4	7	7
GeneID2877	7	2	5	6	4	2	7	2	6	9	6	6	7	6	4	2	6	9	5	7
GeneID2878	6	11	4	8	6	5	5	4	8	6	3	5	0	2	14	5	6	8	5	12
GeneID2879	4	4	2	5	8	5	7	4	5	6	6	6	4	3	8	7	4	3	3	4
GeneID2880	3	5	9	4	3	4	8	3	2	4	5	2	9	4	3	5	7	4	5	12
GeneID2881	8	5	2	6	4	6	6	5	4	4	4	9	6	5	9	2	6	4	8	4
GeneID2882	6	5	3	5	5	4	4	7	8	7	5	8	10	7	2	5	8	3	4	2
GeneID2883	5	6	5	4	5	7	4	5	3	5	7	10	7	1	5	2	4	3	3	8
GeneID2884	8	6	5	2	3	2	2	9	4	0	5	3	6	6	5	6	10	8	6	4
GeneID2885	5	3	5	7	4	8	9	6	5	3	6	6	6	6	3	6	6	9	9	4
GeneID2886	5	2	9	4	9	3	2	5	4	5	2	4	5	4	5	6	3	4	6	3
GeneID2887	10	4	5	3	5	8	4	7	6	5	4	2	4	7	7	6	2	4	6	7
GeneID2888	4	2	4	3	3	8	4	5	6	6	2	4	7	8	5	6	9	7	7	7
GeneID2889	3	3	3	2	3	2	4	2	5	6	3	4	7	9	6	5	3	8	6	5
GeneID2890	5	6	6	6	3	7	5	6	5	5	2	6	3	6	3	3	3	7	4	0
GeneID2891	4	11	6	6	3	6	5	4	3	5	6	5	2	4	11	3	6	5	3	5
GeneID2892	7	5	4	0	3	3	6	6	4	6	6	7	3	3	4	4	8	6	7	3
GeneID2893	3	3	5	8	6	6	6	4	2	8	4	2	7	4	7	6	8	5	6	6
GeneID2894	7	5	3	4	8	0	4	2	3	3	5	7	7	5	4	11	3	4	1	8
GeneID2895	5	3	5	6	5	6	5	2	4	6	6	2	5	9	7	4	9	5	6	3
GeneID2896	4	3	3	5	4	2	4	5	6	6	4	7	10	4	4	8	4	7	5	7
GeneID2897	7	4	4	7	1	8	3	4	2	5	6	4	6	7	3	3	1	4	7	6
GeneID2898	6	3	11	8	11	4	4	10	6	10	4	9	6	6	7	4	4	4	3	5
GeneID2899	6	7	5	3	5	2	4	2	3	5	12	5	4	8	4	6	2	2	7	7
GeneID2900	5	5	4	3	8	4	5	7	4	4	6	4	5	3	5	5	1	6	9	6
GeneID2901	3	5	6	6	8	6	6	5	7	3	4	5	7	2	4	3	4	3	2	4
GeneID2902	2	6	4	2	12	7	6	2	7	7	6	5	4	3	2	5	7	4	9	6
GeneID2903	3	0	4	4	8	4	3	3	6	2	6	3	10	4	4	5	4	4	9	8
GeneID2904	7	3	2	5	6	1	4	3	4	4	7	3	8	3	6	8	9	8	6	1
GeneID2905	4	2	2	2	1	2	5	3	4	6	7	7	4	4	6	3	4	7	5	5
GeneID2906	5	3	4	5	6	2	10	6	8	3	9	8	4	6	5	6	6	6	6	3
GeneID2907	4	9	5	4	5	2	2	3	7	4	2	6	5	5	10	9	4	9	5	8
GeneID2908	2	5	5	6	3	10	2	3	2	5	3	3	4	6	6	7	7	3	3	6
GeneID2909	2	8	4	7	4	4	4	2	4	2	6	3	4	5	2	3	4	2	4	10
GeneID2910	0	3	4	3	6	3	5	8	8	8	3	4	6	1	4	6	6	3	5	8
GeneID2911	4	5	3	5	4	8	2	7	7	3	3	6	9	5	4	7	7	5	5	4
GeneID2912	5	5	11	6	9	6	9	8	3	4	3	3	6	4	5	7	6	5	7	2
GeneID2913	8	5	6	2	7	1	2	5	3	5	4	4	7	2	6	8	5	1	3	6
GeneID2914	5	4	4	4	7	7	6	5	3	2	5	6	5	1	6	3	5	4	4	3
GeneID2915	2	4	8	3	4	8	3	9	6	2	2	6	4	4	2	5	4	5	5	5
GeneID2916	7	5	2	2	8	6	7	10	4	5	4	5	3	3	2	5	5	3	7	2
GeneID2917	3	3	11	5	12	6	5	2	5	4	9	3	4	6	5	6	4	2	5	5
GeneID2918	5	6	5	8	5	3	4	6	8	7	4	4	4	6	6	3	4	7	5	7
GeneID2919	9	4	3	9	4	4	5	4	3	6	8	7	2	8	6	7	4	4	6	5
GeneID2920	6	2	1	2	4	7	5	0	2	5	2	3	5	5	10	3	6	5	7	6
GeneID2921	3	5	4	6	2	8	5	8	7	5	8	6	6	6	2	6	4	4	3	4
GeneID2922	7	6	12	7	6	6	8	3	3	7	6	3	6	6	5	8	1	3	6	7
GeneID2923	4	4	2	7	2	4	7	1	6	4	6	4	2	2	3	2	4	5	3	5
GeneID2924	1	3	4	7	5	3	4	6	0	2	3	4	5	6	1	2	4	9	6	6
GeneID2925	7	5	8	3	4	7	1	4	5	3	3	3	4	2	6	9	4	4	6	4
GeneID2926	7	4	2	6	6	5	4	7	1	3	4	3	1	5	6	4	4	3	6	5
GeneID2927	4	4	6	5	5	4	1	3	1	6	0	4	5	6	5	5	2	5	6	8
GeneID2928	4	5	7	2	8	3	8	6	5	3	6	9	6	6	9	6	2	6	5	11
GeneID2929	5	5	6	9	7	5	7	4	3	1	10	2	5	5	3	3	8	4	5	6
GeneID2930	2	7	5	2	4	3	3	5	6	4	6	6	4	4	7	4	1	8	7	4
GeneID2931	5	2	5	5	5	8	6	3	2	2	5	2	8	4	6	5	7	8	4	1
GeneID2932	2	7	4	6	5	5	3	5	7	2	0	4	4	4	2	5	1	2	6	9
GeneID2933	0	5	3	3	3	5	1	5	10	2	4	7	2	2	6	3	5	5	5	3
GeneID2934	4	6	9	3	4	3	6	5	6	8	4	6	2	4	10	2	5	6	6	9
GeneID2935	7	9	11	7	6	8	6	7	8	9	7	3	5	2	6	3	4	9	6	3
GeneID2936	4	8	4	8	7	10	3	8	4	4	5	6	11	3	8	4	7	7	8	4
GeneID2937	5	3	6	7	2	7	5	1	6	3	5	3	4	7	5	2	4	9	5	7
GeneID2938	5	2	5	3	6	6	4	4	12	7	4	1	7	4	3	2	5	4	8	5
GeneID2939	3	5	8	5	3	9	8	5	0	5	5	5	7	4	3	7	4	7	6	9
GeneID2940	2	6	6	4	5	4	6	4	1	5	3	6	4	3	3	2	4	4	6	3
GeneID2941	1	4	4	8	5	1	6	4	4	3	4	5	5	10	6	3	2	4	7	6
GeneID2942	6	8	5	5	2	4	5	6	3	4	3	6	5	9	9	2	2	3	6	5
GeneID2943	8	7	4	13	3	5	4	5	2	4	3	2	9	7	4	6	8	8	3	2
GeneID2944	8	4	2	6	4	4	4	4	2	4	4	1	5	6	9	8	4	7	7	8
GeneID2945	2	6	3	4	7	3	3	5	8	6	5	7	9	4	9	4	3	6	5	5
GeneID2946	4	5	6	6	6	4	4	3	5	2	2	5	5	2	3	2	3	7	3	2
GeneID2947	6	1	2	4	5	3	5	5	5	4	8	5	4	7	6	4	2	2	3	6
GeneID2948	10	6	4	7	5	0	6	5	12	9	10	8	6	9	4	7	1	3	2	3
GeneID2949	7	3	6	4	10	8	11	5	4	8	3	4	5	3	2	4	5	10	3	2
GeneID2950	6	2	5	2	1	2	4	5	4	3	4	11	4	4	4	5	4	6	4	3
GeneID2951	4	6	6	7	7	5	3	3	9	4	8	1	7	6	7	5	4	3	3	3
GeneID2952	5	5	8	4	4	1	7	4	2	4	6	9	8	4	7	6	5	8	2	3
GeneID2953	3	1	4	4	8	4	4	4	1	9	6	9	3	7	7	4	7	8	3	5
GeneID2954	5	9	4	7	4	3	1	3	4	2	5	3	12	4	2	7	7	1	4	5
GeneID2955	8	2	6	5	8	2	10	7	3	7	5	4	9	3	7	7	4	5	8	5
GeneID2956	5	7	1	0	6	2	4	8	8	6	5	6	9	5	2	5	6	3	5	10
GeneID2957	1	9	4	3	7	2	4	4	4	5	6	3	1	2	2	6	2	6	2	7
GeneID2958	8	11	5	4	4	3	5	6	3	7	5	3	5	6	3	7	6	4	3	9
GeneID2959	4	7	8	5	4	7	7	4	7	6	2	6	4	2	8	5	5	4	5	5
GeneID2960	3	3	5	5	5	5	6	3	3	1	9	9	3	5	4	4	0	4	4	4
GeneID2961	6	6	5	6	2	4	4	9	7	1	7	1	2	4	5	4	6	5	6	3
GeneID2962	4	3	3	5	3	6	5	2	7	3	5	10	7	2	9	4	2	7	4	2
GeneID2963	4	7	8	6	6	5	8	6	3	8	5	5	4	4	2	8	7	4	2	3
GeneID2964	6	3	8	6	3	2	3	10	3	5	5	4	5	6	9	1	5	5	6	3
GeneID2965	5	2	4	2	4	5	6	7	6	8	4	5	5	1	4	6	7	6	4	8
GeneID2966	4	2	2	1	8	3	4	3	5	6	7	10	6	8	6	9	7	5	5	2
GeneID2967	5	6	3	5	3	6	5	6	9	4	7	8	1	3	5	5	3	0	5	8
GeneID2968	0	6	5	2	2	7	7	7	7	5	5	5	5	6	4	6	6	6	3	7
GeneID2969	7	9	8	12	5	7	10	9	3	6	6	6	9	2	5	5	7	3	4	6
GeneID2970	8	7	5	4	4	10	6	2	6	8	7	5	1	2	4	3	3	3	2	3
GeneID2971	7	5	2	2	5	10	3	2	5	8	5	9	5	4	4	7	9	4	3	5
GeneID2972	4	4	2	4	4	8	9	4	7	9	6	3	5	2	2	7	5	7	8	5
GeneID2973	5	8	5	3	4	8	5	7	3	6	8	3	2	3	4	2	5	4	8	7
GeneID2974	5	6	2	4	4	3	9	3	4	8	8	1	5	2	3	2	3	3	2	4
GeneID2975	3	4	4	2	9	6	5	4	3	3	3	6	5	4	3	2	3	10	4	2
GeneID2976	8	5	7	5	5	2	4	6	6	4	5	3	2	2	5	6	4	2	5	7
GeneID2977	6	4	4	6	5	6	5	3	5	8	7	4	3	6	3	5	5	4	0	6
GeneID2978	3	0	4	4	2	4	5	5	4	1	4	5	7	4	2	4	3	2	5	4
GeneID2979	3	4	9	4	5	3	9	3	4	11	4	2	3	5	2	8	1	6	6	4
GeneID2980	4	5	4	7	4	8	4	9	6	8	6	3	7	5	9	5	6	8	5	5
GeneID2981	4	4	6	3	7	2	5	3	4	5	8	8	4	5	3	5	4	8	3	3
GeneID2982	5	4	6	6	2	7	3	5	5	5	4	2	6	7	4	3	8	8	1	5
GeneID2983	5	8	4	6	3	6	3	5	6	7	4	5	3	4	5	4	4	2	9	5
GeneID2984	6	5	3	4	7	8	8	7	8	7	3	4	3	6	2	4	5	3	3	8
GeneID2985	6	4	5	6	7	2	4	8	4	3	4	5	2	2	6	4	2	6	5	8
GeneID2986	5	3	2	7	6	6	4	5	5	4	4	4	6	3	2	8	3	9	5	5
GeneID2987	4	4	8	4	3	5	11	5	6	5	2	3	5	6	4	5	10	5	8	5
GeneID2988	3	5	9	5	3	6	6	11	8	6	2	8	6	5	5	5	3	2	3	5
GeneID2989	8	4	2	4	5	7	2	9	9	3	7	2	2	4	5	7	5	5	8	4
GeneID2990	10	6	4	5	7	6	1	5	6	6	7	6	4	4	1	2	9	0	8	5
GeneID2991	5	6	7	5	3	1	9	1	6	5	7	8	8	4	8	5	1	6	4	6
GeneID2992	9	4	6	6	3	4	6	2	5	9	4	6	3	7	1	6	8	8	5	1
GeneID2993	7	9	6	3	3	3	5	5	6	9	2	2	1	2	5	5	3	5	11	5
GeneID2994	1	4	6	6	8	8	7	4	3	5	2	7	5	3	5	2	3	1	5	3
GeneID2995	7	3	3	4	4	4	3	0	11	2	3	6	10	6	4	3	3	6	4	6
GeneID2996	5	4	6	4	2	10	3	7	5	5	5	9	3	5	3	7	6	5	2	8
GeneID2997	6	3	7	6	7	9	7	3	3	3	6	4	4	5	6	6	6	10	2	4
GeneID2998	3	7	7	1	4	7	6	5	8	6	7	4	3	7	4	7	2	2	6	5
GeneID2999	3	6	7	8	8	7	8	5	4	7	5	5	1	6	2	5	3	5	8	3
GeneID3000	9	3	6	4	2	8	4	4	7	2	4	4	5	13	5	10	2	7	8	7
GeneID3001	3	5	6	5	6	2	5	5	10	10	3	5	2	7	4	2	1	3	6	10
GeneID3002	4	8	5	6	4	4	5	5	6	4	5	5	6	7	4	3	1	6	5	8
GeneID3003	5	3	3	3	6	6	5	6	6	5	3	2	6	4	5	6	8	4	5	10
GeneID3004	7	4	8	4	4	2	6	2	5	5	6	2	4	3	5	4	2	5	2	6
GeneID3005	8	1	7	4	4	3	4	11	2	5	6	7	5	3	4	3	6	9	6	4
GeneID3006	5	8	4	5	4	8	2	8	7	4	4	3	6	3	3	3	6	5	4	4
GeneID3007	7	6	1	1	4	7	7	3	9	6	7	9	5	4	10	3	2	5	6	10
GeneID3008	4	6	5	6	3	5	6	4	5	6	4	4	6	6	6	4	4	5	1	5
GeneID3009	2	7	5	5	7	5	6	5	2	4	2	4	6	1	6	0	4	5	5	5
GeneID3010	4	7	6	5	2	6	5	6	1	6	5	6	7	3	8	9	3	4	7	4
GeneID3011	6	5	6	5	5	7	11	8	4	4	2	5	8	6	4	5	3	4	3	7
GeneID3012	5	7	6	6	5	4	2	6	3	3	2	8	7	3	3	2	6	7	9	5
GeneID3013	6	5	8	11	6	3	4	8	2	3	6	4	4	6	3	2	6	7	5	8
GeneID3014	6	4	4	4	6	4	2	10	5	1	6	6	2	3	3	5	6	8	4	10
GeneID3015	4	5	3	2	9	4	4	6	6	3	8	5	3	5	1	6	5	7	5	6
GeneID3016	3	6	2	5	3	4	4	6	8	2	9	2	9	6	1	3	0	6	4	6
GeneID3017	7	3	5	10	3	7	4	9	5	6	7	3	7	2	0	3	3	8	5	7
GeneID3018	6	7	4	3	4	4	4	4	5	4	6	8	9	4	6	7	3	4	6	6
GeneID3019	5	3	5	5	8	6	1	2	5	4	8	4	6	2	8	4	6	3	2	4
GeneID3020	3	5	2	9	7	4	3	4	2	7	4	6	2	4	7	4	4	5	3	4
GeneID3021	3	2	4	5	3	5	4	8	7	4	6	1	3	7	4	7	3	4	7	4
GeneID3022	2	1	6	7	6	8	5	4	1	6	5	4	3	5	8	2	4	4	3	5
GeneID3023	3	7	7	5	7	2	2	4	5	4	4	2	2	3	6	3	7	3	6	4
GeneID3024	7	6	10	6	7	7	2	6	8	4	7	2	5	7	5	8	4	4	4	5
GeneID3025	6	5	3	6	5	3	6	6	6	8	5	2	5	5	2	4	4	3	2	4
GeneID3026	10	6	2	10	6	4	7	7	4	6	5	1	6	6	8	4	5	4	5	8
GeneID3027	6	7	2	7	10	2	3	3	5	11	5	9	3	6	4	6	10	0	2	1
GeneID3028	4	4	1	2	7	9	7	4	9	7	3	6	5	4	3	6	4	6	3	7
GeneID3029	6	4	9	7	8	5	9	8	5	4	8	9	4	4	5	4	4	2	5	5
GeneID3030	6	7	1	4	5	4	2	6	4	5	4	6	0	5	11	9	6	2	2	6
GeneID3031	2	6	5	5	4	6	4	6	9	4	6	4	6	5	4	4	6	10	6	4
GeneID3032	3	7	4	7	5	6	6	5	7	3	5	5	5	4	7	4	6	3	9	2
GeneID3033	6	7	3	2	6	6	4	5	5	2	4	6	6	3	5	5	9	2	1	5
GeneID3034	3	4	6	9	8	4	9	7	3	7	2	7	4	5	6	5	3	3	8	4
GeneID3035	9	3	4	4	6	6	6	7	6	5	5	2	7	3	7	7	2	5	3	4
GeneID3036	4	2	9	5	3	4	2	3	8	4	6	5	7	5	7	4	9	3	5	11
GeneID3037	6	5	2	5	6	2	5	6	6	8	5	10	8	8	3	5	4	6	5	5
GeneID3038	3	4	3	3	8	3	5	5	5	9	1	6	5	5	2	4	7	4	8	5
GeneID3039	7	2	8	5	3	7	3	3	5	4	3	5	7	1	3	10	5	3	4	9
GeneID3040	7	9	6	1	7	3	8	9	5	5	5	5	4	8	5	8	3	3	9	6
GeneID3041	5	6	5	5	3	1	3	3	9	4	6	5	5	6	6	6	8	8	3	8
GeneID3042	4	7	8	3	4	7	6	2	2	3	2	3	9	8	11	8	5	2	6	10
GeneID3043	6	7	6	10	6	4	7	2	0	4	10	3	4	3	4	5	7	6	7	2
GeneID3044	5	4	4	8	4	9	7	5	8	6	3	6	4	1	5	6	3	6	4	6
GeneID3045	2	2	7	7	6	2	6	6	4	2	7	7	4	6	6	8	3	6	8	3
GeneID3046	5	4	6	5	4	7	7	2	5	5	5	9	6	7	8	3	4	7	8	3
GeneID3047	5	5	4	6	6	7	5	3	2	7	6	5	5	3	5	5	5	7	5	7
GeneID3048	3	3	5	3	0	6	6	6	4	2	8	6	5	3	5	5	5	6	7	4
GeneID3049	3	7	2	1	2	2	5	1	2	5	4	2	3	7	2	13	6	2	4	3
GeneID3050	4	9	4	4	2	7	3	4	3	6	5	5	4	1	4	4	3	7	9	5
GeneID3051	7	3	8	7	5	5	5	6	9	2	6	7	4	6	1	4	6	5	8	6
GeneID3052	7	2	7	10	4	9	5	3	3	6	5	5	4	9	5	7	7	7	5	8
GeneID3053	2	5	10	8	2	3	8	5	7	3	5	5	5	4	5	5	5	4	3	5
GeneID3054	3	6	5	8	2	1	4	1	2	6	7	4	5	1	3	2	4	7	6	4
GeneID3055	6	5	4	3	4	4	6	4	7	8	2	2	7	4	4	5	5	7	6	3
GeneID3056	2	5	5	3	3	6	4	3	4	11	3	5	3	1	9	7	8	5	5	5
GeneID3057	6	5	5	7	6	3	4	4	1	4	5	5	2	2	6	5	4	5	8	4
GeneID3058	6	6	4	8	3	4	5	8	2	7	3	6	4	3	6	4	5	5	7	7
GeneID3059	7	4	9	4	2	2	3	14	7	9	4	6	5	2	8	4	3	5	5	3
GeneID3060	4	4	3	3	4	4	5	1	4	2	0	5	8	2	3	7	9	10	5	1
GeneID3061	4	5	6	2	3	7	9	3	4	8	6	6	1	1	3	7	4	4	0	5
GeneID3062	4	2	2	7	6	4	5	5	6	6	5	4	8	8	3	5	3	4	5	6
GeneID3063	3	6	4	6	4	3	9	5	5	5	6	11	4	5	3	4	11	3	5	2
GeneID3064	11	3	5	2	4	3	4	3	4	3	2	6	8	3	6	7	7	6	2	7
GeneID3065	5	5	6	5	4	7	0	6	5	6	3	2	4	6	5	2	5	5	8	3
GeneID3066	7	6	6	10	4	4	7	3	3	3	4	6	2	7	6	5	7	5	7	6
GeneID3067	5	4	6	7	6	8	1	4	5	4	3	3	8	4	7	5	4	7	5	7
GeneID3068	6	2	1	4	9	8	3	4	4	2	8	5	10	4	3	5	3	3	7	9
GeneID3069	6	5	3	5	5	7	6	5	4	4	5	3	4	4	3	3	1	5	6	7
GeneID3070	8	2	3	2	7	6	3	10	5	3	8	6	4	11	5	6	6	4	2	5
GeneID3071	2	8	4	6	7	9	4	4	6	6	8	3	4	3	6	6	7	5	5	4
GeneID3072	6	4	6	3	5	6	3	6	1	4	4	2	7	8	4	4	6	4	4	1
GeneID3073	6	4	5	7	1	2	6	4	7	4	5	7	5	5	7	4	5	7	4	2
GeneID3074	2	1	7	6	7	6	6	5	3	4	8	7	4	6	4	5	6	4	5	4
GeneID3075	11	3	8	4	4	5	9	1	9	3	5	7	6	9	3	2	4	5	7	7
GeneID3076	3	8	4	8	3	0	7	8	5	4	6	1	2	8	6	10	4	3	9	2
GeneID3077	3	5	3	4	5	9	9	3	8	6	2	6	7	3	8	5	6	7	4	5
GeneID3078	9	7	2	4	4	3	4	6	6	5	4	3	5	2	3	7	6	7	5	6
GeneID3079	6	6	3	3	5	4	6	4	5	4	3	7	6	1	4	4	6	2	6	5
GeneID3080	4	5	8	2	4	7	4	3	2	3	2	8	3	3	3	4	6	2	5	2
GeneID3081	7	4	1	9	5	4	2	5	11	2	4	8	6	5	6	6	7	5	4	4
GeneID3082	8	1	3	6	4	9	5	5	5	4	6	7	6	2	3	3	12	5	5	8
GeneID3083	6	6	8	5	4	6	6	7	8	6	2	4	7	9	3	1	8	3	5	7
GeneID3084	5	3	11	4	7	5	0	5	1	4	5	5	4	6	3	2	4	2	1	5
GeneID3085	5	6	6	5	4	4	4	3	3	5	6	4	8	6	8	3	4	8	4	6
GeneID3086	7	7	8	5	4	3	3	7	7	12	6	6	2	2	9	4	3	8	7	5
GeneID3087	2	5	6	5	1	3	4	2	4	8	6	6	3	8	7	4	7	5	1	3
GeneID3088	3	3	6	6	4	1	5	4	2	8	5	4	4	4	6	9	6	3	4	2
GeneID3089	2	2	3	2	5	4	7	2	4	8	3	4	4	4	4	4	4	7	4	3
GeneID3090	5	6	3	9	2	5	3	1	7	6	4	5	3	7	4	5	2	4	6	7
GeneID3091	7	4	7	4	8	9	3	8	4	6	7	2	8	6	8	5	2	2	7	5
GeneID3092	7	3	8	4	1	2	3	3	4	5	4	3	10	3	5	4	4	6	4	4
GeneID3093	5	1	6	4	4	6	4	6	5	8	2	9	4	9	3	6	6	6	3	2
GeneID3094	5	2	1	3	6	9	6	8	3	2	7	7	5	8	6	3	3	6	2	7
GeneID3095	8	3	3	2	5	5	3	6	10	4	8	4	9	3	4	9	2	4	4	3
GeneID3096	4	6	4	4	4	5	2	5	8	5	7	5	9	5	4	5	2	4	5	7
GeneID3097	2	4	6	11	6	3	9	4	3	6	12	4	3	5	3	10	4	9	6	8
GeneID3098	5	5	9	8	5	5	6	3	5	4	5	5	5	7	2	4	9	7	4	9
GeneID3099	5	4	5	4	2	3	1	3	6	5	9	5	2	3	4	2	4	3	5	5
GeneID3100	11	7	3	3	4	5	4	7	5	8	8	2	2	9	3	2	2	9	2	6
GeneID3101	4	6	5	6	5	6	6	2	6	3	9	2	4	2	9	5	3	6	8	4
GeneID3102	7	3	3	4	8	4	3	6	5	5	8	4	9	6	4	8	5	6	5	6
GeneID3103	6	8	4	5	9	9	6	3	4	8	3	2	4	3	3	4	6	3	2	3
GeneID3104	8	5	5	3	4	9	2	4	7	2	6	4	4	4	3	9	5	5	6	9
GeneID3105	1	2	1	4	3	2	2	3	6	7	2	5	6	3	7	5	4	4	6	4
GeneID3106	6	8	9	11	6	4	4	5	7	5	4	3	9	4	6	2	6	2	8	3
GeneID3107	2	4	3	3	1	2	5	7	4	8	6	3	10	3	5	8	3	5	5	3
GeneID3108	1	9	7	2	1	4	2	6	6	5	9	9	13	5	5	5	3	10	6	1
GeneID3109	3	3	3	4	2	5	12	3	5	5	4	4	7	9	2	6	5	4	8	5
GeneID3110	0	8	2	5	3	3	1	9	3	6	4	6	5	5	9	7	1	3	5	7
GeneID3111	9	4	3	4	6	5	4	7	6	5	6	3	4	4	7	7	5	5	7	6
GeneID3112	6	4	2	3	5	6	2	2	6	4	8	4	4	4	5	11	5	6	4	7
GeneID3113	6	3	2	3	7	4	4	3	5	5	8	2	6	6	4	5	3	2	4	6
GeneID3114	1	8	5	3	9	6	7	6	4	6	5	4	7	9	5	8	10	7	5	3
GeneID3115	8	4	3	8	6	6	7	6	4	5	14	5	5	3	3	4	5	4	2	1
GeneID3116	7	7	8	2	2	5	5	3	4	9	1	5	4	6	5	9	2	6	5	3
GeneID3117	5	2	4	5	7	6	3	7	7	4	4	10	11	2	6	4	6	6	6	4
GeneID3118	5	4	5	12	7	3	7	7	8	6	6	10	10	9	9	8	2	7	3	5
GeneID3119	3	4	8	6	2	3	3	3	2	5	5	8	8	3	5	5	6	5	5	6
GeneID3120	2	5	7	5	5	4	4	9	2	3	6	3	5	6	5	6	5	3	5	4
GeneID3121	2	5	3	5	6	10	6	6	2	4	1	2	7	5	10	2	4	6	3	4
GeneID3122	6	6	5	7	4	5	5	3	7	7	5	7	5	6	7	4	4	6	3	6
GeneID3123	3	3	9	13	4	5	6	3	5	6	6	5	7	5	3	2	2	3	3	7
GeneID3124	3	4	8	4	6	7	6	4	7	5	7	2	6	8	8	4	8	8	7	9
GeneID3125	4	5	4	6	4	8	7	3	4	7	1	1	4	8	5	4	7	5	4	5
GeneID3126	5	5	3	7	4	5	3	5	4	4	6	4	10	4	7	5	7	6	9	3
GeneID3127	4	6	3	4	9	2	2	5	5	8	6	5	2	4	10	10	5	4	6	6
GeneID3128	7	9	6	2	5	7	6	6	2	3	5	3	4	7	6	5	5	5	5	9
GeneID3129	5	2	7	6	8	7	5	3	6	5	4	8	6	9	4	2	3	1	2	4
GeneID3130	4	5	4	2	8	2	4	2	3	2	4	7	1	4	3	4	4	5	8	4
GeneID3131	4	4	6	5	4	3	1	4	1	5	6	4	7	9	3	4	6	3	5	6
GeneID3132	4	5	3	3	10	2	9	3	8	1	7	5	4	6	6	6	1	9	3	3
GeneID3133	4	7	1	11	5	5	2	6	3	2	4	4	4	4	11	5	7	3	3	6
GeneID3134	3	5	6	8	3	8	8	5	4	4	7	1	5	4	5	6	5	3	9	5
GeneID3135	7	6	2	9	5	2	3	4	2	7	9	5	0	11	4	5	3	3	5	5
GeneID3136	7	7	9	5	6	7	3	3	6	8	6	3	4	5	1	5	2	8	4	2
GeneID3137	11	4	6	8	5	6	3	9	6	4	11	6	9	7	1	6	5	8	5	6
GeneID3138	7	8	3	3	5	5	8	4	9	8	3	5	5	4	4	9	4	3	6	9
GeneID3139	4	4	5	6	2	1	0	6	4	4	3	4	5	7	7	7	5	5	8	6
GeneID3140	10	8	3	6	7	7	2	11	4	2	6	4	3	3	4	2	4	5	7	7
GeneID3141	8	5	2	3	6	3	8	5	4	7	4	5	11	7	4	4	5	1	7	6
GeneID3142	6	3	7	5	2	1	5	5	7	9	8	5	3	5	7	1	5	6	3	3
GeneID3143	2	4	6	7	3	8	10	6	3	4	6	5	5	3	1	3	8	9	5	2
GeneID3144	3	7	8	3	3	3	5	4	6	5	3	7	11	3	2	5	3	6	8	3
GeneID3145	6	3	4	1	7	8	5	2	3	2	4	6	3	5	7	9	0	5	7	6
GeneID3146	4	4	2	6	3	2	9	6	4	5	2	8	2	8	9	5	4	8	2	5
GeneID3147	2	4	4	4	7	3	6	6	8	6	5	3	11	4	2	6	9	1	4	2
GeneID3148	0	8	4	6	3	6	7	3	8	4	5	5	3	8	5	4	7	8	7	1
GeneID3149	5	8	3	6	9	2	2	7	8	3	4	5	5	6	6	8	4	4	7	7
GeneID3150	4	4	7	3	5	7	4	8	1	7	5	8	5	5	7	5	5	5	7	8
GeneID3151	0	6	3	4	9	4	8	7	3	2	4	6	5	2	3	1	9	5	2	5
GeneID3152	2	2	2	8	11	3	2	6	7	12	3	1	3	5	1	6	3	7	5	4
GeneID3153	6	6	6	8	3	7	3	6	2	3	4	6	6	9	3	7	3	7	12	6
GeneID3154	6	4	6	7	2	3	5	10	4	8	6	8	3	1	4	6	3	6	3	7
GeneID3155	5	5	8	5	1	6	7	4	4	6	4	5	5	8	8	6	2	6	6	5
GeneID3156	6	3	4	4	5	5	2	7	6	4	7	6	4	9	4	4	4	4	5	5
GeneID3157	3	6	7	4	7	4	8	6	6	3	6	3	3	5	4	11	8	1	4	6
GeneID3158	1	6	5	6	4	5	6	5	5	3	8	7	6	3	4	5	4	2	7	2
GeneID3159	3	3	3	5	9	4	4	5	5	5	7	7	6	7	2	4	3	6	5	8
GeneID3160	2	3	3	6	4	4	5	3	3	7	5	3	6	3	6	3	7	7	6	4
GeneID3161	10	5	5	8	4	2	6	3	2	3	6	10	6	5	9	3	5	7	4	8
GeneID3162	2	4	3	5	7	4	9	6	7	10	1	3	2	2	3	7	4	7	2	2
GeneID3163	4	3	5	3	5	11	3	3	4	2	9	3	1	9	7	4	9	5	2	7
GeneID3164	5	6	7	3	1	4	5	0	3	7	8	3	4	6	2	4	5	8	3	5
GeneID3165	2	6	4	7	9	4	4	4	4	3	2	2	3	6	2	6	8	8	6	4
GeneID3166	2	6	6	3	10	3	7	7	4	5	4	5	6	7	4	6	9	6	4	4
GeneID3167	7	4	8	2	5	6	6	2	1	6	3	1	6	4	2	5	3	7	4	4
GeneID3168	4	9	10	5	4	4	5	3	5	3	5	8	3	6	3	5	5	5	6	3
GeneID3169	3	5	10	5	2	5	9	8	3	6	14	4	2	4	9	5	4	7	5	7
GeneID3170	4	5	7	7	5	1	4	3	3	6	4	3	2	5	3	8	2	8	5	8
GeneID3171	6	6	5	3	3	10	3	5	6	4	5	1	5	2	1	4	7	4	6	6
GeneID3172	6	5	4	4	6	12	4	8	4	1	6	1	6	2	3	9	8	5	5	3
GeneID3173	5	8	5	2	5	3	5	7	7	6	8	4	6	7	4	5	8	2	3	3
GeneID3174	4	7	2	3	3	4	5	5	6	3	1	9	4	3	7	3	6	6	7	5
GeneID3175	3	6	4	6	7	2	6	9	1	1	8	5	7	6	4	5	5	7	5	5
GeneID3176	11	2	4	9	2	1	9	8	7	2	6	4	2	2	4	4	5	7	2	4
GeneID3177	5	9	6	9	5	8	10	6	3	10	6	4	8	4	4	4	4	2	3	3
GeneID3178	6	4	6	5	4	0	6	4	6	6	8	3	3	4	3	4	2	7	9	3
GeneID3179	6	9	4	4	6	1	6	10	6	5	4	9	5	6	2	3	7	6	3	3
GeneID3180	7	8	4	10	3	4	10	5	2	5	4	5	4	5	6	4	8	7	2	5
GeneID3181	10	6	3	2	2	3	3	3	4	4	7	8	4	5	9	4	8	5	6	3
GeneID3182	5	6	8	6	3	1	2	7	6	5	6	3	8	7	6	9	1	4	4	4
GeneID3183	5	9	5	7	6	4	8	3	3	3	2	6	7	4	4	4	5	3	10	4
GeneID3184	3	4	9	7	6	5	8	4	4	3	4	4	6	10	4	8	4	8	4	0
GeneID3185	4	9	3	4	9	4	3	2	6	4	10	4	1	11	7	7	4	8	5	3
GeneID3186	4	5	5	3	6	5	3	4	10	5	6	3	4	8	5	3	6	3	1	6
GeneID3187	3	5	4	5	2	9	4	4	5	8	4	3	1	5	5	4	3	4	5	3
GeneID3188	5	2	5	5	7	2	7	6	6	11	4	4	5	7	8	6	7	4	4	2
GeneID3189	8	1	4	4	8	2	4	6	7	5	1	2	8	8	3	8	10	1	12	7
GeneID3190	7	5	4	8	7	4	6	5	6	7	1	6	2	2	6	8	4	3	10	9
GeneID3191	6	4	4	4	9	5	4	6	5	11	5	3	7	5	4	8	5	5	5	5
GeneID3192	5	8	5	2	6	6	2	4	5	11	4	5	1	4	4	2	7	5	5	9
GeneID3193	6	11	4	7	8	3	3	5	7	5	5	3	9	4	7	6	3	4	4	8
GeneID3194	3	4	3	3	6	3	4	8	5	6	9	5	3	3	5	9	5	12	6	10
GeneID3195	4	3	5	3	6	2	6	6	4	3	4	2	1	4	5	8	3	4	3	6
GeneID3196	5	6	7	4	2	6	5	6	3	5	5	3	4	6	4	9	6	2	4	7
GeneID3197	6	7	7	4	5	4	4	5	6	5	3	1	3	4	10	3	8	6	7	2
GeneID3198	4	4	2	6	3	4	5	4	5	5	2	5	10	7	5	3	5	3	12	7
GeneID3199	5	6	5	5	0	5	6	4	6	6	10	6	2	8	5	4	5	3	4	6
GeneID3200	2	10	8	7	9	6	5	5	5	4	8	4	3	6	2	8	5	7	5	5
GeneID3201	4	9	6	4	6	4	5	5	4	4	3	8	1	4	7	4	6	3	5	3
GeneID3202	5	7	3	3	6	4	3	3	4	3	4	3	5	5	5	4	5	6	3	5
GeneID3203	4	6	4	6	5	10	4	7	10	4	3	4	4	3	4	10	6	11	3	9
GeneID3204	5	6	7	8	4	4	1	6	6	5	6	8	5	4	6	5	3	6	4	7
GeneID3205	5	3	6	9	6	3	4	4	2	2	4	10	3	8	0	5	4	6	5	9
GeneID3206	5	7	6	6	6	4	3	3	5	4	4	3	8	2	7	8	5	4	8	9
GeneID3207	4	8	2	5	1	3	3	4	3	6	7	5	3	4	7	6	10	3	8	2
GeneID3208	7	5	5	3	7	7	4	7	7	5	5	7	5	6	0	1	5	5	3	7
GeneID3209	4	6	6	1	2	4	5	4	6	4	5	4	2	6	4	3	4	5	6	6
GeneID3210	2	5	5	7	3	8	5	4	3	7	9	5	7	6	4	4	6	2	4	7
GeneID3211	2	7	4	4	4	3	4	10	2	7	8	5	7	3	7	5	7	8	7	6
GeneID3212	10	7	6	4	7	2	6	3	3	6	7	5	5	5	2	10	5	8	5	4
GeneID3213	7	2	4	5	5	4	8	5	4	6	5	8	7	3	2	3	6	4	4	5
GeneID3214	3	4	4	6	8	4	3	5	10	4	3	1	4	1	4	7	4	2	3	3
GeneID3215	4	3	4	8	4	6	5	9	8	3	8	7	5	6	5	5	4	4	5	4
GeneID3216	9	5	3	3	2	7	5	6	5	4	7	4	4	4	4	8	4	6	2	10
GeneID3217	6	2	2	8	6	1	5	7	5	8	7	8	10	6	5	5	6	10	9	5
GeneID3218	4	3	6	6	5	3	4	8	6	7	2	6	5	4	4	5	10	4	6	3
GeneID3219	3	4	2	8	7	6	7	4	3	7	8	4	6	2	7	6	4	4	2	5
GeneID3220	3	7	6	5	5	6	7	9	3	1	3	4	7	5	4	3	7	4	5	3
GeneID3221	3	3	1	2	5	8	2	5	4	5	7	4	5	3	2	7	6	5	3	2
GeneID3222	6	4	4	7	11	4	13	1	6	3	6	7	3	10	10	3	6	3	5	1
GeneID3223	1	1	4	6	7	6	8	8	7	1	8	2	5	2	2	5	6	5	11	3
GeneID3224	9	3	4	3	4	2	2	6	6	7	7	1	6	5	6	8	6	2	3	4
GeneID3225	3	5	7	9	6	2	5	3	5	4	6	3	6	7	3	3	4	6	6	3
GeneID3226	7	5	8	2	4	2	4	6	4	3	6	6	3	9	5	6	1	4	2	7
GeneID3227	3	4	5	2	7	5	1	6	3	4	5	4	2	4	8	3	5	5	7	2
GeneID3228	10	11	8	4	4	4	6	3	4	8	2	4	5	6	6	7	4	4	4	4
GeneID3229	4	3	5	6	9	6	8	7	6	3	4	4	3	2	1	3	5	5	7	6
GeneID3230	5	6	3	5	8	3	9	7	3	5	2	3	6	4	6	6	4	2	3	2
GeneID3231	4	9	6	2	2	4	7	6	4	3	3	1	4	5	4	4	5	2	11	2
GeneID3232	3	4	3	9	5	9	4	4	4	5	9	3	3	4	4	3	6	1	2	4
GeneID3233	5	3	6	4	5	4	5	4	7	0	4	8	2	3	2	5	9	4	3	5
GeneID3234	3	2	5	9	8	6	7	3	3	7	9	3	4	2	3	9	7	6	5	8
GeneID3235	7	10	6	1	2	3	2	4	7	4	4	3	5	8	4	8	5	0	3	4
GeneID3236	4	2	5	5	5	8	4	3	5	3	5	1	4	6	3	8	4	3	6	9
GeneID3237	5	2	6	8	7	2	4	3	9	3	5	6	8	2	6	4	3	5	3	3
GeneID3238	8	7	5	9	4	3	4	0	6	8	7	10	8	5	6	2	9	6	7	9
GeneID3239	5	6	5	5	1	5	4	2	4	8	2	4	4	6	1	3	5	7	5	5
GeneID3240	0	8	4	7	3	2	3	6	5	7	7	4	7	8	7	5	6	9	5	3
GeneID3241	6	5	8	3	5	4	5	5	3	6	4	6	4	8	4	7	2	5	12	5
GeneID3242	3	6	4	5	3	4	2	7	6	6	1	3	4	3	6	4	2	8	4	5
GeneID3243	4	4	6	9	6	5	5	7	5	9	6	3	6	4	4	7	11	3	1	4
GeneID3244	6	3	6	6	5	3	5	2	3	4	3	10	4	6	3	7	6	7	11	1
GeneID3245	4	4	2	7	4	6	7	2	3	2	6	9	4	3	12	1	8	4	6	7
GeneID3246	8	5	9	2	2	5	5	4	6	6	10	6	6	7	1	4	1	4	3	5
GeneID3247	3	7	7	7	10	3	6	6	5	5	2	6	5	6	8	6	1	3	7	5
GeneID3248	7	3	3	6	0	1	5	4	11	3	7	7	5	3	13	3	4	4	8	7
GeneID3249	7	1	6	5	5	5	6	5	3	7	5	5	5	6	4	4	8	6	4	5
GeneID3250	0	6	5	5	6	7	7	8	5	6	6	6	6	6	6	2	6	4	6	6
GeneID3251	2	3	7	4	3	10	3	4	4	4	5	4	6	4	3	5	2	6	5	6
GeneID3252	6	2	2	4	5	6	2	4	6	4	8	5	4	5	7	8	3	6	4	6
GeneID3253	6	7	9	6	4	7	7	4	7	3	6	0	3	5	3	10	10	6	4	5
GeneID3254	8	4	4	6	4	3	4	4	7	4	8	4	5	6	5	5	2	5	9	6
GeneID3255	2	5	8	5	10	6	5	4	7	4	6	4	3	2	6	4	6	2	3	3
GeneID3256	4	4	8	7	1	7	7	5	5	4	6	6	4	8	5	7	6	4	5	11
GeneID3257	4	6	5	4	6	4	3	1	8	5	7	2	5	7	2	6	1	9	5	2
GeneID3258	5	4	6	4	7	4	8	4	3	4	6	9	5	8	3	2	4	3	2	5
GeneID3259	2	5	12	7	5	10	5	5	3	7	4	5	4	5	3	7	4	2	4	4
GeneID3260	3	7	11	6	10	9	4	7	4	5	2	4	4	5	7	4	3	3	1	5
GeneID3261	6	3	7	3	7	3	6	8	5	4	10	11	4	6	10	4	4	2	2	4
GeneID3262	2	8	2	7	5	7	8	4	3	4	6	5	3	2	2	2	2	4	3	7
GeneID3263	6	3	2	5	6	4	7	3	7	4	5	5	6	3	4	4	1	4	5	9
GeneID3264	7	9	6	3	4	5	11	6	2	7	5	5	5	8	1	0	4	6	3	4
GeneID3265	3	5	8	0	3	6	4	3	5	2	9	4	3	5	1	10	4	2	4	4
GeneID3266	4	3	9	6	6	3	4	5	5	8	6	8	7	9	4	6	4	3	8	2
GeneID3267	2	5	9	8	5	6	5	4	6	4	7	3	5	4	9	7	9	3	8	4
GeneID3268	1	5	5	4	7	1	5	6	3	11	4	5	6	2	3	4	7	8	5	4
GeneID3269	10	5	9	4	8	3	6	5	7	5	4	2	5	4	4	3	3	7	6	6
GeneID3270	6	3	2	5	4	5	4	6	4	3	4	12	5	4	6	5	4	7	5	7
GeneID3271	6	8	2	9	6	4	5	5	7	9	4	6	1	3	7	0	6	2	8	4
GeneID3272	2	8	3	1	10	2	5	2	2	1	4	3	3	6	2	5	2	5	6	4
GeneID3273	2	10	4	1	7	4	7	2	3	8	7	4	6	7	2	3	2	4	2	3
GeneID3274	7	2	6	6	4	7	1	5	8	3	4	7	4	4	5	5	2	3	6	1
GeneID3275	5	1	3	7	7	7	6	8	4	5	1	6	5	1	10	6	3	6	8	7
GeneID3276	2	4	4	2	6	4	6	4	6	12	4	3	2	6	0	6	5	9	3	7
GeneID3277	6	3	6	3	2	8	3	5	7	4	6	8	6	5	2	4	6	9	7	6
GeneID3278	7	6	7	4	5	2	2	7	5	6	1	4	4	4	3	6	4	3	3	6
GeneID3279	5	8	8	3	4	9	5	6	3	7	7	11	5	2	5	5	7	7	4	4
GeneID3280	7	4	4	3	2	5	6	9	4	7	3	5	3	7	2	5	5	5	6	3
GeneID3281	3	6	2	8	2	6	5	0	4	7	6	3	6	5	3	7	4	3	7	3
GeneID3282	7	3	6	4	6	8	0	5	8	4	5	10	3	6	2	5	2	8	5	3
GeneID3283	9	5	1	3	7	3	7	4	10	2	3	8	5	9	2	4	6	6	3	5
GeneID3284	9	7	8	3	3	4	4	5	3	0	12	7	4	4	5	4	2	7	3	7
GeneID3285	1	6	2	5	5	10	5	10	8	3	3	5	6	0	4	7	6	8	4	6
GeneID3286	3	8	5	2	4	4	4	7	5	3	4	7	4	4	6	2	5	2	7	10
GeneID3287	6	3	3	5	11	3	5	3	6	9	0	3	3	6	5	5	2	6	6	5
GeneID3288	2	6	4	4	10	4	3	6	4	4	6	8	3	3	2	7	4	11	4	4
GeneID3289	6	3	3	5	3	8	7	6	3	6	9	5	3	9	10	3	7	3	6	6
GeneID3290	6	2	5	6	8	7	5	6	2	7	10	4	2	6	4	5	7	2	1	4
GeneID3291	7	3	4	4	6	2	4	7	5	5	5	7	5	5	6	3	6	7	6	4
GeneID3292	6	7	5	4	2	5	3	2	4	6	8	8	7	1	7	7	5	1	3	5
GeneID3293	4	6	7	6	4	5	5	3	12	3	3	4	6	5	8	3	5	4	2	5
GeneID3294	7	2	5	2	2	4	9	11	1	6	5	4	2	5	6	2	6	7	6	3
GeneID3295	5	6	4	6	1	4	6	6	4	6	8	6	5	3	5	5	10	5	8	1
GeneID3296	3	7	5	6	6	5	2	5	5	2	3	4	4	10	3	8	3	2	2	3
GeneID3297	3	5	8	4	3	2	4	8	4	2	3	8	4	5	10	6	6	9	1	5
GeneID3298	7	7	6	5	5	5	5	7	7	4	11	4	6	4	10	1	4	2	5	2
GeneID3299	5	6	9	8	6	5	6	7	8	4	3	2	6	4	8	5	3	11	7	7
GeneID3300	3	6	3	4	5	5	2	3	6	2	4	1	6	7	1	4	4	4	5	6
GeneID3301	8	6	5	4	2	5	5	4	6	6	6	2	7	9	4	5	1	3	9	4
GeneID3302	3	5	2	6	1	8	3	7	1	2	3	5	2	3	4	5	6	7	8	2
GeneID3303	9	4	4	4	8	3	4	5	9	7	4	4	3	6	8	3	10	5	6	4
GeneID3304	6	0	4	4	6	11	4	6	9	3	10	5	6	6	4	5	3	2	2	5
GeneID3305	6	5	7	5	3	2	1	10	5	3	9	7	4	2	14	3	8	2	6	4
GeneID3306	6	4	8	3	2	6	10	11	6	3	5	3	8	5	4	4	4	3	4	1
GeneID3307	3	6	5	2	4	6	8	4	5	5	3	6	8	7	3	5	8	6	4	8
GeneID3308	2	2	12	4	2	10	1	4	6	8	3	6	4	3	3	7	4	4	3	6
GeneID3309	4	5	3	4	6	1	5	6	10	6	3	1	6	3	4	9	4	5	3	5
GeneID3310	6	2	4	5	3	2	0	1	4	2	5	4	8	5	8	6	8	5	8	4
GeneID3311	7	3	2	6	13	5	3	3	4	3	3	5	4	5	5	5	2	6	4	4
GeneID3312	3	2	5	8	7	4	5	5	1	3	8	5	6	13	6	4	2	7	10	10
GeneID3313	3	4	11	4	3	4	3	3	6	4	5	6	6	6	4	2	3	4	3	7
GeneID3314	6	7	5	4	4	4	4	2	3	4	8	2	7	6	7	7	5	4	5	4
GeneID3315	3	6	4	6	6	3	6	3	7	8	9	4	1	4	4	3	6	4	4	4
GeneID3316	7	8	4	4	7	5	7	5	6	6	4	8	2	1	9	6	2	5	3	6
GeneID3317	2	7	1	4	4	6	8	4	9	9	6	7	6	6	3	4	6	8	4	4
GeneID3318	3	3	3	5	4	10	7	4	4	5	5	1	4	6	3	4	9	7	3	8
GeneID3319	7	5	4	6	2	4	5	8	11	7	2	6	4	8	5	3	3	3	6	8
GeneID3320	5	7	2	2	6	4	11	4	6	7	3	10	5	11	8	5	4	6	1	4
GeneID3321	3	11	6	1	3	5	3	8	4	3	4	5	7	1	4	3	8	4	8	8
GeneID3322	5	6	6	6	4	10	3	3	7	11	4	5	3	3	3	5	6	4	6	5
GeneID3323	7	7	2	11	6	2	5	6	3	4	1	2	4	8	5	8	5	7	7	6
GeneID3324	6	7	9	3	3	7	7	7	3	6	3	4	3	3	9	4	7	1	6	2
GeneID3325	6	2	2	9	7	4	7	0	4	4	3	5	6	6	5	7	5	4	4	5
GeneID3326	6	4	6	2	9	6	4	6	6	3	2	7	8	8	4	5	4	5	4	4
GeneID3327	6	7	9	5	9	7	7	4	2	6	5	7	4	3	4	7	10	4	5	9
GeneID3328	8	6	6	5	7	5	9	8	6	7	5	2	4	5	6	9	6	4	3	10
GeneID3329	6	6	4	3	6	2	6	4	7	6	7	4	5	3	3	8	6	7	9	3
GeneID3330	2	6	6	7	6	3	1	6	5	3	5	4	7	8	6	5	5	9	6	2
GeneID3331	7	7	10	9	5	4	7	2	6	8	6	4	3	3	4	9	2	5	4	1
GeneID3332	4	2	4	4	7	4	3	3	4	1	8	5	5	4	3	4	8	3	7	5
GeneID3333	6	4	3	9	7	6	9	6	5	5	5	8	2	6	3	2	7	4	7	2
GeneID3334	8	2	3	6	5	3	3	5	4	6	6	3	4	9	8	5	2	6	6	5
GeneID3335	1	5	4	4	5	4	5	5	6	3	7	7	4	0	7	1	0	7	9	6
GeneID3336	4	5	6	7	2	2	5	5	8	2	2	6	3	3	3	5	9	6	4	4
GeneID3337	5	1	4	7	4	11	6	7	6	11	3	5	4	6	5	6	4	3	2	8
GeneID3338	4	3	4	2	7	4	5	5	5	3	2	6	3	2	5	4	1	3	8	6
GeneID3339	6	9	4	5	4	8	5	3	5	5	3	4	4	6	8	6	4	3	3	5
GeneID3340	2	6	9	7	7	5	4	4	4	4	4	4	8	13	4	5	6	6	5	6
GeneID3341	2	1	4	3	8	16	3	5	3	4	4	5	4	8	3	7	5	11	5	3
GeneID3342	3	4	6	3	6	3	4	5	4	7	6	4	5	5	9	4	4	1	2	5
GeneID3343	2	4	4	3	6	4	3	7	5	3	6	5	4	6	5	6	6	6	2	4
GeneID3344	4	7	10	4	4	7	6	5	5	3	4	2	7	7	4	4	7	4	5	5
GeneID3345	2	12	4	6	2	5	7	7	4	10	3	2	4	6	6	3	4	8	6	3
GeneID3346	10	1	8	8	6	6	2	2	7	6	7	5	6	6	6	6	2	5	4	4
GeneID3347	10	9	2	4	6	9	4	3	3	4	7	7	5	8	3	5	1	9	8	7
GeneID3348	5	5	6	4	4	6	4	6	13	4	6	7	9	7	5	3	7	10	4	8
GeneID3349	4	5	4	3	7	4	6	10	5	6	8	4	4	4	4	5	3	3	4	9
GeneID3350	2	7	4	4	5	3	5	9	3	2	5	6	7	6	8	5	3	4	6	2
GeneID3351	6	5	5	4	6	7	4	8	4	7	6	9	4	6	5	5	3	5	2	3
GeneID3352	5	7	3	8	6	5	5	5	1	0	6	3	4	6	5	5	4	4	6	5
GeneID3353	2	5	6	4	2	6	4	9	5	1	7	4	8	4	8	5	5	3	3	6
GeneID3354	8	5	7	4	7	5	8	2	8	8	3	8	7	6	6	7	7	3	3	3
GeneID3355	7	3	7	2	7	7	7	4	8	5	4	8	3	1	4	5	7	4	6	4
GeneID3356	5	9	6	3	3	4	11	0	7	7	5	6	6	4	2	6	6	4	7	7
GeneID3357	0	1	5	6	3	4	3	4	5	4	6	8	3	7	5	7	4	4	1	2
GeneID3358	8	2	5	5	4	4	6	10	4	2	3	4	5	8	2	8	6	5	5	3
GeneID3359	4	6	2	7	5	4	7	7	4	6	2	5	6	4	3	5	6	2	7	3
GeneID3360	2	3	5	8	2	3	2	3	7	3	8	10	3	9	8	4	0	2	4	6
GeneID3361	9	3	1	4	9	10	10	7	6	4	7	6	3	2	4	7	5	4	10	5
GeneID3362	6	10	9	3	8	11	2	6	4	3	5	4	3	2	7	3	3	4	6	10
GeneID3363	5	5	4	3	3	3	4	1	2	4	6	4	2	2	4	6	5	5	5	4
GeneID3364	8	4	5	5	9	7	4	4	5	2	4	5	4	5	4	5	6	7	9	5
GeneID3365	3	5	2	6	4	3	5	4	6	3	9	9	7	6	3	2	6	5	3	11
GeneID3366	4	6	6	3	4	5	3	3	3	7	4	5	7	1	7	2	4	5	3	3
GeneID3367	9	7	11	6	5	7	3	6	5	6	6	10	9	5	4	5	3	5	6	6
GeneID3368	3	4	1	8	3	6	2	4	4	6	1	4	1	6	3	2	3	8	4	6
GeneID3369	6	3	3	6	8	3	7	2	5	3	6	3	4	6	4	0	8	2	6	4
GeneID3370	6	4	3	4	8	6	9	2	7	10	3	6	6	5	4	3	4	4	3	6
GeneID3371	6	0	4	6	5	4	4	5	3	6	3	4	4	3	6	7	4	11	3	5
GeneID3372	4	4	12	4	2	8	11	7	3	5	4	4	5	4	4	6	2	2	2	10
GeneID3373	4	6	4	6	4	8	10	6	3	6	4	3	3	7	1	5	8	4	3	4
GeneID3374	1	5	5	7	4	7	3	3	5	8	6	0	4	4	5	5	5	4	3	4
GeneID3375	1	6	4	3	2	5	3	7	2	1	4	4	10	6	5	8	6	7	5	2
GeneID3376	5	6	8	5	6	8	8	2	4	5	3	6	3	8	3	6	9	4	6	6
GeneID3377	11	4	3	5	7	5	3	2	4	3	4	7	6	5	4	2	7	5	7	6
GeneID3378	5	5	6	1	8	5	8	5	9	4	8	6	5	7	5	2	3	2	6	7
GeneID3379	5	5	3	6	4	6	2	6	6	2	6	3	7	11	3	7	6	2	3	4
GeneID3380	3	6	3	7	4	6	3	3	5	4	8	3	5	10	6	6	7	8	5	2
GeneID3381	5	7	7	6	6	4	5	8	5	5	9	4	4	5	4	5	7	6	5	5
GeneID3382	4	3	5	5	7	0	6	7	5	2	8	7	6	8	2	3	7	2	7	5
GeneID3383	4	4	2	3	2	3	4	2	5	4	4	6	5	6	4	6	5	5	5	2
GeneID3384	3	7	2	3	9	5	5	9	3	6	7	6	4	3	9	10	2	4	9	8
GeneID3385	5	4	7	4	8	3	3	7	8	6	4	5	2	6	3	9	4	10	6	9
GeneID3386	5	4	4	8	5	7	6	6	6	4	6	6	7	4	7	3	4	7	7	3
GeneID3387	6	6	6	9	4	3	5	4	6	5	2	5	7	4	3	5	8	7	5	8
GeneID3388	5	3	4	9	5	3	6	6	4	6	9	3	2	7	6	4	6	5	3	9
GeneID3389	6	1	5	4	3	1	5	2	6	7	5	7	5	8	4	4	4	6	4	5
GeneID3390	6	3	4	3	2	6	3	2	5	9	3	6	1	3	5	3	7	10	6	4
GeneID3391	3	5	11	5	5	7	3	4	5	6	2	12	3	5	7	6	4	1	4	6
GeneID3392	10	4	1	7	5	8	5	6	2	3	8	3	3	5	5	6	2	2	1	1
GeneID3393	3	5	5	8	7	2	9	4	7	3	4	5	3	5	12	11	2	7	5	7
GeneID3394	5	3	8	1	4	5	1	5	10	5	3	4	6	7	1	8	6	4	9	6
GeneID3395	6	5	2	3	5	11	6	5	4	4	3	8	5	7	8	4	5	8	3	5
GeneID3396	5	9	4	2	5	4	8	6	1	3	6	4	2	3	6	6	3	6	5	3
GeneID3397	4	3	4	5	1	5	3	6	3	7	5	4	7	3	3	6	4	7	7	7
GeneID3398	7	7	6	9	3	8	3	5	4	2	6	7	4	6	6	7	1	4	10	4
GeneID3399	4	5	6	2	6	5	7	9	5	2	6	6	3	8	6	1	5	3	6	6
GeneID3400	2	3	2	4	6	7	8	3	2	7	3	4	5	1	2	3	4	2	7	4
GeneID3401	7	5	7	6	3	4	9	6	4	9	2	6	1	2	3	7	6	2	4	3
GeneID3402	6	4	5	4	5	2	4	6	4	5	8	4	4	6	2	5	7	3	5	4
GeneID3403	4	6	9	5	8	3	3	4	5	7	3	5	6	4	5	5	5	1	5	8
GeneID3404	6	5	7	4	7	5	4	7	6	2	2	8	7	2	4	6	8	8	2	5
GeneID3405	7	5	7	4	3	2	1	8	7	8	4	5	1	4	0	4	5	2	10	4
GeneID3406	7	2	5	5	4	3	6	3	2	5	7	3	6	7	3	4	5	5	6	6
GeneID3407	3	3	6	2	5	5	7	5	4	6	6	5	5	4	6	4	3	4	3	7
GeneID3408	4	4	5	4	12	8	4	5	3	4	5	6	6	5	3	6	1	3	4	4
GeneID3409	3	2	3	4	3	8	6	6	3	7	8	4	5	2	7	4	6	3	5	5
GeneID3410	8	4	5	4	5	8	4	6	3	10	3	4	8	2	6	4	1	3	4	1
GeneID3411	4	8	7	5	6	2	3	8	2	4	2	5	2	8	3	5	3	4	7	9
GeneID3412	9	2	5	7	7	5	3	3	2	8	6	0	7	5	8	6	6	4	8	4
GeneID3413	5	7	4	4	6	4	4	2	3	4	8	7	2	9	4	3	2	4	4	6
GeneID3414	3	8	8	5	3	2	1	1	6	5	7	5	4	4	7	6	5	6	3	0
GeneID3415	4	4	10	8	0	1	5	5	3	5	1	8	4	9	9	5	5	2	9	3
GeneID3416	8	6	15	2	4	4	5	5	8	4	3	4	9	4	5	6	2	5	5	2
GeneID3417	7	3	4	2	6	3	5	6	6	3	4	4	1	5	2	4	7	9	5	1
GeneID3418	7	5	6	3	4	1	9	2	4	5	3	8	9	6	5	11	5	3	4	4
GeneID3419	9	4	8	4	4	3	6	2	3	4	4	8	6	3	4	8	6	5	5	3
GeneID3420	3	5	4	6	7	6	2	5	5	9	3	5	3	3	4	4	10	2	6	1
GeneID3421	3	4	5	8	6	4	6	4	3	9	1	4	1	5	1	2	8	6	5	7
GeneID3422	4	6	4	10	3	3	3	4	13	5	2	6	6	5	2	2	5	5	1	6
GeneID3423	6	8	1	5	2	4	6	3	7	3	3	2	5	7	3	3	3	9	5	4
GeneID3424	9	4	4	6	0	6	4	6	6	6	3	4	1	3	8	2	6	5	7	7
GeneID3425	1	8	4	2	6	6	1	2	3	5	8	1	3	9	4	6	5	5	7	3
GeneID3426	4	3	7	8	5	5	4	7	5	6	5	6	4	6	5	9	3	4	4	4
GeneID3427	4	8	7	5	2	8	4	5	5	2	10	6	4	5	3	11	3	4	3	3
GeneID3428	5	4	6	5	2	1	6	4	2	5	4	5	6	9	7	1	2	8	5	1
GeneID3429	5	3	7	3	8	9	6	8	4	4	6	6	2	6	5	6	4	7	3	1
GeneID3430	3	4	1	5	3	3	7	6	3	7	7	11	4	2	4	5	5	5	4	5
GeneID3431	5	5	7	3	3	7	9	7	5	6	5	10	6	0	2	9	1	4	5	8
GeneID3432	9	6	5	1	8	6	7	5	5	7	7	9	8	9	4	5	4	6	4	5
GeneID3433	5	3	3	7	10	9	8	3	5	5	3	4	5	2	5	7	6	10	5	5
GeneID3434	6	4	1	5	5	5	4	6	4	3	8	4	7	7	2	6	3	7	5	4
GeneID3435	6	4	4	6	5	5	6	5	7	4	4	5	4	4	3	3	9	4	5	4
GeneID3436	3	6	5	4	7	3	4	2	9	5	5	5	2	5	5	6	4	3	6	5
GeneID3437	4	6	7	5	2	8	7	4	6	3	5	3	3	5	4	5	9	7	5	4
GeneID3438	3	8	2	0	4	6	5	4	3	4	9	3	3	4	3	8	5	4	5	3
GeneID3439	5	5	4	6	8	8	8	3	5	8	4	6	3	3	7	7	6	6	3	5
GeneID3440	4	3	6	3	7	5	8	7	1	7	5	5	7	5	2	3	4	2	5	6
GeneID3441	5	2	2	3	3	5	2	3	5	6	6	8	8	6	7	10	5	5	4	6
GeneID3442	5	5	4	6	3	1	3	7	5	4	5	7	7	13	5	4	7	6	6	4
GeneID3443	8	4	6	6	3	8	0	1	7	2	4	5	6	4	5	4	4	8	3	6
GeneID3444	3	6	8	2	7	6	6	7	3	6	9	4	3	4	7	8	3	6	7	1
GeneID3445	6	3	4	4	5	4	5	4	6	6	2	5	4	4	2	1	8	4	1	3
GeneID3446	9	4	5	5	6	3	3	4	4	4	13	5	4	3	6	5	3	4	6	7
GeneID3447	5	2	3	5	8	4	3	4	5	4	6	9	3	2	6	5	4	2	2	5
GeneID3448	9	7	7	3	4	7	5	6	2	3	6	7	6	3	3	7	5	3	9	3
GeneID3449	8	6	3	6	6	7	5	4	8	3	1	2	4	8	4	3	10	3	3	4
GeneID3450	7	10	8	6	4	9	8	9	1	3	1	2	7	5	6	5	6	14	1	5
GeneID3451	7	5	1	5	3	5	2	5	5	5	6	5	4	5	4	4	6	9	6	5
GeneID3452	3	8	5	3	8	5	4	4	5	2	6	6	7	6	2	4	4	4	5	7
GeneID3453	6	0	7	7	4	9	2	3	6	4	6	3	2	6	9	5	5	5	1	2
GeneID3454	6	7	6	3	6	4	7	5	4	2	8	8	5	5	6	7	4	8	3	3
GeneID3455	6	3	5	5	6	6	3	0	5	5	4	6	5	4	1	3	1	8	4	4
GeneID3456	7	4	4	4	3	5	6	4	6	7	6	5	9	7	4	6	4	3	9	6
GeneID3457	8	4	3	1	4	7	2	1	6	4	7	0	7	4	7	4	4	5	3	6
GeneID3458	5	8	2	1	5	4	5	5	4	4	6	4	6	7	5	3	6	6	8	5
GeneID3459	3	10	7	3	3	6	5	2	4	1	8	7	4	3	7	5	6	4	6	6
GeneID3460	8	3	2	5	5	6	3	5	3	2	5	5	5	7	3	7	6	7	2	4
GeneID3461	4	7	5	3	5	5	3	2	6	4	3	4	5	4	8	8	5	4	3	8
GeneID3462	4	3	3	3	6	4	3	9	4	3	2	1	5	4	5	6	3	7	9	4
GeneID3463	3	6	6	4	7	4	4	7	5	4	11	7	4	3	4	6	9	7	8	10
GeneID3464	2	4	4	3	5	1	4	5	11	7	5	5	5	6	7	6	9	6	7	6
GeneID3465	5	3	4	9	3	6	5	4	4	10	4	3	6	2	6	4	2	7	2	5
GeneID3466	7	5	3	7	5	6	4	2	3	3	3	8	6	6	4	9	3	8	5	4
GeneID3467	4	6	4	5	8	2	2	8	3	0	9	11	3	6	1	2	3	8	7	7
GeneID3468	6	6	4	1	9	9	5	8	4	2	5	6	5	6	6	2	5	5	2	5
GeneID3469	7	6	4	6	5	5	5	7	7	10	5	3	4	7	1	3	6	5	6	4
GeneID3470	5	6	6	9	10	5	4	6	11	4	6	5	6	2	6	6	4	6	7	3
GeneID3471	1	6	3	5	2	2	5	2	5	3	8	7	4	4	2	2	2	2	2	5
GeneID3472	5	5	4	6	3	4	6	4	10	3	5	2	2	5	5	5	7	3	5	3
GeneID3473	3	5	9	4	4	8	4	9	4	8	7	4	5	2	4	6	6	4	7	2
GeneID3474	6	6	0	5	2	5	5	8	5	7	6	5	10	3	4	2	6	9	4	4
GeneID3475	3	4	7	6	7	4	6	2	7	10	3	8	4	2	4	4	4	4	2	4
GeneID3476	7	6	1	4	3	3	2	10	8	1	7	10	3	6	6	4	6	4	3	5
GeneID3477	7	5	8	8	0	5	5	2	4	10	5	4	3	2	4	4	2	10	6	5
GeneID3478	4	4	5	8	2	4	3	4	6	8	4	3	8	8	4	7	5	6	3	5
GeneID3479	4	2	4	7	4	4	2	3	6	3	6	6	8	4	10	5	0	5	2	6
GeneID3480	3	2	4	3	4	6	3	4	6	3	7	4	5	10	6	3	8	5	6	6
GeneID3481	5	8	9	9	5	2	3	4	9	2	3	7	6	3	9	6	5	7	12	5
GeneID3482	6	5	3	7	6	3	8	9	5	3	4	4	4	7	5	8	3	7	6	5
GeneID3483	4	2	3	4	2	1	5	3	5	5	4	8	6	9	2	9	1	8	5	2
GeneID3484	4	6	2	4	4	4	2	6	4	6	6	4	6	3	7	7	1	4	1	5
GeneID3485	11	6	3	6	6	5	7	7	5	7	5	6	10	6	5	6	4	6	3	4
GeneID3486	4	10	10	7	2	7	2	5	5	3	5	1	6	1	2	7	7	4	5	8
GeneID3487	11	6	3	2	6	7	5	6	7	4	3	6	1	3	12	3	3	8	2	8
GeneID3488	10	5	6	4	7	3	2	5	3	6	1	4	9	3	9	9	4	3	4	5
GeneID3489	4	7	4	4	2	5	5	4	4	6	6	10	5	4	5	8	5	4	4	2
GeneID3490	4	6	4	7	6	3	4	9	6	4	3	2	3	5	6	2	8	2	4	5
GeneID3491	5	10	7	4	5	3	3	4	5	5	3	5	6	9	0	3	3	10	6	3
GeneID3492	2	5	7	4	8	0	6	2	4	3	5	4	5	5	5	3	7	7	5	1
GeneID3493	5	5	5	13	1	1	5	8	5	3	6	5	3	6	7	11	4	6	7	5
GeneID3494	5	5	5	6	7	4	2	6	1	4	2	11	2	5	2	3	2	3	7	1
GeneID3495	3	4	6	4	4	2	4	7	1	4	6	5	7	4	7	3	5	4	4	3
GeneID3496	1	6	3	6	3	7	8	3	1	8	8	5	5	4	3	5	7	2	7	4
GeneID3497	8	9	6	7	5	9	2	7	7	5	5	2	10	4	7	6	7	3	4	5
GeneID3498	10	3	4	5	3	4	7	2	5	5	7	4	7	4	6	7	2	3	5	8
GeneID3499	3	5	2	2	7	6	8	9	6	7	3	8	2	5	3	2	5	4	2	4
GeneID3500	4	4	5	3	9	8	3	8	7	6	10	6	9	4	7	2	7	5	4	6
GeneID3501	2	12	8	9	6	4	6	6	2	5	6	4	5	4	3	6	6	5	5	9
GeneID3502	8	11	5	7	0	6	3	6	3	8	6	0	2	5	7	1	4	2	8	3
GeneID3503	4	1	4	5	7	8	2	3	4	3	4	3	2	4	8	5	2	3	6	5
GeneID3504	8	10	2	5	5	2	5	3	5	9	4	7	3	2	5	3	5	5	8	7
GeneID3505	6	5	4	4	6	1	7	4	9	4	8	4	5	7	6	3	3	1	10	3
GeneID3506	4	4	5	5	5	3	4	3	4	6	4	4	6	4	4	8	2	4	4	7
GeneID3507	8	1	6	7	4	4	4	6	5	7	8	3	6	5	6	6	4	6	8	3
GeneID3508	7	6	7	4	3	10	12	2	5	4	2	3	4	4	8	7	6	4	2	5
GeneID3509	1	12	7	1	4	2	7	7	6	6	6	3	4	5	4	3	9	3	4	4
GeneID3510	2	5	5	6	6	8	2	2	6	7	8	3	4	3	5	7	3	2	7	8
GeneID3511	9	4	6	6	3	6	1	6	3	3	5	5	6	8	6	3	4	2	4	5
GeneID3512	4	5	5	6	4	6	4	3	2	4	4	8	4	9	7	5	8	4	5	1
GeneID3513	1	5	4	7	8	8	5	5	3	5	6	4	4	5	8	6	1	7	2	8
GeneID3514	5	7	6	10	3	5	7	6	4	7	4	8	7	4	5	5	8	5	5	4
GeneID3515	5	3	4	6	6	1	3	4	4	2	9	5	3	5	5	4	3	2	2	5
GeneID3516	8	5	6	3	6	6	7	5	2	6	1	6	2	7	3	2	3	6	2	5
GeneID3517	6	4	5	2	3	3	7	6	7	4	5	3	5	7	5	8	4	7	4	4
GeneID3518	3	5	5	3	4	3	8	4	4	8	8	5	3	3	5	2	6	3	3	4
GeneID3519	4	8	2	4	5	5	4	6	4	4	4	4	6	4	4	8	3	3	8	7
GeneID3520	3	5	4	6	7	3	5	4	6	4	2	8	7	6	7	8	4	6	5	6
GeneID3521	5	7	4	6	5	4	1	7	8	5	3	7	2	2	5	4	3	2	3	4
GeneID3522	3	8	4	4	6	11	3	2	4	5	5	5	5	4	9	7	6	8	4	14
GeneID3523	4	6	5	4	7	7	7	2	7	5	3	5	6	2	1	5	1	6	8	5
GeneID3524	1	7	6	7	6	3	2	4	3	4	4	3	9	3	6	7	4	3	4	4
GeneID3525	13	6	6	3	6	7	7	3	4	3	8	1	4	4	5	6	3	4	7	6
GeneID3526	8	4	8	2	5	2	11	3	8	5	3	11	8	3	7	5	5	4	8	0
GeneID3527	4	3	3	3	3	1	6	6	2	2	3	6	14	7	3	4	10	9	1	6
GeneID3528	2	3	5	5	6	6	6	5	6	7	8	9	3	5	3	7	3	5	8	6
GeneID3529	3	3	7	5	3	6	2	8	9	10	5	2	2	3	8	5	3	10	0	6
GeneID3530	4	3	3	3	6	2	3	5	2	7	4	4	8	8	6	6	4	4	4	12
GeneID3531	3	4	2	5	6	3	5	7	4	3	2	5	4	5	8	5	4	3	5	5
GeneID3532	6	3	5	3	2	5	2	2	7	4	6	3	6	3	6	6	7	4	4	5
GeneID3533	3	4	4	4	7	5	6	5	5	6	7	3	7	4	2	4	8	4	8	4
GeneID3534	8	3	2	2	6	1	2	4	8	7	5	6	7	5	2	7	2	6	5	5
GeneID3535	10	7	3	6	6	7	6	4	1	6	3	2	5	4	5	6	5	5	1	2
GeneID3536	6	4	4	3	4	4	13	3	7	5	4	4	6	5	3	7	6	0	4	7
GeneID3537	5	2	8	3	1	5	6	5	6	2	5	5	5	5	3	4	1	4	7	6
GeneID3538	2	2	5	6	4	6	2	2	4	8	5	3	9	3	2	5	2	3	10	9
GeneID3539	5	5	7	6	4	4	7	5	3	4	5	10	4	7	3	3	2	5	4	7
GeneID3540	2	3	6	7	5	6	5	8	6	4	4	3	6	2	2	7	2	9	4	2
GeneID3541	3	4	3	5	5	4	4	6	3	7	3	7	7	2	4	6	8	4	4	7
GeneID3542	3	3	2	5	10	7	4	12	5	5	6	7	7	3	4	7	8	6	4	7
GeneID3543	3	5	7	7	5	6	3	3	7	5	6	5	8	5	10	5	4	4	6	9
GeneID3544	2	10	6	5	5	3	4	6	9	13	6	8	8	5	3	6	2	3	5	7
GeneID3545	5	6	6	6	7	2	6	4	4	3	0	3	6	4	3	5	5	8	4	2
GeneID3546	6	4	4	6	6	4	3	5	2	4	6	6	5	6	5	5	1	7	5	5
GeneID3547	7	4	6	5	8	7	5	5	3	5	6	7	5	8	0	6	5	6	9	3
GeneID3548	4	3	5	3	2	4	5	5	3	2	6	6	7	7	5	4	3	1	6	4
GeneID3549	0	5	7	12	5	6	5	6	5	5	5	5	4	2	5	6	7	5	3	4
GeneID3550	4	6	3	8	4	3	7	7	5	2	7	4	2	4	4	5	11	5	8	6
GeneID3551	6	10	5	11	9	6	5	5	5	5	4	4	4	10	4	4	9	7	3	3
GeneID3552	4	6	9	7	4	6	8	2	5	6	4	4	5	1	4	6	6	2	7	2
GeneID3553	2	4	4	8	5	4	3	0	1	6	7	3	4	5	3	3	6	4	5	4
GeneID3554	4	5	9	7	1	7	5	7	5	9	6	1	9	10	6	4	3	4	2	6
GeneID3555	6	4	10	8	6	2	3	8	9	8	3	1	2	6	11	4	5	4	2	5
GeneID3556	5	6	3	3	3	2	6	3	5	5	3	5	6	2	4	1	5	6	2	5
GeneID3557	5	1	5	6	8	6	6	6	3	3	8	3	6	5	7	6	5	6	4	5
GeneID3558	3	4	6	11	5	8	5	3	6	6	7	4	7	5	4	7	4	5	3	5
GeneID3559	2	2	1	3	5	6	2	5	3	5	1	7	6	2	5	4	4	3	2	4
GeneID3560	6	8	7	8	5	5	7	6	9	6	8	9	4	11	3	6	8	4	3	5
GeneID3561	2	3	4	4	2	8	3	2	6	3	5	4	7	4	9	3	8	3	7	4
GeneID3562	5	5	3	3	4	8	5	5	4	6	10	6	2	7	4	7	5	1	5	3
GeneID3563	3	4	3	5	6	3	3	5	9	5	4	4	2	3	5	3	3	3	5	4
GeneID3564	4	2	5	4	6	6	2	5	2	5	6	1	3	3	7	5	7	6	5	2
GeneID3565	7	7	7	5	4	3	9	6	12	4	5	3	2	4	4	8	7	6	5	4
GeneID3566	5	6	8	8	1	5	14	4	3	4	6	6	6	4	4	5	8	6	4	6
GeneID3567	4	2	6	4	3	2	2	4	7	2	9	5	5	4	4	13	9	4	6	7
GeneID3568	7	2	3	3	5	6	3	4	4	5	6	5	6	3	6	7	7	3	6	7
GeneID3569	5	3	2	11	4	3	4	5	8	3	4	8	5	5	2	7	8	7	6	3
GeneID3570	3	6	4	8	5	5	9	1	5	4	6	2	4	8	4	7	4	0	6	3
GeneID3571	2	6	3	3	10	7	10	5	9	3	6	3	9	8	4	5	5	5	5	5
GeneID3572	5	5	3	4	6	4	7	4	5	1	8	6	7	4	7	2	6	1	6	5
GeneID3573	4	6	4	4	4	9	2	12	5	3	2	6	1	3	7	5	8	7	9	6
GeneID3574	7	6	3	5	6	3	10	3	9	7	2	5	9	3	6	7	2	6	4	5
GeneID3575	8	2	6	4	6	9	8	3	7	8	6	7	4	9	5	4	2	9	2	1
GeneID3576	3	3	3	4	5	3	4	5	5	7	2	8	2	1	5	8	11	6	8	8
GeneID3577	2	4	6	7	4	6	6	8	4	3	3	3	2	4	4	7	1	7	2	6
GeneID3578	3	3	3	7	5	3	5	2	9	4	6	8	5	6	5	3	9	4	4	5
GeneID3579	2	3	6	5	7	3	7	7	6	3	5	4	2	6	3	7	4	3	5	3
GeneID3580	1	6	4	4	3	4	3	5	9	5	3	4	5	9	4	3	6	4	4	6
GeneID3581	2	6	8	2	3	5	4	4	1	4	6	8	6	3	5	4	8	3	4	0
GeneID3582	5	1	4	6	3	8	6	6	8	4	7	6	4	1	5	7	5	12	4	6
GeneID3583	3	9	5	6	6	5	4	2	6	4	6	3	7	4	6	5	5	7	6	6
GeneID3584	8	6	6	6	4	4	7	4	6	5	1	5	7	7	3	3	4	4	10	4
GeneID3585	3	7	4	4	7	5	4	9	2	6	1	7	4	4	5	3	4	6	3	5
GeneID3586	3	6	3	6	5	4	4	4	6	2	1	3	9	4	1	6	3	4	3	2
GeneID3587	1	1	7	2	5	8	6	10	4	4	2	8	3	1	5	6	10	6	3	3
GeneID3588	4	10	3	4	3	5	1	8	3	6	5	8	2	8	3	3	6	5	4	4
GeneID3589	6	6	3	4	5	7	4	4	6	4	7	5	6	4	3	5	9	7	8	3
GeneID3590	5	5	6	6	8	2	4	5	6	4	7	8	7	6	3	2	5	3	5	2
GeneID3591	2	2	2	6	3	5	4	3	8	9	4	1	7	2	7	3	8	4	6	8
GeneID3592	5	5	7	5	7	4	7	5	2	4	5	7	5	5	6	3	4	4	2	3
GeneID3593	8	10	5	6	5	10	6	1	9	4	7	2	4	5	2	4	5	2	5	5
GeneID3594	7	7	6	4	3	2	2	4	5	2	6	12	11	4	2	4	7	5	3	7
GeneID3595	5	4	7	3	3	5	7	5	7	8	5	3	6	4	7	3	6	3	12	10
GeneID3596	9	6	5	5	4	2	7	5	4	9	5	2	10	5	5	2	5	4	6	6
GeneID3597	2	9	6	8	10	8	4	4	8	6	4	3	4	9	4	7	7	9	4	6
GeneID3598	4	7	6	6	3	5	5	9	5	4	1	4	7	5	9	5	3	6	6	8
GeneID3599	7	4	9	5	3	5	5	3	5	10	5	5	4	4	5	5	2	7	7	5
GeneID3600	11	3	5	5	9	4	5	5	3	7	6	3	8	3	2	4	3	8	3	5
GeneID3601	3	2	8	3	1	7	4	7	10	2	7	7	1	4	6	4	7	7	3	11
GeneID3602	3	6	4	6	7	5	6	3	6	6	6	6	5	5	4	7	3	6	6	6
GeneID3603	3	4	9	2	4	2	4	4	4	7	3	5	6	5	6	5	7	4	6	7
GeneID3604	4	8	6	4	2	4	7	6	1	4	1	5	5	7	3	3	3	4	5	9
GeneID3605	8	4	6	7	6	2	3	3	3	11	3	7	5	7	4	4	8	5	4	2
GeneID3606	5	2	6	5	5	0	5	4	7	4	1	4	7	4	5	3	7	3	9	9
GeneID3607	5	7	2	8	6	8	3	5	5	2	4	3	8	8	5	3	7	6	4	1
GeneID3608	6	3	3	4	4	6	10	4	2	4	5	5	8	6	6	8	3	4	6	6
GeneID3609	7	4	5	3	6	6	8	7	1	9	11	6	6	3	5	4	6	5	6	6
GeneID3610	10	1	9	6	6	4	3	2	8	3	5	2	4	3	7	7	2	8	3	3
GeneID3611	5	6	4	5	4	3	3	8	6	6	5	4	5	7	7	3	7	6	2	2
GeneID3612	4	6	2	2	6	6	3	4	2	8	5	5	3	3	5	2	7	2	8	7
GeneID3613	4	4	2	6	3	8	8	9	7	6	5	5	6	2	3	4	6	7	4	3
GeneID3614	1	3	4	3	5	10	2	9	6	6	6	4	1	7	4	3	5	6	7	8
GeneID3615	6	7	7	6	0	4	5	6	0	2	2	6	3	6	6	4	2	5	4	6
GeneID3616	5	6	5	2	7	3	4	6	6	3	3	5	6	10	6	3	4	8	8	8
GeneID3617	5	5	7	10	3	6	6	8	4	8	10	7	5	8	13	4	6	8	6	4
GeneID3618	6	1	10	7	6	3	1	4	5	7	6	8	2	7	10	4	5	10	4	9
GeneID3619	2	2	5	7	4	6	6	10	5	6	7	2	4	4	2	2	4	4	5	7
GeneID3620	2	6	3	8	9	2	5	5	5	4	2	2	8	9	6	3	9	6	5	6
GeneID3621	3	5	6	9	8	3	5	8	8	5	3	4	0	4	5	6	7	6	2	6
GeneID3622	5	8	3	4	5	4	3	4	8	2	7	6	6	5	7	3	5	6	7	4
GeneID3623	3	8	5	8	3	6	5	3	8	4	6	4	4	7	5	4	6	6	10	5
GeneID3624	9	4	2	6	5	4	8	9	5	6	4	5	10	4	4	3	7	2	5	8
GeneID3625	6	3	1	4	4	8	9	7	3	5	4	9	2	4	8	4	11	9	3	7
GeneID3626	8	7	5	3	6	7	4	4	8	5	3	6	0	6	1	4	3	5	4	11
GeneID3627	3	2	6	2	5	5	2	4	4	4	7	7	4	6	5	5	2	5	6	4
GeneID3628	5	4	4	9	3	4	9	3	8	5	2	3	2	5	7	5	8	2	7	6
GeneID3629	5	7	2	3	3	7	5	6	3	8	9	3	5	6	7	5	6	10	8	4
GeneID3630	4	6	2	5	6	4	9	5	1	8	6	5	7	7	11	2	7	3	5	7
GeneID3631	7	6	4	6	8	3	7	1	4	6	5	6	3	4	8	2	6	6	6	1
GeneID3632	6	5	3	10	3	4	5	6	4	6	6	3	4	4	2	6	4	4	6	6
GeneID3633	5	6	6	9	5	6	7	7	5	9	5	6	3	5	5	6	1	8	5	2
GeneID3634	7	4	8	8	2	5	1	3	4	3	3	5	10	7	5	4	5	7	6	1
GeneID3635	6	4	6	3	1	8	2	3	6	3	1	4	5	4	5	7	5	4	4	9
GeneID3636	3	5	2	5	5	3	5	8	5	9	2	6	7	3	7	2	4	4	5	5
GeneID3637	2	3	5	5	2	2	4	9	4	9	3	4	4	10	8	4	3	3	10	3
GeneID3638	9	2	6	3	4	4	5	5	3	7	4	7	3	6	5	7	2	2	5	6
GeneID3639	5	6	8	11	4	4	5	3	1	6	7	7	8	5	6	4	5	9	3	5
GeneID3640	7	3	5	3	4	1	7	4	2	5	3	5	9	2	2	4	8	5	10	6
GeneID3641	9	6	5	7	7	3	7	5	2	4	2	7	5	4	6	6	4	6	5	4
GeneID3642	4	4	5	6	5	4	6	5	7	7	3	2	10	7	8	4	11	4	2	3
GeneID3643	4	3	4	9	3	2	8	9	5	1	7	4	7	6	3	5	5	7	4	5
GeneID3644	5	5	2	4	3	7	4	9	7	2	5	4	5	7	7	7	5	3	4	3
GeneID3645	4	8	2	5	1	1	3	2	3	2	8	5	6	4	5	5	5	2	3	4
GeneID3646	5	6	6	3	4	3	5	7	7	3	4	3	7	1	4	10	5	8	3	10
GeneID3647	9	7	4	6	7	5	10	7	8	7	5	10	2	7	11	5	3	4	4	2
GeneID3648	5	3	4	4	8	3	2	3	10	8	4	1	5	4	5	4	3	3	4	6
GeneID3649	9	5	2	4	2	4	4	3	2	9	6	3	3	3	3	4	5	7	6	7
GeneID3650	9	6	7	6	2	3	7	4	5	2	5	4	3	7	4	7	2	5	4	2
GeneID3651	7	3	6	7	3	8	6	9	4	4	4	7	4	7	10	4	5	8	1	5
GeneID3652	6	3	0	1	4	6	7	7	6	6	2	4	4	6	6	5	3	3	3	6
GeneID3653	2	11	8	4	5	7	4	2	8	6	3	6	6	1	5	2	3	4	3	5
GeneID3654	3	3	2	11	2	4	4	4	5	4	5	5	6	8	5	3	6	2	7	8
GeneID3655	7	6	5	7	4	4	3	7	3	5	8	1	3	4	3	6	2	5	6	2
GeneID3656	5	5	4	2	2	4	5	8	4	6	6	3	5	6	7	7	8	7	5	4
GeneID3657	7	4	4	7	8	5	6	4	4	4	5	7	4	5	5	6	4	2	2	3
GeneID3658	6	4	4	9	6	6	6	5	3	6	2	6	6	6	7	3	3	2	1	3
GeneID3659	7	8	7	4	3	8	7	5	2	4	6	6	11	5	4	4	8	2	5	7
GeneID3660	6	2	2	3	9	5	2	5	3	3	5	4	1	6	9	7	5	3	0	6
GeneID3661	2	6	3	13	5	6	1	3	4	4	9	3	2	6	3	10	1	5	2	6
GeneID3662	5	5	8	7	5	6	2	4	6	4	6	6	4	8	2	8	5	7	6	8
GeneID3663	5	5	9	5	6	4	2	1	5	5	5	5	14	2	3	5	5	5	6	6
GeneID3664	7	5	5	6	2	9	2	5	8	6	3	5	6	3	3	8	7	2	3	6
GeneID3665	6	8	9	3	6	5	3	4	8	8	1	2	6	9	8	6	0	6	7	4
GeneID3666	5	6	5	3	5	2	5	3	4	13	3	6	3	4	8	6	4	5	8	6
GeneID3667	11	6	4	3	5	6	6	5	5	2	3	5	6	5	7	4	4	3	5	8
GeneID3668	6	1	9	5	3	6	7	3	2	5	5	1	6	3	8	6	2	7	7	4
GeneID3669	6	3	3	7	5	4	7	5	4	3	5	3	2	6	5	4	3	7	3	3
GeneID3670	5	2	4	9	5	2	6	3	6	8	2	3	3	2	5	10	3	8	5	5
GeneID3671	5	5	6	1	5	3	6	3	4	4	10	3	12	4	6	4	7	3	5	2
GeneID3672	7	7	3	4	10	4	7	6	7	7	1	6	2	5	3	4	1	6	7	5
GeneID3673	3	5	8	5	5	3	8	7	4	9	8	3	5	7	7	6	6	5	5	5
GeneID3674	4	5	3	4	8	2	6	9	7	4	4	4	2	1	4	6	4	5	5	7
GeneID3675	4	6	6	7	4	2	6	4	3	5	3	4	6	5	4	1	1	6	4	6
GeneID3676	1	6	4	3	3	7	7	4	2	3	7	6	8	9	3	6	7	8	5	2
GeneID3677	12	6	4	3	4	3	5	6	5	7	9	8	5	3	12	2	2	4	5	6
GeneID3678	3	10	4	4	3	7	8	10	6	9	7	4	4	2	5	7	3	13	4	3
GeneID3679	7	6	3	2	4	9	2	0	3	2	3	6	3	7	1	3	2	8	10	9
GeneID3680	5	6	6	3	7	8	4	6	3	6	4	7	1	4	7	6	2	6	5	5
GeneID3681	6	9	5	9	6	3	2	3	5	6	11	6	9	3	5	4	5	7	7	5
GeneID3682	1	3	5	6	6	7	3	2	9	9	2	10	6	7	6	5	11	2	4	5
GeneID3683	4	6	2	5	5	6	6	9	2	6	6	5	2	3	5	10	1	0	7	7
GeneID3684	5	2	5	2	5	2	10	8	3	4	3	7	8	10	6	4	6	4	9	3
GeneID3685	4	7	2	4	3	3	3	5	3	4	8	8	3	7	2	7	6	3	3	8
GeneID3686	8	5	0	2	4	2	4	5	9	5	5	2	4	5	4	8	3	4	4	6
GeneID3687	1	5	4	5	4	5	9	5	3	5	9	4	5	7	3	9	3	7	7	9
GeneID3688	6	0	3	3	2	6	3	2	6	8	7	5	5	6	5	10	10	10	10	4
GeneID3689	2	3	4	3	5	7	7	1	4	6	7	5	2	8	3	3	6	5	4	6
GeneID3690	6	5	6	7	6	2	9	2	3	3	2	4	6	8	1	5	7	2	3	5
GeneID3691	3	5	8	4	8	9	3	8	7	9	3	5	8	4	4	8	6	4	7	5
GeneID3692	4	5	7	0	4	3	5	3	5	4	4	1	4	9	5	2	3	8	6	2
GeneID3693	5	2	3	6	6	2	7	6	5	1	6	7	4	7	2	12	4	8	5	8
GeneID3694	5	4	4	7	5	5	5	7	8	3	8	3	5	6	9	6	6	4	4	9
GeneID3695	6	5	5	3	5	6	7	3	4	5	3	4	5	3	10	7	5	5	9	6
GeneID3696	2	4	4	8	5	6	10	7	8	5	3	4	2	2	6	7	5	5	5	7
GeneID3697	4	4	5	9	4	3	8	4	3	7	5	7	8	5	3	2	4	6	3	4
GeneID3698	5	2	2	5	6	6	1	7	5	5	4	5	5	7	5	7	3	4	7	4
GeneID3699	5	6	8	7	1	8	3	5	1	9	7	8	4	7	4	5	1	3	4	2
GeneID3700	4	10	4	7	6	3	4	2	2	2	5	6	3	11	2	1	4	5	2	2
GeneID3701	5	3	2	4	4	4	9	11	5	7	5	1	1	3	5	5	3	10	6	6
GeneID3702	5	3	4	6	8	2	4	3	5	7	2	7	6	4	1	4	2	6	5	4
GeneID3703	3	4	3	3	10	8	6	6	5	5	7	2	3	3	7	5	5	6	5	3
GeneID3704	5	7	3	5	6	7	3	6	9	2	9	6	5	3	5	3	7	3	5	5
GeneID3705	5	7	7	3	3	4	7	4	6	4	4	4	2	3	7	6	5	3	2	5
GeneID3706	7	5	9	7	7	11	5	6	6	4	3	3	5	6	7	7	5	5	3	4
GeneID3707	6	7	6	9	5	4	7	2	8	7	6	4	5	5	6	7	6	3	5	0
GeneID3708	6	7	7	1	5	4	2	7	6	4	4	3	2	6	6	5	5	8	3	3
GeneID3709	6	7	6	4	2	5	5	4	6	7	5	3	5	7	2	8	3	4	8	9
GeneID3710	12	8	3	5	9	11	4	8	4	6	7	5	5	0	5	4	2	13	4	3
GeneID3711	3	7	8	8	8	3	6	5	3	4	3	2	7	4	4	5	3	8	9	4
GeneID3712	6	3	6	7	2	4	1	3	6	6	6	10	6	6	3	6	3	12	7	1
GeneID3713	8	3	4	5	8	4	5	6	5	8	1	4	2	1	4	6	4	10	4	5
GeneID3714	4	2	6	5	4	7	8	4	2	8	3	5	3	1	5	5	3	7	4	1
GeneID3715	6	9	5	4	6	5	5	5	5	5	3	3	7	6	3	7	5	7	9	2
GeneID3716	2	8	3	4	9	5	5	6	4	3	6	5	5	4	6	0	5	1	5	5
GeneID3717	5	6	4	2	3	9	8	3	7	5	9	1	6	3	3	2	6	7	4	4
GeneID3718	6	4	5	3	3	2	9	3	3	3	5	3	4	4	7	3	3	5	9	4
GeneID3719	5	5	4	6	7	10	3	6	3	5	5	3	3	9	6	3	1	8	7	6
GeneID3720	5	1	8	3	3	4	3	4	3	3	3	6	4	7	6	3	9	8	6	6
GeneID3721	3	1	5	4	10	4	3	5	6	1	2	4	7	6	8	6	5	7	3	7
GeneID3722	1	3	4	6	4	4	4	6	6	7	4	6	10	7	11	5	3	4	7	9
GeneID3723	4	3	10	5	4	7	0	6	5	3	5	5	6	6	7	3	8	5	6	4
GeneID3724	5	4	3	6	4	5	8	6	6	8	5	4	5	6	5	3	6	7	4	11
GeneID3725	4	5	6	7	6	2	1	4	5	4	6	4	9	5	8	7	4	6	1	4
GeneID3726	4	2	3	7	4	6	5	4	5	2	6	3	3	8	8	2	8	7	4	8
GeneID3727	3	4	2	2	5	2	5	3	5	6	4	3	6	10	5	5	5	4	9	2
GeneID3728	4	7	8	2	2	3	7	4	1	9	4	4	7	9	10	2	3	2	7	2
GeneID3729	5	5	7	7	2	4	2	6	5	3	9	2	1	6	5	4	3	5	5	2
GeneID3730	6	5	4	4	2	7	3	5	4	3	3	5	9	7	5	8	5	4	1	4
GeneID3731	7	3	3	1	5	7	10	5	5	8	4	3	3	2	4	5	4	2	3	6
GeneID3732	8	4	10	5	3	4	8	12	5	9	6	3	4	2	4	7	5	9	7	7
GeneID3733	5	6	6	6	4	6	5	5	2	3	5	6	5	8	5	2	9	5	5	8
GeneID3734	5	5	3	4	4	3	4	3	3	5	6	6	6	3	4	7	5	7	3	6
GeneID3735	8	3	3	4	4	2	6	6	7	7	2	5	5	6	7	4	6	10	4	4
GeneID3736	2	6	8	7	7	5	3	5	2	10	6	7	3	2	6	1	7	4	6	6
GeneID3737	1	3	4	2	4	4	5	3	3	8	8	6	6	4	4	5	2	4	6	3
GeneID3738	4	6	4	6	3	4	3	10	3	4	5	3	4	7	3	4	7	5	5	6
GeneID3739	5	4	12	10	3	6	2	6	11	3	4	7	8	4	9	7	7	4	8	3
GeneID3740	4	6	6	2	3	7	5	6	6	6	5	4	3	3	5	6	8	5	5	9
GeneID3741	2	2	2	6	5	4	5	2	7	5	4	7	7	5	10	5	6	4	7	6
GeneID3742	2	9	6	6	5	3	6	4	3	7	4	4	4	3	3	6	6	2	4	7
GeneID3743	8	2	4	6	7	5	3	5	8	5	0	3	4	4	6	3	6	3	10	4
GeneID3744	10	4	3	2	5	4	4	7	4	2	5	6	9	2	8	5	5	7	1	4
GeneID3745	6	1	7	5	6	4	5	5	3	5	5	4	6	6	5	2	7	8	6	4
GeneID3746	8	5	10	4	2	7	4	8	5	8	8	4	5	4	4	4	2	6	3	8
GeneID3747	4	9	6	7	4	8	6	3	8	8	4	3	5	8	3	6	3	9	4	6
GeneID3748	9	7	4	6	5	4	4	1	7	3	5	5	3	2	7	3	7	3	6	7
GeneID3749	3	3	9	4	4	4	5	8	2	7	6	5	5	3	4	9	3	7	4	5
GeneID3750	6	6	4	9	3	5	6	6	6	2	8	5	8	6	3	6	5	9	5	5
GeneID3751	6	2	7	4	4	5	7	3	3	3	5	6	7	2	1	1	3	3	6	4
GeneID3752	3	5	1	3	4	3	6	4	3	7	5	5	4	3	6	9	3	9	3	3
GeneID3753	7	4	1	7	1	3	6	2	6	9	3	6	8	2	4	8	2	5	4	6
GeneID3754	5	10	9	5	5	6	5	2	7	10	6	8	4	5	5	5	3	10	7	9
GeneID3755	3	2	3	3	4	7	6	4	4	6	6	6	6	6	5	6	3	3	3	4
GeneID3756	7	5	3	5	6	17	2	1	4	4	5	1	7	2	5	3	3	6	4	2
GeneID3757	7	9	8	3	2	3	7	6	5	2	9	5	4	4	3	8	4	4	6	2
GeneID3758	4	2	6	6	5	5	7	7	4	5	6	8	4	2	6	8	5	4	8	5
GeneID3759	7	9	5	3	6	4	6	5	6	7	4	4	6	9	4	1	8	2	5	6
GeneID3760	3	5	2	4	5	4	1	6	5	5	3	3	1	5	9	4	3	5	10	7
GeneID3761	10	2	5	5	9	8	6	6	6	6	3	4	6	8	4	3	5	4	4	5
GeneID3762	8	7	3	7	8	5	4	6	7	5	5	6	2	5	3	2	3	6	3	4
GeneID3763	3	5	7	6	4	5	7	4	3	4	6	8	5	4	10	7	2	4	4	4
GeneID3764	3	5	2	6	3	7	2	9	4	9	6	4	4	3	5	5	4	6	3	7
GeneID3765	3	4	3	3	3	4	8	4	5	7	4	9	0	2	4	11	8	6	7	5
GeneID3766	6	9	4	8	2	5	3	3	3	6	5	6	7	9	8	7	7	5	6	6
GeneID3767	11	5	6	4	4	6	2	6	9	4	5	2	5	5	6	7	5	5	6	3
GeneID3768	3	5	7	1	8	3	7	3	6	3	0	5	6	5	5	3	8	3	6	5
GeneID3769	5	4	9	3	3	3	9	7	4	7	4	3	7	4	5	3	6	9	2	4
GeneID3770	5	4	6	10	6	7	3	3	7	7	1	3	5	5	3	7	6	4	6	4
GeneID3771	5	7	5	6	5	7	7	4	6	9	4	6	3	6	6	6	6	9	4	4
GeneID3772	8	7	4	3	10	3	5	4	9	3	4	2	9	8	5	2	6	3	3	4
GeneID3773	4	2	7	4	10	5	5	5	10	3	5	5	5	7	5	7	6	6	4	6
GeneID3774	4	3	5	2	4	7	3	5	3	3	3	3	4	6	5	1	2	6	2	6
GeneID3775	9	3	7	3	5	1	2	5	5	5	0	6	7	4	6	4	3	8	4	3
GeneID3776	4	5	5	2	4	4	7	6	8	3	3	4	7	2	4	10	4	5	2	3
GeneID3777	8	5	5	5	2	2	0	4	5	4	7	2	2	3	6	8	2	9	0	8
GeneID3778	6	4	4	7	5	4	7	5	2	5	5	5	6	7	6	7	6	4	5	6
GeneID3779	5	1	0	9	7	8	5	7	2	9	6	4	4	4	5	0	5	5	3	8
GeneID3780	2	11	6	6	2	4	5	10	6	4	6	4	2	8	7	6	6	4	4	8
GeneID3781	4	8	6	3	3	5	4	3	3	5	5	6	5	9	8	8	5	4	5	7
GeneID3782	3	4	5	4	6	5	6	1	7	4	7	7	3	4	6	7	11	5	4	2
GeneID3783	4	4	9	5	4	5	5	6	4	7	3	11	5	0	7	6	3	5	5	5
GeneID3784	4	4	7	8	7	3	5	5	6	5	4	8	2	6	5	4	6	5	2	6
GeneID3785	9	3	7	4	4	2	3	3	4	3	2	8	7	7	1	1	4	6	8	4
GeneID3786	3	5	7	3	6	5	7	2	6	4	3	3	4	5	5	5	8	4	1	8
GeneID3787	3	4	4	1	7	5	2	3	6	6	5	3	6	7	4	7	5	8	7	3
GeneID3788	5	2	6	6	2	5	5	4	3	6	3	7	6	6	4	3	3	9	8	2
GeneID3789	5	6	5	4	10	5	4	5	2	7	6	8	5	7	7	8	8	4	3	5
GeneID3790	4	8	8	5	6	4	7	3	5	5	4	7	3	8	7	4	3	6	6	8
GeneID3791	6	8	5	5	3	6	6	5	4	4	6	0	3	7	5	4	3	5	11	3
GeneID3792	5	5	6	7	4	4	2	9	5	3	3	8	2	3	1	5	2	2	4	7
GeneID3793	6	6	4	3	7	4	4	6	7	3	9	5	4	1	5	3	2	4	6	5
GeneID3794	7	7	6	5	8	7	3	3	11	8	5	3	4	5	6	5	3	5	4	4
GeneID3795	5	5	3	5	3	4	12	3	4	1	4	4	13	3	5	5	6	3	5	7
GeneID3796	7	9	2	3	4	7	3	6	11	7	4	4	0	5	4	5	4	7	4	6
GeneID3797	6	5	6	2	6	5	5	6	5	7	7	8	3	2	5	5	5	5	2	8
GeneID3798	4	3	4	6	4	5	6	3	7	10	6	4	2	7	5	1	4	6	1	4
GeneID3799	5	5	7	5	4	5	5	9	5	5	1	5	9	4	2	6	4	3	6	6
GeneID3800	6	2	4	6	4	4	3	3	4	3	2	3	6	4	3	6	3	5	6	7
GeneID3801	1	6	5	2	7	7	5	5	5	4	5	3	2	7	5	6	5	4	3	5
GeneID3802	4	4	3	3	4	8	2	7	2	5	11	4	5	7	6	6	8	3	4	7
GeneID3803	2	6	6	4	2	6	6	6	7	3	5	2	3	2	0	5	7	4	2	5
GeneID3804	3	6	3	9	2	7	3	9	6	5	4	6	2	5	10	3	2	4	4	8
GeneID3805	4	4	9	6	4	6	5	8	4	7	6	5	4	3	4	2	2	4	5	4
GeneID3806	2	6	0	3	6	3	2	4	4	2	4	6	3	5	5	4	5	6	1	5
GeneID3807	2	13	9	6	6	6	6	3	4	4	9	4	6	8	5	1	3	8	4	5
GeneID3808	2	8	4	8	8	4	7	8	4	4	3	4	4	6	4	2	6	9	1	5
GeneID3809	4	6	4	4	5	7	2	3	7	5	3	7	5	7	7	1	6	10	3	7
GeneID3810	5	7	6	7	7	6	1	6	5	6	9	3	2	5	3	3	3	2	1	6
GeneID3811	5	2	6	6	2	4	11	4	6	5	3	6	3	7	5	0	3	6	0	6
GeneID3812	4	5	3	3	10	3	8	3	2	6	6	4	7	5	6	2	3	4	6	3
GeneID3813	2	4	2	4	9	4	9	5	4	5	7	4	8	2	4	6	4	6	4	3
GeneID3814	7	7	5	5	7	3	2	7	7	10	1	4	4	6	4	3	3	5	1	1
GeneID3815	5	5	4	6	5	7	6	6	9	2	6	4	9	4	4	6	3	11	4	7
GeneID3816	1	4	12	2	3	3	7	3	6	3	3	5	3	8	6	3	1	1	3	3
GeneID3817	2	5	11	3	4	1	6	5	4	7	7	6	6	1	7	6	4	4	4	3
GeneID3818	9	5	10	6	4	10	4	6	7	1	7	10	7	2	9	2	5	6	3	6
GeneID3819	4	3	4	3	6	4	7	6	5	7	6	5	4	9	4	6	8	3	4	7
GeneID3820	7	13	8	4	5	6	5	2	5	2	2	1	5	1	6	2	5	3	2	5
GeneID3821	4	4	3	8	8	5	1	6	6	2	8	6	6	4	5	1	1	4	3	4
GeneID3822	6	4	3	3	2	2	4	8	3	8	8	1	2	6	2	8	5	1	2	4
GeneID3823	6	4	3	6	9	11	3	6	4	6	2	4	6	6	8	13	5	1	3	3
GeneID3824	10	3	1	3	3	6	7	5	4	5	3	11	1	4	5	7	1	5	5	6
GeneID3825	4	6	4	7	6	7	8	5	6	7	5	6	5	2	3	6	1	2	5	6
GeneID3826	3	6	6	7	2	9	1	6	10	8	4	6	3	8	7	4	5	2	6	3
GeneID3827	8	9	6	8	6	5	3	8	7	5	6	8	4	8	8	8	7	3	5	7
GeneID3828	3	4	9	3	6	4	7	9	6	5	4	8	3	0	4	5	9	5	6	9
GeneID3829	12	5	2	3	6	6	6	1	5	10	6	6	3	4	3	6	5	3	9	7
GeneID3830	5	8	3	3	10	8	3	7	2	8	3	8	4	10	4	7	3	7	6	3
GeneID3831	6	5	3	0	10	2	6	9	9	4	3	8	6	6	6	6	7	8	7	7
GeneID3832	5	6	2	3	5	11	6	6	5	5	4	8	8	2	7	3	3	5	7	6
GeneID3833	4	2	4	3	2	5	13	3	4	1	5	9	4	3	5	2	3	4	3	9
GeneID3834	10	4	5	4	6	5	5	3	4	6	2	3	1	6	6	4	4	6	3	6
GeneID3835	8	6	6	4	3	2	4	0	6	3	9	4	7	9	5	4	2	3	8	6
GeneID3836	3	3	5	5	6	7	7	3	6	8	5	6	8	2	2	10	6	2	0	3
GeneID3837	2	9	4	4	9	4	8	4	5	6	5	0	3	6	4	4	3	3	10	9
GeneID3838	5	5	5	2	6	3	9	7	6	2	6	2	5	5	6	3	5	5	2	5
GeneID3839	4	2	6	0	4	6	7	6	6	4	6	3	7	6	4	3	4	3	4	6
GeneID3840	5	5	2	6	5	5	4	8	4	6	3	3	6	2	4	5	8	5	5	4
GeneID3841	7	4	6	3	5	3	3	0	5	9	7	4	5	7	2	3	4	5	7	8
GeneID3842	6	4	5	5	6	9	5	3	5	7	3	5	4	9	6	4	4	3	3	9
GeneID3843	7	5	7	4	7	1	1	7	4	6	9	2	6	6	6	9	6	3	3	1
GeneID3844	5	3	3	10	6	2	2	5	5	5	4	6	5	7	3	4	5	5	7	9
GeneID3845	5	6	10	3	6	7	6	4	6	5	3	3	5	9	3	1	2	1	4	6
GeneID3846	6	2	4	4	4	6	6	3	8	4	6	5	5	6	7	9	5	6	9	4
GeneID3847	6	5	6	6	6	4	4	5	3	4	6	3	6	6	8	8	7	3	6	3
GeneID3848	6	5	5	5	2	9	5	5	4	4	1	4	6	7	2	3	7	2	9	5
GeneID3849	2	4	9	8	3	6	2	3	2	6	2	7	3	8	4	2	5	9	7	2
GeneID3850	8	4	2	4	4	5	3	7	2	6	5	3	6	6	8	3	3	1	5	5
GeneID3851	9	8	3	6	6	6	7	6	4	6	3	3	8	2	7	7	8	5	3	2
GeneID3852	3	2	5	4	5	7	5	8	2	6	8	8	5	6	6	3	6	4	0	4
GeneID3853	4	8	8	3	1	5	5	3	3	5	5	5	5	5	8	4	3	6	4	5
GeneID3854	2	6	8	9	5	3	7	5	7	4	5	6	6	2	4	5	8	5	6	6
GeneID3855	2	5	5	5	5	3	7	7	8	8	9	6	4	2	8	4	7	1	6	4
GeneID3856	2	7	7	6	4	3	5	6	1	3	10	4	1	4	7	4	3	3	7	5
GeneID3857	3	2	5	4	4	2	4	4	4	5	3	6	8	3	4	1	6	8	3	3
GeneID3858	9	5	4	4	8	4	10	3	4	5	7	6	11	3	4	3	2	4	3	7
GeneID3859	8	6	4	8	3	3	4	5	7	2	4	5	5	5	4	2	4	3	7	6
GeneID3860	4	4	4	2	2	3	3	3	8	3	4	3	6	7	4	7	3	5	4	6
GeneID3861	7	4	7	4	7	5	2	8	8	5	10	5	7	7	4	9	3	6	2	5
GeneID3862	10	7	4	2	5	7	6	6	3	4	4	4	4	2	5	5	4	6	7	5
GeneID3863	6	4	7	6	7	7	6	4	1	6	7	4	4	6	1	6	3	6	7	3
GeneID3864	4	7	3	8	5	9	3	7	4	4	10	5	8	2	7	4	5	6	5	2
GeneID3865	5	2	5	6	5	3	5	3	5	6	1	7	5	9	8	4	5	4	5	12
GeneID3866	5	1	6	4	8	4	7	4	3	1	9	6	2	5	4	2	10	4	4	9
GeneID3867	8	5	7	5	8	7	2	1	5	4	5	4	6	7	9	5	2	7	2	5
GeneID3868	4	3	1	4	9	3	1	3	2	2	5	1	3	7	1	1	4	3	3	5
GeneID3869	4	8	2	2	5	7	5	5	3	8	6	2	4	6	7	3	1	7	5	8
GeneID3870	5	2	0	7	8	7	4	7	8	4	4	5	5	7	2	4	4	3	6	4
GeneID3871	5	3	7	6	3	2	4	1	3	4	7	4	8	4	8	5	4	5	3	4
GeneID3872	6	5	3	7	6	7	5	2	3	6	3	7	6	4	4	7	6	10	7	5
GeneID3873	6	6	5	5	5	3	5	3	7	1	4	4	2	9	6	5	4	4	5	8
GeneID3874	5	4	6	5	8	3	4	3	5	6	6	3	3	5	4	4	8	4	8	6
GeneID3875	8	5	7	8	7	3	5	5	6	8	4	4	9	2	2	3	4	8	2	7
GeneID3876	4	4	7	8	5	4	4	7	10	3	8	6	9	7	2	5	4	6	3	4
GeneID3877	8	3	9	5	1	2	3	2	3	5	8	2	4	4	3	4	5	3	7	2
GeneID3878	5	3	5	6	4	7	3	7	6	4	5	5	6	5	4	3	3	8	4	9
GeneID3879	3	3	7	6	3	4	5	7	7	4	6	1	5	5	2	11	8	7	5	7
GeneID3880	4	7	4	7	3	7	9	1	4	3	6	5	4	6	8	9	7	5	5	5
GeneID3881	1	1	9	6	3	4	3	2	6	3	2	4	5	2	6	3	2	5	6	4
GeneID3882	8	3	5	9	3	9	4	3	4	5	4	4	8	6	4	5	4	3	2	8
GeneID3883	9	4	1	7	6	5	1	6	4	8	3	6	10	3	5	8	6	6	7	3
GeneID3884	4	3	3	3	5	6	4	2	8	5	1	6	8	3	7	5	8	4	5	6
GeneID3885	4	7	4	3	5	8	2	5	7	4	7	4	5	5	9	7	9	4	2	5
GeneID3886	7	5	2	9	6	3	4	9	9	4	3	2	2	2	8	6	7	7	3	1
GeneID3887	2	3	2	8	6	7	6	4	1	8	3	3	7	6	4	2	4	8	3	4
GeneID3888	4	7	9	7	7	7	4	4	7	6	9	6	8	5	4	5	1	4	3	9
GeneID3889	5	1	4	1	5	5	5	4	7	3	6	6	10	2	3	4	4	5	6	7
GeneID3890	4	5	5	4	2	2	6	8	5	6	2	11	1	4	5	3	9	4	3	8
GeneID3891	5	5	6	6	8	2	4	8	4	7	2	7	4	4	7	7	3	7	3	5
GeneID3892	5	5	9	3	8	5	2	9	6	5	6	3	5	5	3	3	0	2	1	10
GeneID3893	6	6	3	3	3	3	6	8	5	5	5	3	10	3	1	4	3	5	5	10
GeneID3894	4	7	10	4	5	6	8	4	6	6	6	5	8	5	6	2	3	6	6	3
GeneID3895	2	3	2	7	5	8	12	5	3	5	6	6	8	5	6	4	8	5	5	7
GeneID3896	3	3	6	4	6	4	3	9	5	7	4	4	5	2	4	5	6	7	8	1
GeneID3897	6	6	8	4	6	8	4	5	4	3	5	5	8	7	2	4	4	4	8	5
GeneID3898	8	3	6	6	1	7	6	5	4	9	5	7	7	6	5	4	8	6	3	5
GeneID3899	7	2	1	3	8	4	5	7	6	8	10	7	4	5	5	6	4	7	4	7
GeneID3900	8	2	5	6	7	1	4	5	6	6	4	4	1	8	8	2	8	7	6	5
GeneID3901	8	6	3	7	9	4	7	4	5	6	2	5	5	5	3	9	6	8	5	3
GeneID3902	1	3	4	2	4	5	6	4	5	2	2	2	3	5	6	4	3	2	8	4
GeneID3903	6	1	1	7	3	5	5	6	3	4	8	4	5	3	5	1	2	4	5	3
GeneID3904	6	3	3	9	7	2	3	6	3	5	4	5	3	5	4	8	2	8	3	8
GeneID3905	5	5	7	7	3	2	4	7	7	6	8	6	9	6	4	11	5	1	3	0
GeneID3906	5	4	3	4	11	3	6	9	5	11	4	5	2	6	5	2	6	3	3	3
GeneID3907	2	7	7	4	6	8	4	5	7	3	8	5	4	3	7	8	10	4	8	3
GeneID3908	2	4	1	7	7	4	6	6	3	6	5	7	7	6	9	5	6	5	1	4
GeneID3909	2	7	3	4	8	2	4	5	8	6	4	2	6	6	8	5	5	5	5	6
GeneID3910	3	4	6	5	11	9	4	6	9	5	6	5	4	4	4	6	3	5	5	2
GeneID3911	4	6	3	3	9	3	5	4	6	10	9	2	4	2	8	1	7	3	4	6
GeneID3912	8	7	0	3	6	3	7	8	3	4	6	5	5	3	5	4	4	1	3	6
GeneID3913	2	9	4	7	6	4	8	5	4	6	3	9	3	5	2	6	8	2	2	5
GeneID3914	5	2	4	7	6	6	6	6	4	5	7	3	3	2	6	3	4	5	2	6
GeneID3915	4	11	5	2	4	4	7	7	2	3	4	4	5	6	7	1	7	2	1	2
GeneID3916	8	5	6	0	8	9	7	6	3	5	10	6	3	5	9	6	5	2	3	7
GeneID3917	7	3	3	11	3	9	1	2	3	9	2	6	8	3	6	4	6	4	4	2
GeneID3918	2	4	5	2	8	6	3	9	3	5	9	4	7	6	4	6	5	5	6	3
GeneID3919	6	4	3	0	9	3	6	8	1	3	4	2	6	6	3	6	5	6	4	6
GeneID3920	5	9	9	6	3	7	8	4	7	6	2	11	4	5	3	4	4	4	5	5
GeneID3921	4	2	4	6	3	4	4	6	1	5	5	3	9	3	3	5	6	5	2	5
GeneID3922	8	5	7	5	0	6	7	4	4	0	7	6	5	4	6	5	4	5	4	5
GeneID3923	6	4	3	5	3	2	5	6	4	6	8	3	5	5	8	7	6	6	4	9
GeneID3924	4	3	2	6	6	7	6	4	7	5	3	6	6	7	3	7	9	7	7	8
GeneID3925	4	4	11	6	8	9	6	6	4	5	4	2	7	1	6	5	7	9	11	4
GeneID3926	4	2	7	5	5	5	7	3	7	5	9	6	2	3	2	6	4	7	7	4
GeneID3927	4	8	3	1	6	2	2	4	4	6	12	4	3	3	6	3	7	5	5	6
GeneID3928	15	5	3	7	8	6	4	6	4	7	2	9	6	7	6	1	4	3	4	4
GeneID3929	5	7	5	2	1	3	3	2	3	8	5	5	2	5	7	5	5	4	2	10
GeneID3930	2	2	7	8	4	2	8	7	6	8	9	3	8	4	6	8	6	7	8	4
GeneID3931	6	1	4	4	4	1	3	10	2	3	9	3	9	4	8	5	3	7	7	7
GeneID3932	3	6	4	8	7	4	6	2	4	8	6	7	9	9	5	2	3	4	3	5
GeneID3933	8	8	6	9	4	5	5	7	6	2	3	6	5	7	3	5	3	4	8	4
GeneID3934	3	6	4	5	3	6	5	2	6	4	6	7	2	8	3	6	5	8	5	3
GeneID3935	6	7	5	5	7	8	3	5	5	7	2	5	4	6	2	3	9	8	3	7
GeneID3936	4	3	2	4	4	2	4	6	2	6	10	6	8	4	3	3	3	3	5	3
GeneID3937	3	6	10	9	2	8	7	4	4	5	8	3	3	7	9	6	3	8	6	6
GeneID3938	3	4	2	8	7	3	3	7	6	2	4	2	5	7	7	4	1	7	3	9
GeneID3939	3	4	1	5	6	4	7	6	3	4	5	3	3	5	4	3	4	2	2	4
GeneID3940	3	8	5	5	1	2	6	3	5	1	5	2	4	8	5	9	7	3	4	6
GeneID3941	5	2	7	1	5	3	6	8	5	4	7	6	1	2	4	1	5	8	1	8
GeneID3942	4	2	9	9	7	4	8	3	2	3	2	6	11	7	3	3	7	5	9	7
GeneID3943	1	5	7	7	5	3	3	7	0	3	1	3	5	2	8	3	5	6	4	7
GeneID3944	6	7	2	7	7	5	9	4	6	3	8	4	6	3	5	4	6	5	3	5
GeneID3945	6	6	4	7	5	8	10	4	3	5	1	4	5	3	7	7	4	6	3	3
GeneID3946	5	5	9	5	10	3	2	4	4	6	4	7	4	5	3	5	3	4	5	8
GeneID3947	2	1	6	6	4	4	6	3	3	8	3	4	1	5	5	3	4	7	7	5
GeneID3948	5	4	6	1	4	6	3	2	5	3	7	6	2	5	4	8	12	6	5	6
GeneID3949	6	10	5	10	6	9	10	9	9	3	9	2	10	3	4	6	7	2	3	3
GeneID3950	8	6	5	5	9	6	6	4	3	2	5	8	2	11	3	7	2	5	8	4
GeneID3951	5	2	2	4	6	6	1	4	9	5	10	4	6	4	5	2	7	10	5	4
GeneID3952	4	2	7	6	7	4	5	5	6	8	2	6	2	4	4	6	2	3	5	5
GeneID3953	8	4	5	3	3	8	3	3	3	1	7	6	4	7	3	5	6	1	5	2
GeneID3954	6	0	7	5	5	4	6	4	4	6	4	1	3	7	9	1	6	4	2	4
GeneID3955	2	5	3	6	4	3	6	7	3	7	4	4	5	3	6	5	3	7	6	7
GeneID3956	4	0	7	7	4	8	14	6	2	3	2	8	4	6	8	4	8	3	8	11
GeneID3957	3	3	5	9	4	3	4	4	2	2	4	6	3	8	6	2	5	5	1	3
GeneID3958	3	6	4	4	8	7	6	5	1	5	6	3	7	3	5	0	4	9	10	1
GeneID3959	7	5	8	3	6	7	8	5	4	10	3	2	5	3	3	3	9	6	4	8
GeneID3960	4	10	3	8	2	8	8	5	4	13	1	8	5	6	4	2	7	2	5	3
GeneID3961	5	6	2	7	5	4	2	5	7	4	4	3	5	6	4	4	5	3	3	3
GeneID3962	4	2	5	4	5	4	5	2	2	7	6	4	8	4	6	4	9	9	5	9
GeneID3963	4	4	3	8	4	7	3	4	5	8	7	2	12	6	8	3	6	3	5	4
GeneID3964	7	4	4	4	5	5	3	2	3	3	5	5	6	4	5	1	6	5	6	6
GeneID3965	3	3	2	7	2	5	1	6	7	5	7	5	2	3	7	2	1	8	8	2
GeneID3966	7	5	8	2	6	4	6	5	4	4	2	2	3	3	3	7	1	2	7	3
GeneID3967	3	4	3	7	8	4	6	6	3	5	4	6	6	6	6	4	3	2	9	1
GeneID3968	1	6	6	2	5	8	11	5	5	5	4	8	3	5	6	6	8	1	5	8
GeneID3969	3	4	3	5	1	9	3	6	7	5	5	8	4	4	5	5	5	3	3	4
GeneID3970	5	5	3	9	8	7	3	5	5	7	2	5	2	5	6	3	8	2	4	4
GeneID3971	6	4	7	6	3	7	8	4	2	5	6	4	6	4	8	4	7	13	4	3
GeneID3972	7	4	4	7	4	3	9	4	6	4	3	8	7	3	4	4	6	5	6	5
GeneID3973	3	3	4	6	3	6	2	4	6	2	3	3	2	5	3	5	4	6	3	6
GeneID3974	7	5	2	7	3	4	2	5	1	6	5	8	1	8	6	4	3	6	4	7
GeneID3975	9	2	5	5	9	6	4	7	4	5	3	5	5	5	7	6	9	4	4	5
GeneID3976	3	7	3	5	6	3	4	7	3	2	4	5	9	3	6	4	3	5	5	3
GeneID3977	6	5	1	2	6	7	8	3	6	3	7	1	5	4	5	2	3	4	12	5
GeneID3978	3	5	7	4	3	1	9	3	3	3	6	4	4	0	3	4	5	7	10	6
GeneID3979	5	4	2	4	2	6	5	3	2	4	8	7	6	5	3	2	2	5	7	6
GeneID3980	6	5	5	4	4	5	4	2	6	13	4	6	3	3	2	4	5	4	7	4
GeneID3981	8	5	4	4	8	2	3	2	8	7	2	7	4	8	0	8	7	4	4	3
GeneID3982	7	5	5	5	9	3	5	4	7	4	4	6	4	4	6	4	7	5	5	3
GeneID3983	5	7	3	3	1	8	5	5	6	5	7	6	3	3	3	5	4	10	7	2
GeneID3984	5	6	7	8	5	6	2	7	1	8	13	6	5	4	10	7	4	7	2	10
GeneID3985	6	5	8	6	5	8	6	1	2	2	9	3	3	0	3	4	3	5	6	4
GeneID3986	1	5	4	3	8	7	9	7	6	6	9	6	5	7	2	4	6	11	8	3
GeneID3987	3	3	1	6	4	6	5	0	9	3	6	9	5	3	7	7	1	2	2	6
GeneID3988	9	10	1	6	6	6	2	5	2	5	7	4	6	4	5	4	4	5	4	7
GeneID3989	11	7	6	8	0	7	3	2	11	2	10	2	4	4	7	1	5	7	5	9
GeneID3990	5	4	1	5	6	2	2	5	6	3	4	6	5	5	3	3	4	5	9	9
GeneID3991	4	10	8	6	5	4	6	10	4	6	10	5	5	2	4	5	7	4	6	1
GeneID3992	3	3	9	2	3	5	8	6	2	3	5	8	4	5	4	5	3	5	9	7
GeneID3993	1	5	8	6	3	6	4	3	6	4	10	3	4	1	2	3	4	5	2	6
GeneID3994	6	4	6	7	7	2	4	9	4	2	7	8	3	5	2	7	5	10	4	3
GeneID3995	6	7	3	6	4	5	5	8	10	6	5	2	2	9	5	6	6	0	9	7
GeneID3996	7	8	4	3	5	0	2	2	5	9	5	5	8	3	6	10	2	6	5	5
GeneID3997	6	6	6	6	2	2	6	11	7	9	5	2	6	4	6	2	4	2	3	2
GeneID3998	6	6	5	5	3	8	4	9	3	2	2	5	3	2	12	4	2	3	1	3
GeneID3999	6	3	6	3	2	2	10	5	6	7	3	5	5	9	5	9	2	8	6	5
GeneID4000	10	5	6	7	6	4	6	4	6	1	7	4	2	5	5	9	3	7	5	6
GeneID4001	5	4	7	5	5	4	5	8	3	4	4	5	7	3	6	7	5	6	5	4
GeneID4002	6	8	5	5	9	4	2	5	5	7	4	4	4	6	7	2	5	3	3	4
GeneID4003	4	7	4	3	8	7	1	5	9	4	7	4	2	6	4	6	4	5	6	2
GeneID4004	4	4	6	3	4	6	7	5	5	1	4	9	4	4	2	3	6	6	6	5
GeneID4005	5	5	5	6	4	4	3	3	5	7	0	10	3	5	8	5	4	4	9	2
GeneID4006	3	3	6	4	6	6	8	5	7	2	6	5	2	2	6	6	6	6	5	7
GeneID4007	6	3	5	7	7	3	5	4	8	4	8	8	10	4	4	4	2	5	3	6
GeneID4008	10	8	5	6	6	6	9	7	8	3	7	5	3	5	8	4	2	9	5	4
GeneID4009	4	8	4	9	6	4	9	6	9	4	2	5	7	6	7	3	11	4	9	5
GeneID4010	6	4	5	4	3	2	5	5	3	7	5	9	3	4	8	1	6	8	5	6
GeneID4011	4	5	4	12	4	4	5	3	6	6	7	2	3	8	11	6	4	7	1	5
GeneID4012	6	8	5	6	7	10	4	0	7	7	6	9	5	3	4	5	6	2	6	8
GeneID4013	5	4	10	5	3	4	2	4	5	4	6	6	8	4	6	4	7	6	2	4
GeneID4014	1	4	4	4	4	7	5	5	8	4	9	2	8	7	6	7	4	7	5	5
GeneID4015	2	2	4	3	5	4	4	11	7	4	4	2	8	4	2	2	5	3	5	5
GeneID4016	3	5	5	4	1	8	6	8	3	2	3	3	4	7	4	7	3	6	8	5
GeneID4017	5	5	6	1	5	4	3	10	8	9	2	3	3	6	0	5	5	3	8	1
GeneID4018	3	4	5	4	6	5	3	8	3	6	0	5	4	4	4	3	7	8	6	3
GeneID4019	4	5	8	6	6	1	4	5	5	5	6	7	9	5	5	9	3	4	2	7
GeneID4020	8	3	5	4	5	4	3	5	3	3	2	2	6	6	1	6	6	1	3	4
GeneID4021	3	8	7	5	3	6	3	5	10	6	2	4	5	6	4	4	4	6	3	5
GeneID4022	5	5	3	7	3	4	7	6	2	2	3	7	6	7	3	6	5	2	4	3
GeneID4023	7	6	3	6	2	7	5	3	5	6	5	6	4	3	7	7	2	3	1	11
GeneID4024	7	4	6	4	7	6	4	4	5	7	6	3	4	5	6	3	4	7	4	4
GeneID4025	5	4	6	3	8	8	5	4	3	6	5	6	4	4	9	3	4	7	5	6
GeneID4026	5	2	11	3	4	5	5	8	5	8	4	5	10	4	2	1	2	8	6	6
GeneID4027	6	7	7	3	2	3	4	5	7	5	5	3	4	5	4	7	6	7	2	1
GeneID4028	2	1	8	4	1	1	7	4	7	6	5	6	2	6	2	5	3	4	6	6
GeneID4029	6	9	9	6	9	2	7	4	2	4	6	7	3	8	2	2	6	5	9	6
GeneID4030	11	3	3	4	5	2	5	4	4	7	7	5	5	4	5	7	6	7	7	7
GeneID4031	4	2	3	2	6	5	4	4	5	3	5	4	6	4	4	9	4	7	3	3
GeneID4032	1	3	5	5	7	4	9	6	7	7	5	6	2	5	5	2	5	6	4	1
GeneID4033	6	8	3	5	7	6	5	7	4	5	3	3	10	7	6	3	6	7	9	6
GeneID4034	4	6	2	8	5	3	2	4	4	6	4	3	3	7	2	7	1	3	6	3
GeneID4035	4	2	2	5	6	4	6	6	4	3	5	6	3	4	5	6	4	6	9	2
GeneID4036	6	2	4	7	5	5	7	1	2	7	6	7	8	7	4	8	5	7	5	6
GeneID4037	3	3	4	4	4	7	6	3	4	4	4	5	2	6	3	4	9	9	3	6
GeneID4038	4	1	3	6	3	4	4	6	6	5	3	2	5	5	3	4	4	6	5	5
GeneID4039	5	10	5	4	5	6	6	6	2	6	5	7	6	2	6	5	4	6	2	7
GeneID4040	5	3	2	5	7	3	7	2	6	2	3	8	3	1	7	2	6	6	4	6
GeneID4041	6	2	8	1	2	4	5	5	8	8	9	7	6	6	4	6	0	7	4	6
GeneID4042	4	7	6	7	10	4	2	8	5	8	6	5	6	4	4	8	8	3	7	5
GeneID4043	4	6	5	7	8	2	4	7	9	7	6	3	1	2	5	6	4	7	1	7
GeneID4044	4	5	8	5	4	6	4	4	4	7	4	4	4	3	2	8	4	6	4	4
GeneID4045	2	4	7	6	2	3	6	1	4	1	1	2	4	2	2	8	7	7	4	2
GeneID4046	5	9	5	3	8	2	3	3	6	2	10	3	6	3	5	6	1	5	5	2
GeneID4047	5	5	2	5	4	3	5	5	4	3	6	4	10	5	2	4	3	2	8	4
GeneID4048	8	2	2	6	7	8	6	4	4	5	3	8	7	7	3	5	3	4	6	1
GeneID4049	0	4	4	7	8	3	8	7	3	3	6	7	4	2	6	3	2	2	10	7
GeneID4050	5	5	9	7	4	5	3	5	5	2	7	4	5	3	2	7	8	7	10	6
GeneID4051	1	4	3	0	5	8	6	6	5	4	3	5	4	5	4	6	3	3	13	4
GeneID4052	9	7	2	4	4	4	5	6	2	6	11	6	5	6	5	6	5	5	3	6
GeneID4053	5	7	8	7	4	6	3	4	4	7	6	2	7	4	11	9	6	4	7	3
GeneID4054	2	4	8	3	5	3	7	6	7	7	7	2	5	5	2	4	8	3	7	1
GeneID4055	5	6	7	6	4	5	4	6	5	7	2	4	8	2	8	5	5	6	6	1
GeneID4056	2	4	6	4	6	4	3	2	3	5	6	4	7	7	6	3	7	3	1	4
GeneID4057	5	3	5	3	4	7	6	2	6	9	3	7	2	2	3	4	7	8	4	5
GeneID4058	3	1	3	2	5	5	4	2	0	4	6	5	6	6	4	7	5	5	3	6
GeneID4059	2	4	7	3	8	9	4	6	5	1	4	6	6	6	6	2	5	3	7	9
GeneID4060	7	7	6	6	7	8	6	5	4	2	4	4	4	5	2	5	4	4	6	1
GeneID4061	4	5	4	2	5	5	4	7	7	3	3	3	4	5	4	6	3	5	8	9
GeneID4062	3	4	5	6	3	5	4	6	4	4	5	4	3	3	10	4	5	3	6	3
GeneID4063	6	4	5	10	6	3	5	1	5	6	6	3	2	5	4	5	3	13	3	2
GeneID4064	4	5	10	6	4	4	5	7	1	5	3	4	8	8	4	5	2	7	5	4
GeneID4065	4	5	6	3	3	4	4	8	7	3	2	1	3	7	5	2	5	9	1	6
GeneID4066	6	2	2	2	7	8	4	4	2	8	3	4	5	4	5	4	6	2	6	1
GeneID4067	6	3	6	1	4	8	3	4	4	4	3	5	3	6	5	6	7	2	1	5
GeneID4068	8	5	2	5	6	6	4	4	1	8	5	6	4	2	7	6	4	9	5	4
GeneID4069	7	7	3	8	4	4	6	4	3	3	8	1	3	6	8	4	1	7	2	2
GeneID4070	4	8	8	7	3	3	5	5	7	3	5	4	6	3	14	8	6	5	2	5
GeneID4071	6	5	6	5	5	2	4	5	2	7	6	6	7	5	5	5	6	0	5	4
GeneID4072	4	4	6	7	6	5	6	9	7	3	5	5	3	6	2	7	2	5	5	11
GeneID4073	4	3	6	6	7	9	2	0	8	4	3	8	3	6	5	2	6	6	0	6
GeneID4074	8	6	6	4	7	4	3	3	7	6	4	2	4	6	10	3	4	6	6	4
GeneID4075	8	5	3	9	5	5	3	8	2	5	5	6	4	5	7	4	7	4	7	3
GeneID4076	3	3	0	7	4	3	7	6	10	5	6	3	0	7	6	4	7	11	5	9
GeneID4077	6	6	7	2	6	5	6	4	6	1	7	4	6	8	5	5	2	3	9	5
GeneID4078	7	9	2	5	2	4	6	3	8	6	4	6	9	5	6	7	4	7	8	1
GeneID4079	2	5	4	5	5	6	4	6	7	4	6	7	2	3	6	3	6	3	6	5
GeneID4080	4	4	4	8	4	5	5	8	4	6	4	2	4	4	12	4	10	4	6	6
GeneID4081	2	3	4	5	12	2	8	4	3	5	7	6	6	4	7	4	4	6	5	7
GeneID4082	1	5	4	7	7	4	6	5	7	5	3	1	2	3	5	4	1	6	2	4
GeneID4083	4	5	11	7	10	3	6	5	3	6	7	5	3	5	6	5	6	5	2	7
GeneID4084	5	4	3	7	5	4	3	4	6	3	4	7	3	1	3	1	5	5	4	6
GeneID4085	5	4	5	3	4	3	3	5	4	9	6	5	5	5	6	4	4	7	3	7
GeneID4086	3	2	6	5	4	8	2	11	8	4	8	3	1	4	9	3	1	11	5	7
GeneID4087	7	7	6	7	4	7	1	5	3	7	6	6	4	5	2	3	7	3	3	4
GeneID4088	5	10	9	5	4	9	3	1	7	4	3	6	3	6	4	6	7	4	4	8
GeneID4089	7	6	9	4	2	3	5	4	3	2	6	3	7	5	7	1	3	5	4	2
GeneID4090	4	8	2	5	5	5	6	6	6	0	3	10	5	7	7	1	8	4	4	6
GeneID4091	4	5	7	8	6	8	4	4	4	8	1	6	3	4	8	8	5	9	7	1
GeneID4092	9	3	8	3	8	7	5	8	3	1	3	10	5	0	6	2	6	4	5	1
GeneID4093	4	4	1	5	3	4	9	7	3	8	11	3	7	7	5	4	3	3	4	5
GeneID4094	7	5	6	5	4	3	7	4	12	6	5	3	13	8	5	8	5	6	5	10
GeneID4095	9	9	4	5	8	8	8	6	5	7	5	2	4	4	6	7	5	6	2	7
GeneID4096	3	4	12	2	6	6	3	4	5	2	6	7	9	7	4	4	5	7	5	5
GeneID4097	6	3	5	3	5	4	6	3	4	7	4	5	4	3	6	3	11	4	3	7
GeneID4098	3	5	8	2	9	2	3	2	10	6	3	6	5	7	3	10	4	1	2	3
GeneID4099	4	2	5	8	4	5	4	6	5	4	2	3	8	7	4	4	4	0	5	5
GeneID4100	6	6	3	5	1	9	5	5	3	8	2	4	4	5	5	6	12	4	5	5
GeneID4101	7	4	1	5	8	4	6	5	6	2	9	7	2	5	5	5	7	5	5	5
GeneID4102	4	5	5	5	2	4	5	4	6	2	4	4	2	9	6	4	7	7	5	6
GeneID4103	4	4	4	8	4	6	6	8	8	4	2	6	9	5	5	5	9	5	7	3
GeneID4104	9	2	5	7	2	4	6	5	7	3	12	7	2	8	8	7	3	5	5	4
GeneID4105	3	7	2	6	10	3	6	5	4	2	6	6	5	4	1	6	4	3	0	5
GeneID4106	8	3	4	2	4	3	3	3	7	6	3	5	5	5	2	9	5	3	5	7
GeneID4107	7	1	3	3	4	3	4	3	5	4	7	5	10	7	7	6	4	6	8	2
GeneID4108	4	4	6	7	4	7	9	3	3	9	3	6	6	6	6	5	6	9	5	3
GeneID4109	7	5	3	7	5	6	5	2	6	4	1	10	7	5	6	6	4	3	5	4
GeneID4110	6	4	7	2	4	2	6	5	10	4	3	6	3	6	7	7	7	4	14	3
GeneID4111	4	7	4	3	5	8	5	4	5	8	8	3	9	5	4	3	1	7	3	5
GeneID4112	4	8	4	4	1	7	6	5	4	7	4	10	6	7	7	7	5	2	7	4
GeneID4113	4	8	3	6	7	2	3	3	2	6	3	5	4	7	4	9	5	4	3	8
GeneID4114	4	9	6	5	3	11	9	7	9	8	4	4	4	2	8	3	3	8	6	6
GeneID4115	2	3	2	4	5	4	8	4	5	7	3	9	4	5	8	5	2	4	7	4
GeneID4116	8	4	2	8	5	7	7	0	8	4	2	6	5	3	6	4	6	4	3	5
GeneID4117	4	6	3	6	5	4	8	1	7	6	7	4	3	4	12	4	4	6	5	5
GeneID4118	5	4	3	7	2	2	6	6	4	2	4	5	8	6	5	6	8	1	5	4
GeneID4119	4	5	9	4	5	4	6	5	9	2	6	8	5	3	4	5	9	4	4	3
GeneID4120	4	1	7	7	4	5	6	2	10	3	6	8	9	10	6	3	6	4	9	4
GeneID4121	6	4	8	6	4	4	3	4	5	6	8	8	4	5	6	4	3	3	7	5
GeneID4122	18	8	5	4	7	2	6	7	9	5	8	2	5	4	6	8	5	3	3	7
GeneID4123	5	4	2	3	5	4	7	5	6	1	6	6	3	3	8	8	5	2	2	5
GeneID4124	6	6	9	3	7	3	4	4	7	3	3	4	6	7	9	6	4	8	5	5
GeneID4125	5	3	2	5	3	3	7	5	2	3	2	3	4	7	7	3	3	7	9	8
GeneID4126	6	2	4	5	5	7	3	6	4	10	3	5	3	2	4	2	5	8	6	4
GeneID4127	1	10	6	6	3	4	1	5	8	5	5	2	4	4	7	2	5	8	4	8
GeneID4128	5	2	4	5	3	4	3	6	4	4	5	5	7	7	4	2	1	3	4	9
GeneID4129	5	2	8	4	6	8	4	3	4	9	3	5	6	5	5	2	1	6	7	5
GeneID4130	5	2	4	8	4	5	7	4	3	5	9	5	4	5	3	6	5	5	7	7
GeneID4131	7	5	4	9	4	5	3	9	2	5	5	4	6	10	4	7	4	5	7	4
GeneID4132	5	3	3	3	6	2	9	2	3	3	5	0	4	4	3	4	4	5	5	6
GeneID4133	6	8	5	6	3	11	3	3	3	4	3	3	2	4	6	3	4	4	2	7
GeneID4134	9	4	8	5	7	3	4	7	2	4	3	6	5	10	6	5	5	4	3	6
GeneID4135	5	4	6	2	5	4	3	7	5	5	6	11	4	0	3	4	5	6	4	6
GeneID4136	4	4	7	5	5	5	3	4	6	2	8	5	13	1	6	4	2	2	3	10
GeneID4137	3	4	9	4	2	3	4	8	8	2	6	3	6	3	7	4	6	7	5	4
GeneID4138	7	2	5	6	3	4	8	5	4	6	3	6	6	9	8	3	2	7	8	6
GeneID4139	4	6	3	8	4	8	4	6	8	3	9	5	8	3	2	5	6	6	3	3
GeneID4140	6	1	3	5	7	5	4	2	6	3	3	7	1	9	9	5	7	3	5	5
GeneID4141	6	1	5	8	7	4	3	3	4	3	5	8	6	4	2	5	4	8	3	4
GeneID4142	4	6	3	8	7	4	5	3	4	3	4	4	3	10	5	6	2	2	5	3
GeneID4143	5	3	6	6	2	3	6	2	5	6	10	0	2	6	6	3	4	7	1	8
GeneID4144	3	3	9	3	2	3	6	8	5	9	2	5	5	2	6	3	4	5	6	1
GeneID4145	8	5	6	7	6	7	5	9	3	3	6	3	4	8	8	11	8	6	1	4
GeneID4146	3	6	10	5	7	8	6	4	1	3	8	8	5	5	5	6	6	5	3	5
GeneID4147	6	9	6	5	7	4	8	5	6	4	7	8	5	6	10	8	4	5	8	4
GeneID4148	6	6	5	6	3	2	3	3	4	5	4	11	3	7	3	3	8	2	9	4
GeneID4149	5	2	5	7	4	3	6	9	6	4	4	5	4	4	7	6	1	6	4	8
GeneID4150	4	6	6	5	8	9	3	2	9	4	2	2	3	2	5	4	3	0	9	4
GeneID4151	9	5	4	5	4	7	3	5	2	2	7	7	4	9	3	4	7	8	3	7
GeneID4152	5	4	4	5	5	7	5	3	8	3	8	2	3	2	2	6	6	3	3	6
GeneID4153	5	2	4	3	6	5	4	1	3	10	1	5	6	6	7	9	5	8	6	6
GeneID4154	4	7	6	3	4	3	5	2	10	4	4	3	6	4	8	5	4	8	8	4
GeneID4155	4	3	10	3	8	4	8	1	9	3	1	6	5	4	4	2	10	3	1	5
GeneID4156	5	3	7	2	5	6	4	4	8	8	3	4	6	5	6	6	3	2	4	5
GeneID4157	4	3	5	3	3	2	4	9	5	3	5	3	4	5	3	3	7	7	4	5
GeneID4158	1	3	5	3	5	6	6	7	3	1	5	5	11	9	6	3	4	4	2	8
GeneID4159	10	6	7	4	5	2	6	4	7	4	5	1	5	6	5	4	4	3	4	7
GeneID4160	5	5	8	4	10	2	6	4	2	5	5	9	4	7	3	4	6	4	4	2
GeneID4161	4	5	3	7	6	4	3	9	2	2	3	3	6	5	7	4	8	4	2	4
GeneID4162	7	7	7	5	2	1	1	6	5	5	5	5	5	4	4	6	6	4	5	3
GeneID4163	5	2	1	5	2	6	3	9	3	4	5	4	8	3	4	5	3	5	7	7
GeneID4164	4	3	5	8	5	6	6	8	3	5	6	5	5	5	4	5	5	3	2	5
GeneID4165	3	10	6	8	6	2	3	1	7	6	5	5	2	7	3	7	3	6	5	3
GeneID4166	4	6	4	4	6	6	8	4	5	3	6	9	7	4	4	7	11	4	5	1
GeneID4167	6	8	3	5	2	5	9	6	4	6	3	5	5	6	5	6	8	4	4	4
GeneID4168	9	7	4	4	7	6	4	4	6	7	4	5	5	6	3	2	5	8	5	4
GeneID4169	7	0	7	3	1	4	5	3	5	4	5	6	1	4	8	4	7	4	4	4
GeneID4170	8	1	10	5	5	6	11	3	8	8	2	2	3	6	2	6	5	6	2	4
GeneID4171	3	2	6	8	7	4	4	1	1	1	5	5	10	4	8	4	8	6	5	4
GeneID4172	6	5	6	2	4	5	4	7	5	4	3	6	6	5	7	6	6	8	10	8
GeneID4173	6	6	7	2	7	3	5	8	5	9	3	7	6	8	6	5	4	9	6	4
GeneID4174	3	7	4	6	4	4	8	6	8	12	9	5	7	9	5	1	3	5	7	4
GeneID4175	8	7	8	6	6	5	5	6	9	8	5	7	4	7	2	4	5	5	6	8
GeneID4176	7	4	3	2	8	2	6	6	5	6	8	1	3	5	3	5	8	5	6	6
GeneID4177	4	2	1	14	8	6	7	6	7	3	6	4	8	6	6	4	8	5	7	2
GeneID4178	3	4	7	4	1	3	6	5	5	7	3	3	4	2	3	11	14	3	6	4
GeneID4179	6	8	3	6	2	5	9	7	5	3	3	6	5	6	4	4	4	2	4	5
GeneID4180	8	4	6	1	5	4	3	6	9	3	5	8	3	5	6	5	4	5	6	2
GeneID4181	5	4	6	3	3	4	4	4	7	8	5	6	4	6	3	4	8	1	7	4
GeneID4182	10	0	7	3	6	5	4	2	9	5	3	10	8	6	6	2	2	6	4	3
GeneID4183	2	7	4	9	13	6	4	4	5	6	1	3	7	5	4	5	3	5	7	5
GeneID4184	4	8	4	4	4	4	12	3	8	5	5	6	1	6	7	8	2	6	6	7
GeneID4185	5	5	2	6	6	7	6	5	9	6	5	2	10	3	3	7	4	7	5	3
GeneID4186	3	8	8	3	5	4	5	9	3	2	5	2	3	3	7	6	4	3	6	2
GeneID4187	3	1	6	4	7	5	6	7	4	3	2	7	4	4	4	3	3	4	5	5
GeneID4188	4	2	6	8	5	2	7	6	6	4	2	10	3	4	5	3	6	6	5	4
GeneID4189	5	4	9	2	6	9	9	7	5	5	6	3	2	5	8	5	8	6	4	4
GeneID4190	4	3	4	4	7	7	5	4	5	3	4	2	4	4	8	3	7	5	6	4
GeneID4191	11	3	3	3	5	5	6	4	6	6	7	4	2	2	8	4	7	6	7	6
GeneID4192	4	5	1	7	3	7	4	8	3	5	4	6	5	2	6	7	8	4	3	4
GeneID4193	5	6	4	9	7	5	1	4	4	8	5	8	3	6	4	4	6	3	5	4
GeneID4194	7	6	7	6	4	0	3	11	5	4	3	5	6	6	2	3	8	6	4	8
GeneID4195	6	7	1	5	5	2	4	1	5	4	3	4	6	6	5	4	7	9	8	6
GeneID4196	6	5	10	9	7	10	9	3	3	3	7	10	6	8	9	8	3	8	5	3
GeneID4197	6	3	5	4	1	2	4	5	7	4	5	5	5	3	6	4	4	5	9	0
GeneID4198	6	9	4	6	6	4	5	4	8	8	4	9	1	6	10	6	4	7	3	9
GeneID4199	4	4	6	7	7	1	6	5	8	4	4	3	6	6	5	8	2	6	5	8
GeneID4200	6	9	9	7	8	4	7	4	4	6	6	5	8	9	2	3	6	3	8	5
GeneID4201	7	9	4	6	4	10	2	5	3	7	5	3	5	7	10	4	5	3	5	4
GeneID4202	6	6	3	3	6	7	7	4	2	5	4	3	5	10	9	4	4	8	6	3
GeneID4203	5	5	8	5	6	9	6	4	4	6	3	3	6	4	5	2	2	9	3	7
GeneID4204	5	4	4	2	5	4	2	9	9	6	5	5	5	5	2	9	6	6	6	8
GeneID4205	10	3	8	5	4	5	5	4	7	5	2	8	2	2	6	7	2	4	2	5
GeneID4206	5	9	8	2	7	4	3	2	4	7	4	9	6	1	4	1	6	2	7	7
GeneID4207	4	8	4	5	3	11	4	8	3	4	5	10	3	4	3	3	11	5	5	9
GeneID4208	2	9	5	6	2	4	8	1	5	5	7	5	3	5	4	8	5	6	5	6
GeneID4209	1	4	3	4	5	2	6	8	4	0	4	4	5	9	7	3	6	6	4	5
GeneID4210	6	1	10	7	8	4	6	2	5	7	2	4	4	8	2	10	4	7	10	7
GeneID4211	7	7	5	5	5	8	3	3	8	7	8	6	2	6	3	9	6	3	6	7
GeneID4212	6	2	8	4	5	8	4	6	4	8	4	5	4	3	6	3	2	3	2	4
GeneID4213	6	3	6	8	7	5	11	3	4	4	4	6	3	8	4	3	12	4	6	5
GeneID4214	6	4	2	4	6	2	3	9	6	5	4	10	3	7	4	7	3	4	4	5
GeneID4215	8	6	9	3	4	3	8	2	6	5	6	3	5	5	5	6	5	9	4	3
GeneID4216	5	7	5	8	6	2	6	3	6	6	3	5	4	4	8	4	3	9	7	6
GeneID4217	3	6	1	6	3	5	3	8	5	3	2	4	3	1	7	6	3	4	3	9
GeneID4218	3	8	5	3	6	4	2	5	5	4	2	7	1	2	8	4	13	2	2	6
GeneID4219	7	6	3	5	4	6	6	5	4	4	6	9	7	5	3	4	4	3	1	0
GeneID4220	2	7	4	2	3	3	2	4	4	10	4	2	6	4	4	2	3	7	3	2
GeneID4221	2	4	6	0	4	12	2	6	4	8	10	7	10	8	4	5	5	7	3	2
GeneID4222	4	9	5	3	3	6	11	7	3	2	2	3	8	7	4	5	8	4	5	3
GeneID4223	5	4	7	10	5	8	5	1	5	12	12	5	4	7	11	5	7	4	8	4
GeneID4224	3	7	4	4	3	5	4	7	6	6	4	5	4	1	3	5	2	3	5	6
GeneID4225	3	4	12	3	1	7	6	5	6	5	7	6	2	4	11	2	3	6	8	3
GeneID4226	7	3	5	5	2	6	7	8	6	5	1	5	4	8	6	9	8	5	7	6
GeneID4227	3	5	3	5	3	5	3	6	2	4	10	10	5	4	10	1	3	5	2	7
GeneID4228	3	3	4	4	5	5	7	2	7	5	3	7	3	4	5	7	3	6	8	4
GeneID4229	3	5	7	2	4	6	4	1	2	3	1	5	6	7	3	2	3	5	3	7
GeneID4230	4	8	6	4	7	2	5	2	9	4	2	7	9	3	2	8	8	4	0	2
GeneID4231	5	3	6	4	1	5	6	5	5	4	5	5	3	4	3	7	1	2	5	5
GeneID4232	10	9	8	8	6	7	4	6	4	5	8	9	6	4	6	5	6	2	8	7
GeneID4233	2	8	6	2	4	7	2	1	6	1	8	4	2	8	4	6	4	5	2	4
GeneID4234	3	4	7	4	5	4	3	4	2	6	6	1	4	9	5	5	7	10	6	4
GeneID4235	7	4	4	4	1	4	5	2	4	4	4	6	5	0	7	2	4	4	5	3
GeneID4236	6	2	3	4	5	7	4	3	5	1	4	8	7	6	9	5	7	5	8	6
GeneID4237	7	9	4	6	8	5	2	5	7	7	5	5	5	5	3	5	3	9	5	2
GeneID4238	5	7	7	6	5	5	6	6	7	5	6	7	6	8	3	8	4	0	6	5
GeneID4239	3	12	3	7	1	1	4	5	4	5	6	9	7	8	3	2	3	3	3	1
GeneID4240	9	2	8	5	4	4	5	5	5	5	8	5	9	6	5	3	6	1	3	3
GeneID4241	5	2	3	6	6	3	2	10	5	3	6	8	3	3	7	7	2	6	6	6
GeneID4242	4	6	4	8	5	5	3	8	2	5	7	9	7	6	7	9	6	4	8	6
GeneID4243	8	8	5	2	7	2	3	6	4	5	5	2	10	3	2	10	5	8	6	5
GeneID4244	6	5	11	3	3	2	5	5	6	8	8	7	7	5	12	5	6	6	5	6
GeneID4245	2	9	1	7	2	3	5	5	5	14	8	4	6	4	1	2	2	5	6	4
GeneID4246	5	2	4	4	3	4	3	6	3	7	6	4	3	4	3	5	4	3	4	5
GeneID4247	3	7	4	3	6	5	2	3	4	5	6	4	4	6	3	6	6	6	4	5
GeneID4248	2	5	2	3	4	5	3	7	1	4	4	6	9	3	1	4	5	4	4	8
GeneID4249	3	5	4	6	5	6	6	2	10	3	5	8	1	5	6	3	8	4	4	8
GeneID4250	5	5	5	2	5	4	6	4	4	9	6	4	8	7	6	5	3	9	8	8
GeneID4251	3	1	3	5	5	7	3	4	7	3	3	6	9	2	9	3	8	3	7	2
GeneID4252	3	5	5	8	6	6	2	4	5	5	6	3	10	6	7	3	4	2	5	1
GeneID4253	8	5	4	2	4	6	9	5	6	4	7	4	5	5	4	7	8	3	4	5
GeneID4254	4	4	6	4	2	2	8	6	1	4	6	4	8	3	6	9	5	9	2	4
GeneID4255	6	5	5	3	4	0	4	10	1	4	6	9	7	2	3	5	9	5	7	2
GeneID4256	6	2	4	6	6	8	1	7	2	4	4	4	2	6	4	2	6	3	0	2
GeneID4257	0	2	3	2	2	5	4	5	3	4	2	2	5	7	5	6	7	5	6	4
GeneID4258	4	4	8	5	6	3	4	5	2	7	9	6	3	4	3	7	3	6	5	7
GeneID4259	6	3	6	5	5	4	6	8	8	6	2	5	4	5	6	8	7	3	0	6
GeneID4260	5	4	1	10	4	4	4	3	3	4	4	6	5	4	2	7	6	5	2	10
GeneID4261	4	8	3	7	10	6	5	5	2	6	7	5	4	7	3	1	2	6	3	3
GeneID4262	2	6	7	7	0	6	8	7	7	2	9	6	8	7	4	3	4	5	3	4
GeneID4263	4	8	8	4	1	5	3	6	7	7	6	5	5	7	8	5	7	4	4	9
GeneID4264	4	7	3	6	5	8	7	4	4	6	1	7	5	11	1	2	4	4	5	6
GeneID4265	9	2	10	2	5	6	3	3	5	2	6	5	3	1	4	7	10	7	9	3
GeneID4266	6	4	3	9	5	7	9	5	7	7	3	6	7	2	6	6	5	4	7	9
GeneID4267	3	8	7	6	1	6	5	10	2	8	4	5	8	9	8	8	8	3	7	5
GeneID4268	5	6	3	9	5	5	5	4	3	3	2	6	7	9	6	5	5	5	5	1
GeneID4269	6	6	7	4	6	5	6	6	4	8	4	4	5	3	6	7	4	4	4	4
GeneID4270	6	7	4	4	2	3	7	3	4	3	5	8	5	11	6	5	5	6	1	4
GeneID4271	4	5	10	4	1	6	5	6	2	2	3	3	4	3	6	2	3	5	7	4
GeneID4272	3	6	9	4	5	4	4	6	5	1	4	7	5	5	3	2	6	9	6	7
GeneID4273	2	5	5	6	2	2	5	5	5	7	4	5	4	4	6	7	6	9	5	5
GeneID4274	8	2	3	4	4	4	8	2	3	5	5	4	3	3	7	11	6	5	9	8
GeneID4275	6	3	4	5	3	7	3	8	5	4	5	7	8	10	4	5	1	4	7	3
GeneID4276	6	5	4	7	7	3	8	5	7	8	5	1	6	3	4	3	3	4	9	5
GeneID4277	8	2	8	11	8	8	5	6	3	5	5	3	6	2	3	6	0	4	3	4
GeneID4278	4	7	8	6	5	8	6	4	4	6	5	3	2	3	2	5	6	2	3	2
GeneID4279	7	7	4	1	7	5	6	7	4	5	5	5	4	5	4	6	4	10	9	6
GeneID4280	4	2	7	5	6	6	3	3	3	6	5	3	4	3	2	5	10	3	4	7
GeneID4281	8	5	5	1	6	2	4	5	3	8	4	6	4	4	5	2	6	4	3	3
GeneID4282	7	3	9	3	1	3	5	5	3	9	6	3	3	4	3	2	4	2	5	5
GeneID4283	5	6	6	4	5	1	9	6	2	5	4	3	5	5	7	1	8	12	7	1
GeneID4284	4	7	3	4	4	4	4	3	10	3	6	5	7	6	7	2	4	3	1	3
GeneID4285	7	7	5	7	7	9	7	6	5	5	6	5	4	4	1	11	5	9	8	2
GeneID4286	4	3	4	6	6	3	3	3	3	4	4	2	5	3	5	5	9	9	2	2
GeneID4287	4	4	8	10	5	3	8	7	2	7	5	12	7	4	3	7	3	5	4	6
GeneID4288	6	6	5	5	3	7	5	7	2	6	6	2	3	6	4	6	7	2	3	2
GeneID4289	4	4	4	8	5	2	6	2	5	8	5	1	2	10	6	5	2	1	6	10
GeneID4290	6	1	5	4	4	5	2	4	6	3	4	5	5	6	7	6	5	10	4	4
GeneID4291	4	8	3	9	7	9	1	8	3	8	3	4	8	6	6	4	5	2	9	3
GeneID4292	4	10	9	4	3	3	7	3	3	3	5	5	6	7	10	8	4	5	5	5
GeneID4293	3	7	6	6	3	1	3	4	4	8	5	6	6	5	5	2	5	4	4	9
GeneID4294	5	2	3	8	0	5	5	3	2	7	6	5	3	5	3	3	4	6	5	4
GeneID4295	6	5	1	4	8	5	7	3	6	4	4	11	7	5	11	6	3	5	8	3
GeneID4296	6	3	4	5	5	2	5	2	7	5	7	5	5	3	7	3	8	6	6	7
GeneID4297	5	5	6	5	5	4	6	9	8	2	2	8	3	8	3	4	3	1	6	2
GeneID4298	3	2	5	7	5	5	2	7	5	5	3	6	1	7	7	6	4	8	4	11
GeneID4299	8	4	7	5	4	5	2	8	3	6	2	1	5	7	1	5	6	4	4	6
GeneID4300	5	6	13	7	11	5	6	3	4	4	5	8	2	9	3	2	5	2	7	10
GeneID4301	5	10	5	5	7	7	3	7	5	3	3	7	6	3	4	11	10	3	6	11
GeneID4302	5	2	6	5	5	5	4	3	4	3	4	4	3	5	2	5	1	4	3	2
GeneID4303	5	4	3	8	5	4	4	2	7	6	3	4	2	3	5	5	5	1	6	3
GeneID4304	2	6	6	6	4	2	5	4	5	5	13	4	4	5	3	4	3	2	3	2
GeneID4305	3	7	4	6	7	2	6	6	5	8	6	3	3	7	3	10	4	4	3	1
GeneID4306	8	2	6	5	5	10	4	3	3	8	5	6	5	4	6	5	5	6	3	3
GeneID4307	9	3	6	5	5	2	3	5	7	6	5	9	4	5	5	6	2	5	3	8
GeneID4308	3	4	3	6	6	9	7	8	2	7	4	7	6	3	5	8	6	4	5	3
GeneID4309	3	6	4	6	4	7	4	2	2	2	8	5	3	0	5	7	12	5	4	5
GeneID4310	1	5	8	3	6	7	7	10	2	7	3	5	5	8	5	4	7	4	6	5
GeneID4311	5	2	4	1	6	3	9	5	7	7	3	5	3	5	4	5	4	6	9	2
GeneID4312	3	2	5	5	5	5	3	4	5	8	7	8	7	1	5	6	6	8	6	5
GeneID4313	7	4	8	3	5	8	8	5	4	5	4	5	9	4	4	5	7	3	2	3
GeneID4314	7	8	2	4	3	4	5	7	4	3	5	5	4	5	2	5	2	3	7	5
GeneID4315	4	2	5	3	8	7	7	7	5	5	5	2	6	1	5	6	1	5	4	8
GeneID4316	5	4	7	4	2	2	7	5	9	4	5	8	4	9	5	6	9	8	1	6
GeneID4317	4	8	5	8	10	8	3	4	3	7	8	6	9	5	4	6	7	5	8	7
GeneID4318	5	3	2	2	7	5	2	5	5	7	5	6	3	2	4	8	5	7	7	2
GeneID4319	5	4	4	4	8	5	3	6	7	4	7	3	1	2	7	9	6	4	7	10
GeneID4320	3	4	3	4	8	2	2	4	4	7	2	3	6	5	5	3	4	4	7	4
GeneID4321	10	4	2	7	7	0	3	4	6	8	3	8	7	5	8	3	4	4	6	4
GeneID4322	9	1	6	4	3	4	2	7	6	6	8	4	4	4	6	2	6	7	6	9
GeneID4323	2	5	5	4	5	5	1	5	7	5	5	6	6	7	5	2	7	6	2	4
GeneID4324	7	5	4	5	1	8	5	8	2	2	3	8	6	3	6	2	5	9	4	7
GeneID4325	4	6	1	7	4	11	2	3	4	1	5	7	4	5	5	5	3	5	8	5
GeneID4326	7	4	2	3	3	5	4	4	4	5	4	1	5	6	6	9	4	9	7	5
GeneID4327	3	6	3	3	5	4	3	2	3	3	7	4	8	2	8	3	5	5	4	7
GeneID4328	6	4	5	8	6	2	5	4	9	4	6	7	3	2	5	4	7	3	4	8
GeneID4329	4	5	3	5	5	2	4	9	6	4	5	11	4	4	6	7	4	3	5	5
GeneID4330	5	6	3	4	5	9	7	4	4	4	2	5	4	4	4	3	4	4	3	6
GeneID4331	2	8	7	3	7	2	4	3	10	10	5	3	4	10	7	3	7	5	1	3
GeneID4332	5	5	6	4	7	5	6	3	12	4	6	7	4	6	10	6	5	5	4	7
GeneID4333	3	2	5	5	4	6	7	4	4	4	6	4	6	4	3	4	5	7	6	10
GeneID4334	1	5	3	1	4	2	8	5	8	7	5	3	3	7	5	5	6	6	4	6
GeneID4335	7	2	6	5	7	4	3	7	2	3	5	3	8	7	6	5	9	8	4	8
GeneID4336	3	11	5	7	8	2	4	7	9	3	6	5	5	6	6	6	3	1	6	4
GeneID4337	4	2	5	4	3	5	5	10	5	4	7	5	5	6	7	9	6	8	1	11
GeneID4338	4	5	3	5	7	5	4	3	2	5	5	5	7	9	11	8	10	5	5	3
GeneID4339	4	5	6	2	11	3	3	4	8	6	3	6	7	6	7	2	3	1	8	6
GeneID4340	4	5	5	9	1	3	8	5	3	4	3	1	5	5	2	6	5	5	4	5
GeneID4341	4	6	3	3	6	4	4	7	4	8	5	4	5	6	4	6	3	3	4	2
GeneID4342	8	2	6	9	5	4	3	3	6	2	8	3	6	6	5	5	5	1	5	5
GeneID4343	7	2	5	8	5	5	3	2	6	4	4	9	7	4	5	6	3	4	11	4
GeneID4344	5	6	4	3	4	3	14	6	9	6	3	9	6	5	4	6	6	3	7	6
GeneID4345	9	5	2	4	8	8	4	5	5	6	7	9	5	5	9	3	7	1	4	6
GeneID4346	5	2	3	4	1	7	3	5	5	7	6	3	7	6	2	4	4	2	5	4
GeneID4347	3	6	6	8	3	5	9	6	11	4	4	1	4	3	6	9	5	3	9	6
GeneID4348	3	5	13	5	7	3	3	5	4	9	8	6	7	4	7	6	6	4	6	4
GeneID4349	3	8	5	4	2	4	4	4	8	3	2	5	6	9	5	6	6	6	5	4
GeneID4350	6	5	6	2	11	4	5	8	4	5	7	4	7	5	2	4	6	7	4	4
GeneID4351	4	2	3	5	8	8	6	9	5	2	9	6	1	8	8	8	11	6	3	4
GeneID4352	1	2	8	5	4	3	2	5	4	5	7	7	4	7	5	7	6	7	4	10
GeneID4353	6	5	7	8	6	4	4	5	6	6	6	4	7	7	7	13	5	4	2	7
GeneID4354	2	5	5	3	6	4	6	5	3	3	2	6	7	4	7	2	4	4	3	7
GeneID4355	8	11	8	6	4	4	4	6	3	7	11	2	3	12	4	7	9	4	2	4
GeneID4356	7	9	1	3	4	4	4	2	3	3	5	6	2	4	1	4	5	5	6	6
GeneID4357	6	11	3	4	9	2	4	5	5	6	5	4	1	8	7	3	6	4	4	5
GeneID4358	7	4	5	4	7	4	10	5	6	9	4	7	4	3	5	5	6	3	1	5
GeneID4359	6	3	6	4	3	4	4	3	4	4	8	4	9	5	3	6	2	8	3	4
GeneID4360	8	1	2	4	10	4	7	5	4	6	6	4	10	8	6	2	8	3	5	4
GeneID4361	3	5	3	5	4	3	1	7	4	0	5	1	6	4	2	7	6	6	4	3
GeneID4362	9	5	3	3	3	4	4	4	4	3	2	5	7	5	7	3	4	4	3	2
GeneID4363	6	3	5	3	3	8	3	6	6	3	10	5	6	4	7	2	5	9	4	6
GeneID4364	6	4	7	2	7	3	6	3	7	8	3	3	7	5	5	3	5	3	8	2
GeneID4365	6	0	6	5	4	7	5	4	10	8	1	7	8	4	9	3	6	7	6	9
GeneID4366	2	8	6	6	7	8	6	6	4	5	2	6	3	7	7	4	3	6	3	5
GeneID4367	7	6	5	4	8	4	7	6	6	9	9	3	5	3	5	4	2	9	2	2
GeneID4368	5	6	2	4	1	3	5	4	3	8	3	5	2	4	5	3	7	5	3	5
GeneID4369	2	5	6	4	6	4	7	2	8	2	5	7	2	8	4	4	4	6	5	4
GeneID4370	3	7	4	1	4	6	5	6	3	6	8	3	8	4	9	4	8	2	5	4
GeneID4371	6	5	6	4	8	5	4	3	7	9	5	8	2	5	7	4	6	6	8	5
GeneID4372	3	3	4	7	5	5	5	3	4	4	1	4	7	7	6	3	7	6	5	3
GeneID4373	3	5	3	4	4	5	8	3	2	4	7	5	3	6	4	7	3	5	1	9
GeneID4374	7	10	8	3	8	5	2	6	8	2	4	7	3	7	3	3	4	7	6	6
GeneID4375	6	6	7	6	2	6	7	5	4	5	5	9	4	3	8	4	6	2	5	4
GeneID4376	2	9	4	4	3	5	8	2	5	4	6	8	4	4	7	8	2	3	8	4
GeneID4377	4	6	3	7	12	6	9	2	2	6	3	2	3	5	7	5	6	4	2	9
GeneID4378	2	7	7	3	6	10	11	4	3	4	7	8	5	6	7	3	4	3	7	4
GeneID4379	9	6	6	6	7	4	6	6	8	5	4	3	4	7	5	3	2	8	6	4
GeneID4380	7	6	5	4	3	5	2	7	7	1	4	6	4	6	5	5	6	8	6	4
GeneID4381	7	5	5	8	5	4	7	3	7	8	2	8	5	8	4	5	4	5	5	5
GeneID4382	4	6	6	0	5	3	4	5	7	7	5	5	5	4	7	7	3	4	7	10
GeneID4383	4	5	5	2	1	10	5	4	7	6	5	3	1	2	2	6	8	2	6	8
GeneID4384	7	7	5	9	8	3	1	7	2	6	4	3	4	2	4	4	7	3	2	4
GeneID4385	5	6	3	4	2	3	4	3	2	7	2	5	4	5	8	7	3	2	2	5
GeneID4386	2	4	8	5	5	4	2	4	4	3	8	3	5	7	4	16	5	6	8	4
GeneID4387	11	4	1	6	8	3	4	7	6	2	4	8	8	2	8	1	3	7	7	4
GeneID4388	5	3	5	5	8	10	3	2	3	5	5	2	7	2	2	2	5	5	6	3
GeneID4389	6	6	2	9	7	7	2	2	6	10	3	1	4	6	6	2	7	0	8	3
GeneID4390	7	6	4	6	4	2	8	4	7	2	7	1	4	4	5	5	1	6	3	6
GeneID4391	5	7	9	4	8	5	4	5	2	4	4	6	2	6	6	3	5	7	8	3
GeneID4392	3	6	4	5	5	6	4	3	4	5	1	8	3	10	3	2	4	2	6	4
GeneID4393	4	7	10	3	3	8	10	5	7	5	3	3	6	5	8	11	6	6	5	6
GeneID4394	0	6	2	3	11	7	3	5	6	4	5	3	5	7	4	1	4	5	5	4
GeneID4395	8	6	6	5	6	6	1	4	5	3	6	5	2	5	6	5	7	2	3	5
GeneID4396	2	6	1	3	4	3	3	5	1	6	6	5	4	1	14	3	6	4	4	7
GeneID4397	4	7	6	5	2	10	5	9	4	4	6	3	4	12	5	2	3	7	4	3
GeneID4398	4	7	4	5	6	4	0	8	6	6	2	9	5	5	1	7	7	4	7	2
GeneID4399	6	6	2	7	1	5	6	4	7	7	8	6	5	2	6	2	7	4	3	3
GeneID4400	4	6	6	2	12	4	6	5	4	4	9	11	9	9	4	2	4	1	4	6
GeneID4401	1	5	9	3	7	5	4	9	6	7	5	2	2	11	3	5	7	9	1	7
GeneID4402	5	5	3	2	3	5	6	3	0	3	4	2	9	5	5	7	5	5	4	7
GeneID4403	3	7	5	7	5	6	7	3	6	4	8	5	3	2	3	8	3	10	7	4
GeneID4404	8	5	4	2	4	4	5	2	5	5	6	8	4	3	4	10	7	13	5	4
GeneID4405	6	10	5	1	5	3	4	7	5	10	13	5	2	2	10	5	8	5	5	5
GeneID4406	8	9	3	5	9	3	10	7	3	5	6	2	8	5	3	6	7	3	6	3
GeneID4407	6	5	6	8	7	3	6	8	7	5	12	5	3	7	5	3	5	2	1	9
GeneID4408	5	7	9	4	8	2	5	3	6	2	9	5	7	10	6	2	5	5	7	6
GeneID4409	5	6	5	5	9	1	2	11	8	5	7	7	5	1	4	3	4	3	6	1
GeneID4410	14	6	4	4	4	1	4	6	1	5	7	4	7	3	7	4	9	2	5	7
GeneID4411	6	3	5	2	3	2	7	6	6	6	3	8	6	4	4	5	9	7	1	2
GeneID4412	8	5	4	3	4	6	2	8	4	5	8	4	5	4	6	8	6	1	5	7
GeneID4413	5	7	12	5	8	1	9	2	2	5	4	5	7	2	6	4	4	6	6	5
GeneID4414	8	4	4	8	9	4	3	6	4	6	8	12	3	1	5	5	7	6	5	3
GeneID4415	6	3	3	3	4	3	3	7	1	1	6	6	5	9	7	6	3	7	3	1
GeneID4416	6	3	1	3	5	4	5	3	7	6	6	1	5	8	1	10	4	4	3	5
GeneID4417	4	4	3	3	3	5	4	4	4	6	4	5	5	3	6	5	7	7	7	3
GeneID4418	6	6	7	3	8	6	5	6	2	7	9	7	5	5	8	7	3	3	1	6
GeneID4419	6	7	2	3	6	1	3	5	7	3	2	5	6	9	5	3	6	3	5	4
GeneID4420	4	3	3	2	5	5	7	6	3	2	3	8	5	6	6	3	2	3	3	5
GeneID4421	3	2	10	3	3	4	6	5	9	2	6	5	4	10	2	6	3	7	6	2
GeneID4422	2	4	4	7	4	10	6	2	6	5	5	3	9	2	4	0	4	7	2	5
GeneID4423	5	2	3	1	4	9	5	3	5	6	8	6	7	3	5	7	5	3	5	5
GeneID4424	10	2	12	7	9	8	7	3	2	6	10	5	1	7	4	4	5	7	5	5
GeneID4425	4	6	5	4	7	4	8	2	7	3	7	4	6	5	7	7	4	7	4	7
GeneID4426	5	5	4	5	4	6	7	3	7	5	4	5	2	6	3	8	4	5	4	6
GeneID4427	11	4	6	2	6	9	4	4	3	6	2	10	5	5	6	6	3	5	9	1
GeneID4428	7	3	5	4	5	5	6	4	8	1	5	2	5	7	5	5	3	5	5	3
GeneID4429	3	10	7	4	3	4	5	4	8	6	6	4	4	7	4	4	7	4	6	7
GeneID4430	4	6	4	7	6	4	8	2	1	4	4	6	4	5	5	5	5	6	6	4
GeneID4431	5	10	1	5	5	4	2	6	5	7	3	2	5	5	7	4	4	3	2	2
GeneID4432	5	8	3	3	3	3	6	9	4	4	8	4	3	4	3	6	6	2	6	5
GeneID4433	2	8	5	2	7	6	2	8	8	5	3	9	5	11	4	6	4	7	4	6
GeneID4434	5	3	2	8	6	6	5	8	4	6	5	3	9	9	3	5	3	4	7	3
GeneID4435	2	5	3	3	1	6	6	4	5	6	9	4	7	4	3	3	6	7	3	1
GeneID4436	6	5	3	8	3	2	4	2	6	5	6	6	2	7	6	6	4	7	5	7
GeneID4437	6	4	2	8	5	3	5	8	11	1	3	5	9	6	7	10	6	7	7	5
GeneID4438	5	5	8	5	6	2	4	7	4	3	2	10	5	5	2	8	5	2	2	4
GeneID4439	3	5	8	3	4	7	6	3	8	11	4	7	4	4	5	6	6	5	8	7
GeneID4440	3	8	7	1	10	5	7	4	6	4	2	6	5	6	6	4	2	5	3	3
GeneID4441	7	5	4	4	5	3	6	4	5	4	5	4	8	2	2	7	7	3	4	7
GeneID4442	5	2	3	5	3	4	9	4	2	4	9	4	3	8	10	5	7	7	3	1
GeneID4443	3	7	3	5	5	4	9	3	5	4	6	5	5	5	3	6	7	3	5	1
GeneID4444	9	3	5	1	5	0	3	7	3	3	5	4	7	7	3	4	3	9	6	8
GeneID4445	6	2	6	3	4	5	6	10	4	7	2	6	4	9	7	2	3	8	2	5
GeneID4446	0	3	4	5	7	7	8	9	4	4	2	2	3	12	7	4	6	7	3	8
GeneID4447	4	4	6	6	10	9	5	6	10	2	8	1	6	7	3	5	0	10	6	4
GeneID4448	3	4	12	3	5	6	4	4	11	8	7	8	3	4	2	5	4	3	2	4
GeneID4449	6	6	3	9	7	1	6	5	6	4	2	4	7	4	9	1	3	5	9	3
GeneID4450	3	2	5	3	7	5	5	7	6	6	1	4	4	5	8	7	7	6	5	6
GeneID4451	5	8	4	8	5	4	7	3	4	9	5	5	7	7	7	5	7	7	6	3
GeneID4452	3	4	1	3	9	8	5	4	6	1	4	6	4	1	6	4	6	3	6	4
GeneID4453	6	4	5	3	6	8	7	6	9	5	6	6	7	2	5	11	4	2	5	1
GeneID4454	7	7	3	6	6	3	0	6	3	4	5	5	5	9	5	3	3	3	5	3
GeneID4455	2	3	4	3	7	5	10	6	2	2	2	4	2	2	4	4	5	4	7	4
GeneID4456	5	1	9	3	3	8	8	5	7	7	5	2	5	6	6	3	4	5	9	4
GeneID4457	7	7	6	2	10	5	7	1	5	2	5	4	3	6	4	4	4	9	3	2
GeneID4458	6	9	1	7	2	2	6	5	1	2	6	7	5	3	6	7	3	6	7	1
GeneID4459	8	3	3	5	7	5	3	2	4	11	3	4	9	5	4	3	3	7	9	7
GeneID4460	5	1	13	6	6	9	5	4	4	2	5	4	2	5	6	4	6	8	6	10
GeneID4461	4	7	6	4	3	8	7	7	5	5	5	5	5	3	6	5	6	0	2	3
GeneID4462	3	10	3	6	2	5	1	4	8	2	7	6	3	6	12	4	5	5	8	8
GeneID4463	3	0	7	7	6	6	3	8	7	8	3	4	3	4	4	8	2	2	2	2
GeneID4464	8	1	3	2	0	4	0	5	5	8	6	5	2	9	6	3	4	4	9	5
GeneID4465	2	6	7	4	3	9	3	2	5	2	5	2	7	6	6	4	1	6	6	9
GeneID4466	7	8	0	11	5	5	6	7	3	5	4	7	6	2	7	2	6	1	9	4
GeneID4467	6	3	3	4	9	7	7	3	2	7	6	4	6	8	1	5	2	7	5	7
GeneID4468	6	3	5	5	8	2	6	8	7	3	5	7	2	6	6	6	9	6	4	3
GeneID4469	6	7	5	8	6	5	7	1	7	7	4	4	4	3	5	6	8	10	3	6
GeneID4470	1	4	1	5	4	3	8	4	6	5	3	5	4	2	2	2	4	4	7	8
GeneID4471	6	7	6	2	6	4	5	7	2	7	3	6	1	8	5	3	2	15	5	5
GeneID4472	3	1	4	2	3	2	2	1	7	4	6	5	1	3	4	4	7	4	3	6
GeneID4473	4	6	6	3	2	3	6	6	5	3	5	5	8	6	1	6	6	7	2	8
GeneID4474	4	9	3	7	6	9	4	5	5	8	1	2	8	4	8	2	6	7	3	4
GeneID4475	6	3	7	5	6	3	5	7	5	10	3	8	5	1	5	3	6	4	6	6
GeneID4476	3	5	2	4	9	3	5	5	3	5	2	3	1	1	4	3	3	6	6	5
GeneID4477	7	2	5	5	4	6	4	6	6	8	4	10	3	4	5	4	3	6	3	9
GeneID4478	5	11	8	4	4	7	6	9	5	7	3	6	7	3	4	9	12	3	6	5
GeneID4479	9	5	7	5	8	3	7	4	5	3	9	6	5	4	12	9	3	3	6	6
GeneID4480	5	2	5	6	7	5	5	2	4	7	2	2	4	5	6	6	5	7	4	8
GeneID4481	4	5	5	3	4	4	5	1	5	5	2	2	2	3	5	8	3	4	5	5
GeneID4482	2	5	4	2	8	8	3	5	6	5	4	3	6	2	5	8	7	5	4	5
GeneID4483	5	11	2	8	8	8	5	1	3	7	6	8	6	10	3	3	2	5	8	8
GeneID4484	9	2	4	7	4	5	6	8	6	3	7	6	7	6	3	7	3	4	4	3
GeneID4485	5	4	6	1	8	6	7	6	6	4	7	4	5	1	7	5	5	3	3	3
GeneID4486	4	2	3	3	4	2	3	1	8	6	5	7	4	4	5	3	3	0	5	6
GeneID4487	3	9	2	7	3	5	6	6	7	3	6	5	2	5	4	4	10	4	6	7
GeneID4488	3	6	6	2	2	6	6	5	5	5	7	6	4	6	8	2	10	3	6	5
GeneID4489	8	7	5	8	6	4	4	8	3	8	8	7	2	7	4	7	4	10	7	1
GeneID4490	6	3	6	1	8	3	0	6	5	4	4	3	6	5	5	7	6	6	8	5
GeneID4491	6	3	3	7	6	4	11	1	7	4	8	6	6	1	4	7	8	8	5	6
GeneID4492	3	6	5	7	7	4	4	5	5	2	2	6	2	6	4	4	8	6	9	6
GeneID4493	8	6	3	5	6	5	5	4	3	6	5	4	4	6	6	6	7	5	2	2
GeneID4494	7	4	4	6	4	2	6	5	5	7	4	5	3	6	8	9	0	6	2	8
GeneID4495	4	10	5	4	4	6	4	3	6	8	2	4	6	4	5	2	4	3	2	6
GeneID4496	0	2	3	10	9	5	7	5	5	0	4	12	3	2	7	4	9	5	5	4
GeneID4497	7	5	6	8	3	3	3	5	7	4	3	6	2	3	2	7	8	5	7	5
GeneID4498	7	4	7	4	2	5	6	4	7	5	8	2	1	5	9	4	4	6	8	2
GeneID4499	2	3	1	7	5	3	7	5	6	0	6	4	4	1	7	4	5	5	9	5
GeneID4500	12	3	5	2	5	5	7	2	4	3	3	5	6	4	4	7	4	2	11	4
GeneID4501	4	3	5	7	5	10	5	4	5	5	3	3	3	5	5	4	7	8	1	6
GeneID4502	6	2	5	4	4	5	5	2	6	7	2	2	6	6	5	9	7	2	3	3
GeneID4503	2	3	7	6	3	6	7	3	4	5	5	6	7	4	6	5	4	4	3	5
GeneID4504	9	4	3	2	10	5	4	7	3	2	2	6	3	3	5	3	3	3	5	6
GeneID4505	6	5	3	3	7	2	6	2	3	4	2	2	4	2	1	4	3	5	4	4
GeneID4506	4	8	5	3	3	8	4	6	4	6	6	4	5	4	3	1	7	4	5	3
GeneID4507	6	1	4	3	2	3	2	11	4	5	5	2	7	2	3	8	2	9	4	0
GeneID4508	4	9	9	7	5	2	6	4	3	5	4	7	6	5	6	8	3	4	8	4
GeneID4509	2	5	8	5	6	1	6	5	4	4	5	4	6	8	7	3	7	4	8	10
GeneID4510	7	4	6	7	7	4	4	3	7	4	5	3	4	2	7	4	2	3	6	6
GeneID4511	6	3	5	5	3	6	8	7	7	7	5	4	6	6	6	6	4	7	4	2
GeneID4512	6	6	2	4	7	5	5	8	3	4	4	10	4	5	8	1	4	5	7	5
GeneID4513	4	3	5	1	3	3	6	5	8	7	5	7	1	8	5	5	5	3	8	5
GeneID4514	7	6	4	11	3	6	1	5	3	4	4	7	7	3	5	10	2	8	7	6
GeneID4515	0	6	6	7	5	8	4	4	5	5	5	6	3	4	2	5	5	10	5	4
GeneID4516	2	4	6	5	7	7	2	2	7	8	4	2	6	6	3	8	8	2	1	5
GeneID4517	8	7	3	5	3	6	4	3	8	3	3	1	6	2	5	4	7	4	5	7
GeneID4518	4	3	1	5	3	5	8	6	6	2	3	4	4	3	6	4	5	3	3	4
GeneID4519	6	9	5	4	3	4	8	4	2	8	8	9	4	6	5	5	3	4	3	5
GeneID4520	8	5	2	7	2	6	7	7	3	4	4	3	2	3	5	5	7	4	8	4
GeneID4521	3	4	5	8	6	3	3	8	4	3	8	3	5	11	5	3	9	8	3	8
GeneID4522	9	3	2	7	3	7	4	5	6	4	3	9	4	5	2	8	5	7	7	4
GeneID4523	5	4	4	7	9	9	0	7	5	3	6	4	8	12	6	3	6	7	8	7
GeneID4524	8	8	4	2	2	8	4	7	5	2	9	5	7	5	3	3	9	6	4	3
GeneID4525	4	3	3	5	4	4	5	8	6	3	3	8	7	4	8	5	6	5	3	2
GeneID4526	6	4	2	4	0	7	6	5	9	5	4	8	1	7	9	7	1	3	3	3
GeneID4527	5	6	6	3	3	9	2	5	6	5	5	2	2	2	1	6	5	6	8	5
GeneID4528	6	6	7	6	0	3	6	6	2	7	8	4	5	6	10	4	10	7	6	7
GeneID4529	6	7	5	2	4	6	8	4	4	5	6	8	6	1	4	3	5	4	5	1
GeneID4530	8	11	5	9	6	7	9	3	6	8	5	6	4	2	2	6	4	5	7	5
GeneID4531	7	5	3	2	8	6	4	6	3	6	6	6	3	4	3	4	5	6	8	5
GeneID4532	3	7	6	7	6	3	6	4	7	2	4	4	4	6	6	5	8	6	1	8
GeneID4533	3	6	6	2	7	5	7	7	3	12	1	6	7	6	3	6	4	8	2	5
GeneID4534	5	7	3	5	12	6	6	4	7	5	6	7	3	5	5	5	4	4	8	7
GeneID4535	6	4	8	5	4	5	5	3	7	7	9	5	5	9	2	3	6	3	6	12
GeneID4536	7	11	2	11	8	3	5	5	2	8	7	2	10	4	5	5	5	3	3	7
GeneID4537	8	7	6	6	7	6	3	7	7	1	4	5	5	4	6	9	3	7	3	6
GeneID4538	10	4	4	5	3	3	9	0	3	3	2	8	3	6	8	2	2	8	3	5
GeneID4539	2	5	7	5	5	3	3	7	7	3	3	4	3	3	6	7	6	6	3	6
GeneID4540	6	3	4	3	5	7	10	5	4	10	2	8	3	11	6	5	7	5	11	7
GeneID4541	5	8	6	7	1	3	1	4	3	7	6	6	2	5	2	6	2	6	5	4
GeneID4542	3	3	5	4	4	10	4	6	6	7	3	3	2	1	5	1	3	4	1	2
GeneID4543	4	3	3	5	6	6	4	9	4	3	2	7	8	9	4	4	4	4	5	6
GeneID4544	4	4	3	5	11	8	7	2	1	2	6	3	6	5	3	8	6	3	4	5
GeneID4545	4	6	3	5	2	8	3	8	3	4	4	5	3	2	11	4	2	6	2	5
GeneID4546	6	6	3	4	6	7	7	8	4	8	5	3	9	8	8	5	6	8	6	3
GeneID4547	5	6	9	3	9	6	4	8	3	8	5	5	5	3	6	2	7	11	5	4
GeneID4548	4	8	6	6	4	5	1	5	5	2	6	3	4	3	6	6	5	7	4	4
GeneID4549	10	4	4	3	5	8	4	6	6	7	10	10	3	6	3	7	6	3	7	6
GeneID4550	6	6	3	5	5	10	6	3	3	3	6	3	4	4	7	4	3	7	2	4
GeneID4551	3	7	5	2	3	4	6	6	5	9	4	8	8	4	6	3	3	3	8	4
GeneID4552	5	6	6	2	7	3	3	7	6	2	5	7	3	6	6	4	2	5	8	7
GeneID4553	6	4	7	13	3	5	3	3	8	4	6	1	4	7	2	5	6	8	10	2
GeneID4554	4	8	3	7	4	3	5	5	4	9	9	4	5	5	2	2	3	8	1	5
GeneID4555	5	9	4	6	8	1	7	5	4	5	0	5	5	7	8	3	5	4	2	4
GeneID4556	3	2	1	3	6	3	2	2	7	1	7	2	2	4	2	8	4	1	7	3
GeneID4557	7	4	4	8	4	2	5	3	2	6	6	2	6	3	4	7	2	3	4	3
GeneID4558	5	10	5	6	6	4	6	0	6	4	2	6	2	4	9	8	4	7	4	10
GeneID4559	4	5	4	3	5	3	5	7	2	2	5	7	7	4	2	5	3	4	7	2
GeneID4560	5	6	6	4	6	7	6	5	3	4	2	8	5	9	4	8	2	2	2	5
GeneID4561	4	7	4	3	2	5	6	3	6	5	1	5	8	3	3	2	2	4	6	2
GeneID4562	3	5	3	7	5	6	6	10	6	0	7	6	5	4	4	4	5	3	4	3
GeneID4563	4	6	7	4	5	5	2	4	6	7	6	5	3	3	7	4	5	7	5	4
GeneID4564	4	2	5	6	4	7	5	6	4	4	11	5	5	3	7	7	6	6	6	4
GeneID4565	5	2	3	6	2	2	3	8	3	2	4	4	5	6	5	5	6	3	5	4
GeneID4566	7	5	9	4	2	5	4	10	5	4	7	5	10	5	4	10	4	5	9	3
GeneID4567	4	2	4	9	5	3	7	4	5	3	5	3	7	7	4	5	7	1	5	4
GeneID4568	3	8	5	4	4	3	9	6	5	6	3	11	6	6	5	1	7	7	9	5
GeneID4569	9	5	5	5	1	9	3	3	3	7	4	6	8	2	2	6	7	11	4	8
GeneID4570	2	4	5	2	8	10	4	3	7	3	6	6	2	2	2	6	9	4	3	6
GeneID4571	1	5	7	6	8	0	3	2	2	2	3	5	7	4	6	5	8	4	5	5
GeneID4572	7	8	6	5	3	4	6	6	3	5	2	5	4	5	1	4	2	8	7	3
GeneID4573	9	5	4	6	7	6	1	2	3	8	3	3	4	4	4	5	5	7	6	3
GeneID4574	7	8	5	5	5	3	4	1	8	5	11	2	2	1	9	5	7	0	10	4
GeneID4575	2	1	6	6	6	5	2	2	4	4	6	4	3	3	7	3	10	8	7	4
GeneID4576	3	3	6	5	3	3	8	9	3	2	10	1	2	3	6	10	4	7	7	8
GeneID4577	7	8	4	5	0	3	7	4	3	6	3	4	2	7	4	4	5	5	3	4
GeneID4578	4	7	4	6	2	2	3	4	5	3	4	5	5	7	9	4	4	1	1	3
GeneID4579	6	0	5	5	7	4	4	10	3	6	6	4	4	8	6	2	6	4	7	6
GeneID4580	2	0	4	9	1	6	4	8	2	2	5	3	7	8	6	6	5	7	3	5
GeneID4581	7	5	4	5	5	2	6	8	3	2	4	6	11	5	3	7	6	6	4	5
GeneID4582	4	6	7	4	3	6	10	5	6	5	5	3	5	8	4	5	7	5	0	3
GeneID4583	6	5	5	8	3	5	4	7	7	4	7	8	11	9	2	4	7	4	7	6
GeneID4584	5	4	0	4	3	2	4	7	4	6	8	4	8	1	6	3	4	7	6	1
GeneID4585	5	8	6	7	3	3	5	3	5	8	3	10	5	12	6	8	9	10	6	4
GeneID4586	5	6	4	8	3	9	10	6	5	3	4	4	4	5	3	9	3	6	10	4
GeneID4587	3	6	7	2	3	4	5	6	4	3	9	7	2	4	2	5	2	5	3	2
GeneID4588	5	3	2	6	10	5	6	7	6	5	7	2	8	1	4	5	8	3	4	4
GeneID4589	3	8	3	3	5	2	5	3	4	3	8	5	7	2	4	3	7	7	5	4
GeneID4590	8	6	11	5	6	2	8	6	3	7	5	4	9	6	5	4	4	4	3	4
GeneID4591	4	3	4	5	2	5	1	1	1	8	5	2	5	3	4	6	3	7	4	5
GeneID4592	7	4	6	8	6	5	5	5	7	3	9	8	0	0	2	2	2	8	5	6
GeneID4593	5	5	4	2	5	4	5	2	4	6	6	5	3	3	3	5	1	3	4	1
GeneID4594	1	4	5	8	5	6	6	2	10	6	5	3	6	5	5	5	6	1	7	4
GeneID4595	5	6	5	3	3	4	4	3	3	2	5	5	7	9	5	3	8	3	3	4
GeneID4596	9	8	13	3	8	9	6	4	11	10	8	2	3	3	3	4	2	7	4	7
GeneID4597	3	4	4	3	6	3	7	4	3	6	2	9	3	9	2	5	1	7	5	3
GeneID4598	6	4	6	5	3	4	5	8	3	2	4	7	3	5	2	4	3	7	3	3
GeneID4599	5	5	12	2	4	3	9	5	4	4	5	3	1	3	4	4	2	4	3	4
GeneID4600	3	6	4	5	7	3	9	7	7	3	4	4	10	6	6	7	6	9	4	3
GeneID4601	3	7	3	4	2	3	6	4	7	8	6	5	6	5	7	7	8	7	4	6
GeneID4602	4	6	4	7	8	2	5	9	6	7	6	5	3	5	5	9	5	4	5	8
GeneID4603	2	4	4	5	6	3	5	10	5	4	7	6	6	8	4	4	6	3	6	4
GeneID4604	4	5	3	3	1	4	4	3	7	8	2	8	3	4	6	8	8	5	4	6
GeneID4605	3	5	5	3	8	10	7	3	5	2	2	2	3	5	5	1	6	4	6	6
GeneID4606	5	6	2	7	1	5	3	10	4	7	6	4	4	4	5	5	2	8	5	5
GeneID4607	7	3	6	5	1	5	3	8	4	6	3	5	2	2	4	9	6	6	5	2
GeneID4608	0	5	6	4	4	4	4	5	4	7	4	7	7	9	4	3	4	5	4	4
GeneID4609	3	2	2	4	10	2	7	4	3	1	3	3	4	5	5	2	2	4	4	5
GeneID4610	8	9	5	6	3	6	13	5	6	3	5	6	0	4	1	3	4	6	4	2
GeneID4611	3	4	2	5	5	9	7	4	6	7	3	4	5	4	9	4	2	3	5	8
GeneID4612	3	4	5	3	5	2	6	5	3	6	3	6	6	6	4	6	8	2	2	2
GeneID4613	2	7	7	6	2	6	3	2	5	8	5	1	8	3	0	5	1	5	3	6
GeneID4614	3	5	7	6	3	5	2	3	8	7	6	6	3	5	4	2	5	2	2	3
GeneID4615	7	6	5	7	5	2	4	2	4	6	6	4	5	9	3	7	10	6	4	4
GeneID4616	3	2	6	4	4	1	4	4	7	4	6	6	3	1	7	9	4	3	2	9
GeneID4617	6	5	5	3	3	4	3	2	2	3	4	7	2	5	8	6	3	4	3	5
GeneID4618	7	5	4	8	3	5	4	1	5	9	4	4	4	4	6	3	3	6	4	6
GeneID4619	7	6	5	3	7	7	7	4	6	4	5	3	8	7	8	3	4	4	4	5
GeneID4620	0	9	5	12	7	6	9	8	4	5	2	5	8	6	7	6	6	5	5	1
GeneID4621	6	7	3	7	4	1	5	6	2	4	5	6	5	4	5	5	3	3	2	2
GeneID4622	3	6	6	5	3	8	8	8	7	3	6	1	5	4	6	6	3	4	3	4
GeneID4623	4	5	4	5	8	5	5	9	3	4	1	6	2	8	5	3	3	5	3	5
GeneID4624	5	8	5	3	5	6	5	3	2	2	8	2	4	8	4	5	8	7	6	3
GeneID4625	3	6	5	6	11	3	5	4	5	1	4	4	4	5	7	7	7	4	6	9
GeneID4626	7	8	3	3	5	6	8	5	6	3	2	6	2	0	5	2	4	5	3	3
GeneID4627	5	4	4	5	9	3	6	5	2	7	2	6	9	6	6	3	4	3	5	6
GeneID4628	6	4	3	6	6	6	4	8	7	4	5	4	4	1	6	8	5	4	3	9
GeneID4629	8	2	2	6	3	8	4	7	1	3	8	3	8	6	5	6	3	4	6	5
GeneID4630	4	3	7	6	4	7	1	7	6	7	4	1	3	7	5	8	1	4	4	6
GeneID4631	6	3	5	5	4	6	7	6	4	5	1	8	7	8	5	4	3	5	6	6
GeneID4632	4	3	4	6	2	1	3	7	4	4	2	7	7	5	10	6	7	2	4	2
GeneID4633	5	6	4	5	6	3	5	6	8	3	4	5	8	4	3	3	5	3	3	4
GeneID4634	8	5	9	4	6	2	4	4	2	5	7	6	6	10	5	6	4	5	3	3
GeneID4635	4	4	6	6	3	4	5	6	4	6	8	7	6	2	5	6	4	2	11	13
GeneID4636	3	6	3	3	5	2	7	3	4	5	5	8	11	6	7	5	6	14	2	2
GeneID4637	6	2	8	8	6	1	5	7	8	4	4	3	2	3	6	4	9	11	6	5
GeneID4638	8	3	5	6	2	6	4	5	5	6	3	3	5	6	5	12	4	2	5	2
GeneID4639	4	2	5	3	6	4	7	5	5	5	8	4	5	5	4	7	7	9	2	5
GeneID4640	5	9	9	5	5	4	3	5	9	4	4	3	3	7	3	6	5	4	9	7
GeneID4641	3	3	8	7	6	5	6	5	3	3	6	6	5	1	4	9	2	4	3	6
GeneID4642	6	4	7	4	3	6	5	3	6	3	7	11	2	5	5	3	5	8	8	2
GeneID4643	7	5	7	4	4	6	9	7	6	6	4	6	2	5	3	4	6	7	6	4
GeneID4644	2	3	3	3	6	5	1	3	7	3	3	4	6	2	4	6	6	7	4	10
GeneID4645	3	4	9	8	5	9	5	7	2	4	6	3	2	4	3	2	10	4	8	5
GeneID4646	7	4	2	9	3	1	6	2	1	5	9	5	6	5	4	7	8	3	4	2
GeneID4647	6	1	3	7	9	8	7	1	6	7	7	2	3	4	3	6	5	7	3	4
GeneID4648	5	8	2	8	6	3	8	4	6	3	7	4	2	5	7	4	4	3	1	4
GeneID4649	6	8	4	9	3	3	2	7	5	6	4	6	6	2	4	3	1	3	7	10
GeneID4650	5	6	7	5	6	3	3	5	2	4	6	3	7	7	4	3	8	4	4	5
GeneID4651	3	3	9	7	6	1	3	10	4	5	4	9	3	5	5	4	5	3	8	6
GeneID4652	2	6	7	6	3	3	6	4	6	5	4	5	4	9	10	2	8	1	5	7
GeneID4653	5	7	3	4	6	5	8	6	5	12	8	9	5	5	4	6	9	4	6	5
GeneID4654	3	6	8	5	8	4	5	8	5	8	7	7	4	5	4	4	9	4	4	9
GeneID4655	2	3	6	5	5	4	6	12	5	2	2	4	6	8	5	4	4	11	2	5
GeneID4656	5	3	5	8	4	7	5	7	7	3	9	6	8	5	5	7	2	6	6	2
GeneID4657	5	6	6	2	5	6	5	5	2	4	7	6	2	3	2	0	5	5	5	6
GeneID4658	5	6	8	3	9	7	6	4	5	4	1	5	3	6	2	6	4	7	2	7
GeneID4659	6	5	4	1	3	5	4	3	6	3	5	2	3	3	9	2	4	7	7	4
GeneID4660	5	4	9	5	7	5	10	6	6	2	3	1	10	5	4	4	4	7	4	3
GeneID4661	5	4	3	9	4	6	9	5	3	5	5	3	1	3	8	6	8	5	0	5
GeneID4662	5	5	5	5	7	5	5	5	8	4	4	3	4	7	5	4	3	7	1	7
GeneID4663	4	6	11	4	6	3	6	4	4	5	6	1	6	3	10	2	3	4	6	6
GeneID4664	6	2	2	4	1	7	4	6	11	5	3	2	3	7	3	2	4	5	2	1
GeneID4665	3	6	4	3	9	6	3	6	5	4	5	2	3	8	7	9	4	8	2	4
GeneID4666	5	9	5	3	5	6	2	3	7	3	2	2	8	4	6	7	0	4	8	6
GeneID4667	3	8	4	8	4	5	9	5	4	6	5	8	6	4	2	4	6	8	7	5
GeneID4668	11	7	5	2	7	5	8	9	6	4	6	6	3	6	0	3	6	5	5	10
GeneID4669	3	3	2	7	7	3	4	2	9	2	4	4	2	3	4	6	6	6	4	4
GeneID4670	4	3	2	4	5	4	1	4	3	10	4	7	5	9	4	6	10	7	3	7
GeneID4671	8	6	5	6	4	4	7	3	7	1	4	2	6	5	5	4	3	3	3	5
GeneID4672	3	4	6	9	3	4	7	6	1	8	9	2	4	6	6	5	4	5	7	4
GeneID4673	11	10	4	6	8	6	1	3	4	2	7	9	3	7	6	9	9	4	4	4
GeneID4674	4	2	6	8	9	6	4	1	5	4	7	4	6	2	2	6	5	5	4	2
GeneID4675	6	4	4	10	3	6	5	3	4	3	6	4	4	2	4	8	5	2	3	5
GeneID4676	4	6	8	3	3	4	2	8	8	4	6	5	11	2	7	1	5	3	6	3
GeneID4677	3	6	8	4	4	3	3	3	2	6	6	6	5	4	4	4	2	6	5	7
GeneID4678	4	8	1	1	3	2	10	7	5	2	5	6	3	5	4	6	7	2	3	4
GeneID4679	6	2	6	3	4	6	7	3	2	7	4	5	3	5	7	3	6	4	8	1
GeneID4680	5	9	4	6	8	7	8	6	5	0	9	6	7	8	4	3	4	5	5	4
GeneID4681	6	2	5	8	4	4	3	4	5	7	5	4	2	5	5	3	4	5	4	6
GeneID4682	5	7	5	10	4	1	6	3	2	2	5	1	3	6	4	5	1	4	8	4
GeneID4683	2	1	6	5	4	5	5	6	2	5	5	1	5	6	7	3	4	5	8	5
GeneID4684	9	8	3	3	5	9	6	4	5	7	7	2	6	5	5	3	10	7	3	10
GeneID4685	4	2	6	6	3	7	2	7	3	2	3	5	10	6	4	3	4	4	3	8
GeneID4686	5	8	7	2	6	4	8	6	3	9	8	3	5	8	3	6	2	8	3	12
GeneID4687	5	7	2	3	8	3	5	7	8	5	4	8	3	6	7	3	7	5	3	4
GeneID4688	5	5	4	5	4	5	3	2	13	4	2	8	2	8	11	2	4	7	5	8
GeneID4689	4	4	3	4	3	3	6	2	11	4	6	4	4	2	6	7	5	3	2	4
GeneID4690	6	6	4	7	7	9	8	7	5	4	2	4	7	3	2	6	4	5	7	7
GeneID4691	3	4	4	0	6	6	5	4	5	7	7	2	12	6	6	4	2	3	9	13
GeneID4692	4	9	7	5	6	7	2	7	5	3	7	5	4	5	3	4	6	5	7	4
GeneID4693	12	8	6	5	6	5	7	3	2	4	5	7	8	3	4	3	5	4	9	6
GeneID4694	2	5	4	2	6	4	8	4	4	2	6	4	6	5	3	8	4	2	6	9
GeneID4695	6	4	8	2	6	5	9	9	5	5	7	2	12	3	4	5	2	3	2	1
GeneID4696	5	3	7	11	5	6	6	3	4	5	4	10	7	3	6	1	11	4	5	4
GeneID4697	7	6	2	3	8	7	9	3	7	5	5	8	3	5	9	3	5	10	5	2
GeneID4698	6	3	4	4	6	7	4	6	5	7	5	6	3	3	4	5	4	3	4	4
GeneID4699	4	4	0	3	8	5	6	6	5	4	10	5	4	6	4	9	5	3	8	5
GeneID4700	3	7	5	9	6	5	5	2	10	4	9	3	2	3	7	11	8	9	8	4
GeneID4701	4	7	6	9	3	1	2	4	4	6	1	4	11	2	4	3	5	4	4	4
GeneID4702	5	5	4	9	3	5	8	4	3	1	5	3	6	4	4	5	9	7	5	2
GeneID4703	4	1	2	4	3	5	6	9	4	4	5	5	7	5	2	4	6	4	7	7
GeneID4704	2	10	5	6	3	3	4	4	4	3	7	6	5	4	5	9	2	6	5	6
GeneID4705	6	5	4	5	6	3	4	9	4	8	5	6	8	3	6	8	8	7	2	7
GeneID4706	3	4	3	3	6	4	3	7	5	5	8	3	4	5	3	7	8	1	7	3
GeneID4707	4	3	5	6	5	3	6	5	4	7	3	3	6	4	4	6	3	5	5	3
GeneID4708	3	4	1	3	11	5	6	4	3	4	4	3	5	4	3	6	4	7	5	5
GeneID4709	5	7	5	6	6	6	4	3	5	10	5	3	6	6	11	4	4	5	7	4
GeneID4710	5	9	0	10	5	9	1	2	5	3	4	4	11	9	7	7	1	2	5	4
GeneID4711	6	8	9	7	6	4	3	5	6	3	3	4	1	6	6	6	9	2	7	10
GeneID4712	12	4	8	7	5	4	5	3	3	7	6	2	3	5	5	2	5	8	6	9
GeneID4713	2	3	4	4	0	5	2	6	5	4	2	2	2	3	8	2	6	5	7	8
GeneID4714	2	7	8	5	4	4	7	5	1	3	6	5	3	4	2	6	2	7	2	6
GeneID4715	6	5	4	5	3	5	2	6	7	8	6	10	5	4	4	4	9	6	4	8
GeneID4716	5	7	5	9	4	3	5	3	7	3	5	8	2	7	3	3	7	6	1	6
GeneID4717	0	4	7	8	6	4	3	3	7	7	5	7	4	10	5	0	7	2	4	9
GeneID4718	3	2	2	3	4	6	10	6	5	5	8	6	6	4	1	5	4	2	4	2
GeneID4719	3	7	3	11	1	6	3	6	7	5	3	4	2	4	3	3	4	4	5	3
GeneID4720	5	6	6	6	4	5	6	3	3	2	7	5	10	8	5	4	5	4	4	9
GeneID4721	4	3	3	8	0	2	4	3	5	3	7	8	6	2	2	6	7	10	6	3
GeneID4722	4	7	5	9	2	4	6	1	3	5	5	2	3	6	3	5	9	5	4	6
GeneID4723	8	4	3	6	5	6	5	4	3	4	6	5	6	1	6	9	4	7	3	7
GeneID4724	4	6	6	6	6	8	6	5	2	2	2	4	6	3	6	2	4	12	7	5
GeneID4725	4	11	4	9	3	4	4	2	5	4	5	6	6	1	11	4	2	4	5	2
GeneID4726	6	6	5	9	3	3	4	6	2	4	4	5	3	7	3	4	3	4	2	3
GeneID4727	5	3	7	4	4	5	4	5	1	3	4	3	3	1	7	6	5	1	6	4
GeneID4728	7	7	1	8	2	10	6	4	4	2	3	2	9	4	4	6	6	6	8	2
GeneID4729	4	7	4	10	3	4	6	5	7	4	8	5	8	10	4	3	8	6	2	3
GeneID4730	4	7	2	3	8	2	8	3	4	1	6	3	2	5	5	4	1	4	5	4
GeneID4731	5	2	10	5	7	4	5	4	5	1	3	1	6	3	2	8	5	3	3	3
GeneID4732	7	4	3	8	7	3	6	7	8	1	8	6	1	4	3	2	3	10	7	8
GeneID4733	2	3	2	3	6	6	7	4	6	7	10	2	6	6	4	3	6	5	1	3
GeneID4734	3	4	3	3	5	6	4	11	6	3	2	1	4	6	5	4	3	5	6	5
GeneID4735	5	4	7	5	5	6	2	6	5	1	3	6	2	7	1	8	3	4	7	2
GeneID4736	5	4	3	6	3	5	7	3	2	6	8	2	5	3	5	5	4	3	3	9
GeneID4737	7	5	4	9	3	2	1	3	5	8	6	5	1	3	6	4	6	9	6	5
GeneID4738	2	5	3	6	9	5	7	2	5	5	4	6	6	7	3	7	9	6	4	4
GeneID4739	8	2	5	2	3	4	3	7	3	8	6	4	4	5	4	3	7	5	5	4
GeneID4740	4	5	5	5	6	2	6	2	5	7	6	6	2	6	3	3	4	2	6	5
GeneID4741	3	8	3	6	3	5	1	4	10	7	1	1	2	7	4	2	2	4	7	5
GeneID4742	8	4	4	9	7	6	4	4	8	1	5	4	5	4	6	3	8	4	2	6
GeneID4743	5	8	2	3	8	7	5	3	7	4	3	6	5	3	5	5	6	3	4	6
GeneID4744	5	2	3	5	5	4	7	5	4	8	6	5	9	6	5	4	12	9	5	4
GeneID4745	3	6	2	2	1	6	6	4	5	6	5	8	4	5	6	8	2	2	6	2
GeneID4746	9	4	9	3	7	5	5	6	12	7	9	2	6	7	4	4	2	6	3	10
GeneID4747	10	4	8	8	5	4	11	6	4	7	4	2	4	3	2	3	6	2	3	5
GeneID4748	4	2	4	4	1	6	5	4	9	4	4	8	4	3	3	6	1	4	8	4
GeneID4749	7	3	4	4	5	2	7	6	3	2	8	4	8	8	4	4	4	1	6	9
GeneID4750	5	3	11	2	7	4	3	7	8	6	9	2	7	3	8	8	5	6	7	4
GeneID4751	2	4	3	5	2	2	4	3	5	10	5	5	4	3	8	2	6	4	8	7
GeneID4752	4	1	7	7	5	5	3	5	5	5	2	7	7	4	6	6	3	4	1	5
GeneID4753	4	1	3	7	5	4	5	2	5	6	5	3	2	4	9	4	4	7	5	4
GeneID4754	8	6	3	3	3	7	2	3	2	4	4	3	7	4	8	8	5	5	3	3
GeneID4755	9	6	3	5	7	6	6	7	3	9	4	5	4	8	6	4	5	3	4	3
GeneID4756	8	6	5	3	3	4	3	4	3	2	8	10	3	8	4	2	4	7	6	3
GeneID4757	5	2	3	2	2	6	3	6	6	3	11	4	6	7	4	4	2	10	7	5
GeneID4758	7	5	3	8	2	3	3	4	3	2	5	3	5	4	4	2	4	6	5	1
GeneID4759	6	4	6	8	3	5	6	3	5	5	1	3	5	1	4	4	4	2	6	4
GeneID4760	11	9	3	7	5	4	9	8	4	5	11	2	4	5	5	8	5	4	8	4
GeneID4761	10	3	3	5	2	2	4	3	7	2	4	8	5	6	2	8	7	4	6	9
GeneID4762	3	4	7	4	5	4	2	4	3	3	4	6	6	7	6	6	5	4	4	0
GeneID4763	7	2	2	4	6	5	4	3	6	4	2	9	5	5	9	6	4	9	6	4
GeneID4764	3	5	5	4	4	6	3	8	3	3	4	7	4	3	3	6	7	5	6	6
GeneID4765	5	6	2	6	4	6	4	3	6	6	3	8	4	4	11	4	1	4	10	4
GeneID4766	10	10	4	4	7	4	5	7	5	6	5	7	9	6	7	5	6	7	5	3
GeneID4767	5	6	5	3	6	5	6	3	5	6	4	3	7	6	8	6	4	8	6	6
GeneID4768	5	7	7	7	1	6	6	5	4	5	8	2	4	7	5	7	8	9	9	7
GeneID4769	4	8	2	3	6	6	5	6	6	5	5	4	8	6	1	5	9	6	9	5
GeneID4770	2	1	7	7	6	6	3	3	1	6	5	2	4	6	4	4	1	5	7	4
GeneID4771	3	2	3	4	4	1	6	2	2	4	12	6	9	2	6	6	10	2	5	3
GeneID4772	5	5	5	3	2	5	4	4	5	5	4	2	3	8	8	2	8	3	6	5
GeneID4773	5	4	1	1	4	8	3	6	3	9	6	3	8	1	7	6	6	9	2	7
GeneID4774	3	6	4	3	5	8	7	7	2	10	6	6	2	5	3	2	3	7	3	2
GeneID4775	4	6	6	3	2	8	2	3	4	7	5	8	6	5	7	8	5	1	8	2
GeneID4776	3	4	4	7	1	3	6	7	5	5	4	5	4	5	5	6	6	3	8	8
GeneID4777	8	7	3	6	3	7	9	3	3	8	6	2	4	9	3	7	4	6	5	5
GeneID4778	8	4	6	3	5	3	7	7	6	8	6	1	4	11	2	5	3	6	3	2
GeneID4779	4	8	4	5	5	5	7	3	5	1	3	1	6	2	6	2	2	4	5	5
GeneID4780	2	5	3	2	5	2	5	5	2	3	7	4	5	5	7	4	3	7	3	1
GeneID4781	2	6	8	5	4	5	2	7	7	10	4	2	2	4	7	5	5	4	0	4
GeneID4782	3	5	9	6	0	6	4	6	5	5	8	1	7	5	5	3	3	7	6	7
GeneID4783	6	5	7	5	5	7	6	3	4	8	3	7	6	4	1	3	4	1	2	4
GeneID4784	8	4	5	4	7	3	3	6	4	9	4	6	2	5	4	6	10	5	2	5
GeneID4785	7	6	2	5	2	8	5	4	8	8	6	7	8	3	5	9	3	11	4	5
GeneID4786	4	5	4	7	2	0	4	1	8	2	3	5	4	5	4	4	4	5	8	4
GeneID4787	4	3	3	9	7	1	4	1	10	4	4	7	4	2	4	2	7	3	5	6
GeneID4788	3	2	5	6	1	6	2	7	4	4	4	12	4	6	4	3	5	6	5	4
GeneID4789	3	9	7	2	4	1	10	5	10	10	2	5	5	5	3	2	2	4	3	2
GeneID4790	6	1	9	7	8	3	7	2	0	4	4	2	4	8	5	9	5	2	7	5
GeneID4791	9	6	4	3	2	2	12	7	9	5	7	9	4	3	7	9	3	8	5	6
GeneID4792	5	6	4	7	6	3	7	6	3	9	7	8	4	3	4	8	9	4	6	5
GeneID4793	0	4	7	8	4	1	2	7	5	8	5	4	5	7	2	4	2	7	7	5
GeneID4794	8	4	8	4	5	3	6	2	1	2	4	5	5	6	3	7	7	5	7	4
GeneID4795	3	5	5	6	5	5	3	7	6	6	4	10	2	7	3	9	4	8	4	8
GeneID4796	0	4	1	8	4	5	1	5	6	7	2	6	5	9	3	4	10	3	7	5
GeneID4797	5	6	3	6	5	3	6	6	5	8	5	3	4	5	4	8	2	3	7	3
GeneID4798	5	5	7	5	3	8	5	7	6	2	4	5	2	2	2	5	3	4	1	3
GeneID4799	7	4	7	5	4	4	5	6	4	8	4	7	3	3	7	3	5	3	5	5
GeneID4800	2	3	9	6	8	3	2	5	9	4	7	5	7	5	5	8	6	5	4	5
GeneID4801	8	2	2	5	5	3	3	9	9	4	9	10	5	3	2	3	6	6	5	6
GeneID4802	3	2	4	9	5	8	8	9	9	6	6	5	4	8	9	3	3	10	7	7
GeneID4803	7	5	5	6	6	7	3	5	8	3	3	1	5	3	6	9	4	5	8	7
GeneID4804	4	2	5	5	5	5	7	4	1	3	9	6	5	4	3	3	6	4	6	4
GeneID4805	7	3	7	2	3	2	4	3	3	7	6	4	1	6	6	3	2	6	3	7
GeneID4806	5	3	6	3	10	6	5	6	3	6	7	8	3	6	1	4	3	9	2	5
GeneID4807	5	7	4	4	5	3	4	7	7	4	7	8	5	7	6	4	5	7	3	3
GeneID4808	6	7	4	2	5	4	4	2	5	5	5	3	9	7	3	3	5	9	7	5
GeneID4809	3	4	5	2	3	4	3	5	3	4	5	6	3	6	3	8	7	6	5	6
GeneID4810	5	9	6	5	2	5	1	4	6	3	10	5	5	3	6	5	5	10	8	3
GeneID4811	4	4	5	3	7	4	5	2	6	4	7	4	6	2	3	8	7	8	4	3
GeneID4812	9	5	4	8	4	6	2	7	5	6	4	7	8	4	6	1	6	5	3	6
GeneID4813	2	6	2	5	5	6	5	5	5	11	4	8	6	5	3	5	6	8	5	6
GeneID4814	2	9	4	4	8	4	5	5	2	6	8	4	9	0	2	6	2	6	12	3
GeneID4815	3	6	7	6	3	5	4	6	5	0	6	3	6	7	8	5	9	11	3	4
GeneID4816	5	2	3	4	7	10	6	4	2	2	6	1	4	6	4	2	3	6	7	7
GeneID4817	6	3	3	5	8	4	6	5	12	3	2	4	9	10	5	4	7	4	5	6
GeneID4818	4	6	3	4	2	4	7	1	3	6	2	5	4	7	2	5	6	2	4	6
GeneID4819	3	6	6	8	9	4	2	5	2	6	3	3	7	3	3	5	4	4	6	5
GeneID4820	3	5	4	2	4	3	4	2	5	3	8	4	7	3	6	5	8	10	4	4
GeneID4821	6	4	2	3	4	5	6	4	3	7	8	6	5	5	6	5	5	6	2	7
GeneID4822	4	5	3	5	5	6	3	2	7	4	5	5	3	4	5	5	5	2	6	3
GeneID4823	4	4	7	6	3	4	6	2	6	6	6	4	5	8	3	9	6	7	8	5
GeneID4824	3	2	2	6	2	7	5	3	7	6	3	12	5	3	4	11	4	6	6	2
GeneID4825	7	5	3	4	4	3	3	7	7	5	8	5	4	6	4	5	7	9	10	2
GeneID4826	1	4	7	2	2	6	3	6	2	5	4	7	7	9	6	4	5	7	9	10
GeneID4827	5	3	5	7	3	5	6	7	5	7	4	4	5	5	4	6	4	6	2	6
GeneID4828	6	4	3	3	6	2	10	11	3	4	2	4	6	5	5	5	4	6	9	4
GeneID4829	6	7	1	5	6	7	3	5	5	4	3	8	9	2	4	6	2	8	7	2
GeneID4830	6	5	10	8	7	6	7	8	6	3	12	5	8	5	6	5	3	5	5	6
GeneID4831	7	4	5	3	2	2	5	6	4	4	3	6	6	7	7	7	2	3	8	2
GeneID4832	7	3	7	4	2	6	7	8	2	6	6	5	4	1	2	2	4	6	7	5
GeneID4833	4	3	5	3	3	4	6	5	2	8	4	6	4	1	7	6	3	2	4	3
GeneID4834	7	3	6	2	4	4	8	6	4	8	6	3	5	4	5	6	4	2	5	2
GeneID4835	4	6	5	4	3	5	1	9	9	5	5	7	3	1	4	6	3	4	3	4
GeneID4836	5	6	2	4	5	3	5	3	7	5	0	4	3	5	6	7	5	5	5	4
GeneID4837	4	10	4	4	5	6	5	7	2	9	6	4	5	7	6	4	1	2	5	10
GeneID4838	4	7	2	0	4	6	3	4	8	8	3	3	3	7	7	4	5	3	8	3
GeneID4839	4	6	3	8	9	11	5	5	6	7	8	6	7	3	5	4	9	9	5	6
GeneID4840	6	3	2	8	5	7	4	3	6	3	3	7	7	5	4	3	5	7	4	3
GeneID4841	13	1	5	4	6	3	5	5	2	3	3	1	5	6	6	6	2	4	8	2
GeneID4842	5	7	3	6	7	5	5	7	4	7	2	5	4	6	4	8	4	5	3	4
GeneID4843	3	7	10	4	4	7	5	3	8	5	3	4	5	7	9	4	5	5	1	5
GeneID4844	8	10	5	3	5	2	4	6	5	5	9	3	3	2	4	4	6	4	3	6
GeneID4845	3	3	4	3	4	8	3	3	2	3	7	8	3	4	5	2	4	7	8	5
GeneID4846	5	2	6	5	6	8	4	3	7	5	6	9	5	5	4	5	1	16	15	2
GeneID4847	7	6	8	5	7	4	2	10	4	5	2	6	6	3	3	10	6	3	7	2
GeneID4848	1	2	7	4	6	3	5	9	3	2	3	6	3	7	5	3	3	6	6	5
GeneID4849	8	6	2	4	7	5	7	4	4	6	5	8	6	12	4	9	6	5	5	3
GeneID4850	7	4	3	4	6	7	3	4	6	6	3	4	3	2	3	5	9	3	4	3
GeneID4851	6	5	4	10	6	8	4	5	9	7	3	4	2	4	6	7	6	6	7	5
GeneID4852	4	2	5	1	8	3	3	6	2	4	3	3	8	2	6	1	5	3	4	3
GeneID4853	2	2	2	4	5	8	8	4	4	5	3	6	3	2	4	6	5	6	6	3
GeneID4854	6	8	6	3	3	6	2	4	4	8	3	5	6	1	8	4	4	4	6	9
GeneID4855	3	3	5	6	4	7	4	3	6	5	4	3	6	5	6	11	5	5	6	4
GeneID4856	1	3	5	4	4	3	4	6	7	8	5	5	4	5	7	7	7	8	11	6
GeneID4857	2	10	5	4	3	5	1	8	6	9	7	7	2	1	6	3	6	5	1	4
GeneID4858	7	6	5	5	7	6	3	4	9	5	6	7	7	4	8	2	1	3	1	5
GeneID4859	3	3	5	6	5	4	7	7	8	2	2	8	3	7	7	8	1	3	5	6
GeneID4860	5	7	6	3	10	4	5	9	2	8	10	7	2	6	4	4	4	3	10	4
GeneID4861	6	3	5	4	6	5	3	6	3	6	8	2	5	4	4	5	8	3	2	8
GeneID4862	2	6	6	7	6	6	6	1	7	12	2	8	9	5	4	2	3	4	5	8
GeneID4863	4	2	7	1	6	6	5	6	6	6	8	3	2	9	5	10	1	3	6	3
GeneID4864	5	5	8	5	1	1	5	4	6	6	6	6	4	6	8	8	9	5	4	6
GeneID4865	10	6	6	12	1	8	7	5	4	6	10	6	2	6	5	3	5	3	3	5
GeneID4866	2	2	11	3	6	9	4	7	9	7	5	4	10	8	4	4	6	7	3	4
GeneID4867	5	6	6	3	5	4	9	9	4	4	5	3	4	6	2	8	8	4	6	7
GeneID4868	8	4	7	2	7	7	5	2	7	4	2	8	8	4	3	5	7	4	5	9
GeneID4869	4	3	4	0	4	8	2	8	2	4	6	1	4	4	8	6	6	4	1	4
GeneID4870	8	3	5	6	6	6	4	3	0	6	6	4	5	6	2	9	9	8	6	3
GeneID4871	2	8	7	7	6	5	5	6	5	4	6	7	5	5	5	2	3	3	5	4
GeneID4872	7	6	5	5	3	12	5	7	4	3	3	5	6	5	2	6	5	6	2	9
GeneID4873	9	5	5	5	5	4	5	4	6	2	5	7	3	5	5	3	9	4	6	2
GeneID4874	6	8	3	4	5	5	7	9	3	8	1	7	7	5	2	5	5	4	9	7
GeneID4875	4	2	5	8	5	3	1	8	3	7	4	5	6	10	5	10	6	2	5	3
GeneID4876	5	8	3	4	4	7	1	3	5	7	2	7	5	5	6	4	5	3	5	3
GeneID4877	4	2	3	3	3	5	7	3	10	7	6	12	6	4	6	7	5	5	3	3
GeneID4878	5	9	5	2	5	6	3	5	4	5	1	4	6	8	0	3	6	3	3	4
GeneID4879	2	5	2	4	8	3	7	9	7	5	5	5	4	4	5	5	5	5	8	8
GeneID4880	5	10	1	7	8	4	3	6	5	7	3	7	5	4	4	4	4	5	8	10
GeneID4881	5	7	2	5	6	2	4	1	9	10	6	5	5	8	4	3	4	3	5	11
GeneID4882	5	2	7	7	3	4	2	7	7	7	3	3	6	7	4	5	1	2	3	5
GeneID4883	5	3	4	3	7	7	4	7	5	6	5	5	9	7	2	3	0	4	6	2
GeneID4884	2	3	9	4	4	3	2	6	8	1	12	2	9	5	4	8	4	5	6	2
GeneID4885	7	4	5	3	3	5	11	6	4	2	5	8	4	6	2	7	3	5	8	5
GeneID4886	6	4	8	1	4	4	4	4	4	5	2	6	5	5	5	8	4	5	4	4
GeneID4887	3	4	8	3	4	4	7	9	5	4	3	4	5	4	5	2	5	3	4	5
GeneID4888	3	7	5	4	2	9	3	7	7	4	6	3	3	7	6	7	2	4	4	8
GeneID4889	4	6	7	4	7	8	5	3	5	3	6	5	2	7	7	2	2	5	3	1
GeneID4890	3	6	1	7	5	3	4	10	2	6	6	10	3	4	5	2	2	6	6	9
GeneID4891	9	2	1	7	5	8	1	5	3	4	7	4	5	6	4	6	6	4	1	3
GeneID4892	2	4	4	4	3	3	4	2	7	11	6	10	2	6	2	7	4	5	6	5
GeneID4893	2	5	9	3	6	6	4	4	8	5	5	7	6	5	7	4	6	6	3	8
GeneID4894	1	4	9	2	5	2	7	2	7	5	12	4	7	2	3	3	4	3	3	3
GeneID4895	5	9	2	7	4	9	5	7	6	5	6	2	3	8	2	11	5	5	10	6
GeneID4896	7	2	4	8	5	5	5	4	6	1	7	4	4	3	8	3	5	11	3	7
GeneID4897	6	4	4	5	5	2	7	4	7	5	2	5	3	10	5	10	7	4	3	4
GeneID4898	4	4	3	6	8	3	6	3	3	4	6	4	2	3	6	1	3	8	6	6
GeneID4899	8	8	7	4	6	7	6	11	7	1	4	9	5	9	3	3	6	5	2	7
GeneID4900	4	4	7	2	6	5	5	3	5	4	6	6	4	6	7	8	3	4	7	4
GeneID4901	4	9	4	11	5	5	3	5	7	4	7	5	9	5	3	7	9	5	5	7
GeneID4902	6	2	7	6	3	12	5	6	6	4	3	8	6	3	4	4	5	3	6	1
GeneID4903	8	6	9	5	9	7	4	8	5	5	8	5	9	5	3	3	5	5	5	2
GeneID4904	3	7	8	6	5	8	5	4	3	2	3	6	4	0	3	6	4	5	7	11
GeneID4905	10	1	2	4	4	6	3	7	5	9	4	2	6	6	6	7	1	6	3	6
GeneID4906	5	4	9	5	3	7	7	3	9	3	0	1	6	2	6	4	1	8	7	2
GeneID4907	4	6	7	5	6	6	5	7	5	5	6	7	4	6	3	5	2	2	4	8
GeneID4908	7	7	3	7	6	4	5	7	4	8	5	6	4	6	7	6	7	4	5	6
GeneID4909	10	5	7	7	5	2	7	6	6	6	0	6	2	11	5	6	4	5	8	6
GeneID4910	5	4	7	5	5	2	7	5	3	5	3	3	4	6	2	3	9	2	3	4
GeneID4911	4	4	4	8	4	3	10	3	6	2	6	4	7	2	9	4	10	7	5	4
GeneID4912	3	5	3	5	5	7	8	5	6	3	3	8	7	8	7	1	6	2	8	10
GeneID4913	5	3	6	8	4	8	9	4	9	5	8	7	6	5	10	6	7	5	7	4
GeneID4914	6	3	3	5	3	6	0	4	1	5	4	5	4	5	6	6	3	10	3	2
GeneID4915	3	5	5	8	9	4	2	5	2	6	3	8	6	5	8	3	9	6	4	1
GeneID4916	7	7	4	2	4	1	12	4	1	3	4	4	5	5	5	2	3	3	5	7
GeneID4917	1	3	2	11	8	4	5	3	9	8	3	5	7	5	5	8	6	4	6	4
GeneID4918	5	3	3	9	1	8	12	7	5	5	6	3	4	2	8	4	6	8	1	7
GeneID4919	9	6	6	2	9	6	12	3	3	5	2	2	5	4	5	2	1	9	8	4
GeneID4920	5	2	6	6	2	3	3	10	3	3	2	6	5	5	4	2	4	6	3	5
GeneID4921	6	6	9	4	8	4	3	8	5	5	3	4	7	1	4	3	6	5	7	7
GeneID4922	7	5	4	3	4	5	5	4	1	5	3	4	6	5	8	8	3	8	8	8
GeneID4923	7	5	6	4	7	7	7	4	4	7	9	7	6	7	4	6	6	5	4	5
GeneID4924	6	6	4	7	5	4	3	6	6	6	4	3	7	6	3	4	7	1	4	3
GeneID4925	7	6	6	5	5	2	5	5	2	6	5	4	3	6	6	1	4	0	9	10
GeneID4926	8	3	7	7	7	7	14	7	6	11	5	4	5	6	4	5	4	2	5	3
GeneID4927	5	5	7	3	2	5	6	3	8	0	9	5	5	8	5	3	4	7	8	7
GeneID4928	7	4	3	5	6	10	5	5	6	6	8	2	4	5	7	1	5	1	8	4
GeneID4929	2	6	7	6	4	6	5	0	2	5	1	6	4	3	6	5	5	4	4	5
GeneID4930	5	1	7	5	6	8	9	5	3	9	5	3	3	4	6	0	6	4	5	2
GeneID4931	3	6	4	8	5	3	5	10	7	8	3	4	5	4	3	4	1	4	4	6
GeneID4932	2	6	6	4	6	4	6	2	6	6	7	6	5	6	2	6	8	5	4	6
GeneID4933	2	4	7	5	7	4	4	8	6	9	7	2	3	7	11	6	8	4	8	4
GeneID4934	2	6	2	5	6	5	3	3	1	1	1	5	2	4	7	6	4	8	8	7
GeneID4935	6	10	6	5	9	7	2	8	7	5	6	4	6	2	8	5	2	6	6	5
GeneID4936	8	3	5	6	5	7	10	6	8	8	7	4	6	4	6	5	6	6	6	7
GeneID4937	2	9	5	5	2	4	3	3	6	3	6	5	7	7	10	8	11	3	8	6
GeneID4938	4	6	5	6	8	4	6	5	4	5	4	10	6	8	5	5	1	3	10	7
GeneID4939	3	7	3	2	8	8	3	4	7	5	8	9	8	6	6	5	10	4	3	10
GeneID4940	7	7	10	3	9	6	7	5	6	2	8	1	7	8	3	2	9	7	5	7
GeneID4941	5	4	4	3	6	3	2	5	1	4	6	5	4	3	4	4	5	4	4	4
GeneID4942	0	1	2	3	7	5	5	2	3	8	2	6	6	8	7	7	5	5	7	9
GeneID4943	11	7	6	2	5	5	3	4	4	6	7	3	8	5	4	4	5	9	5	6
GeneID4944	3	6	5	7	1	6	7	6	7	5	8	4	6	2	5	4	6	1	10	5
GeneID4945	6	4	4	5	6	6	2	3	5	9	10	7	7	8	5	6	3	6	7	6
GeneID4946	4	4	4	5	3	2	6	4	4	3	3	9	5	3	9	10	9	4	10	5
GeneID4947	7	7	4	5	7	6	4	4	10	8	4	2	4	3	8	4	2	6	8	2
GeneID4948	2	8	7	14	5	3	7	4	3	4	4	0	5	8	9	5	4	3	1	8
GeneID4949	6	10	2	4	1	6	5	3	7	6	6	4	6	4	8	5	6	8	5	4
GeneID4950	6	2	2	4	5	8	7	4	2	7	7	7	3	7	8	3	2	6	3	6
GeneID4951	6	2	5	5	12	7	5	2	8	3	5	6	5	2	2	8	6	1	3	6
GeneID4952	3	2	8	3	4	6	6	2	5	6	8	7	4	5	5	7	5	5	2	4
GeneID4953	5	4	6	4	4	6	1	4	7	4	3	4	2	6	3	9	4	6	3	8
GeneID4954	5	1	4	6	6	3	7	3	6	5	5	4	3	6	7	2	8	5	3	8
GeneID4955	10	4	2	9	4	6	5	6	4	7	3	9	6	9	5	4	4	4	4	8
GeneID4956	4	6	11	3	5	8	7	2	3	7	6	4	2	6	3	3	9	7	1	3
GeneID4957	6	5	2	2	7	3	4	3	3	6	6	4	4	3	2	6	7	1	5	9
GeneID4958	2	9	7	2	8	2	4	5	5	5	4	8	5	5	6	4	3	7	5	3
GeneID4959	4	7	0	6	4	1	5	4	4	6	7	4	6	3	5	9	5	2	5	5
GeneID4960	6	1	3	6	8	6	6	6	1	3	7	4	4	4	7	4	4	4	2	4
GeneID4961	2	5	5	8	1	3	4	11	5	4	3	4	4	9	4	0	6	3	7	8
GeneID4962	0	6	7	10	4	8	2	3	6	2	2	5	7	7	7	3	9	5	5	1
GeneID4963	5	5	1	5	6	5	6	2	4	7	5	6	0	3	7	3	5	3	1	4
GeneID4964	4	6	3	3	10	7	1	3	7	6	4	6	10	5	1	2	9	6	4	5
GeneID4965	4	7	11	3	6	9	7	5	5	5	3	6	6	5	3	10	4	6	1	8
GeneID4966	5	4	4	9	3	5	4	13	7	4	5	5	2	9	3	5	2	10	4	4
GeneID4967	8	7	6	5	6	2	3	9	5	1	8	6	4	3	3	7	8	3	7	7
GeneID4968	6	4	9	4	2	7	7	6	7	7	1	6	4	5	6	5	10	6	6	4
GeneID4969	6	5	6	7	2	2	8	7	5	4	10	7	4	8	2	8	6	5	5	4
GeneID4970	9	2	4	2	6	5	6	3	3	4	6	5	1	5	4	3	10	5	5	8
GeneID4971	4	6	4	5	6	5	3	3	7	2	3	6	2	4	1	10	7	6	4	11
GeneID4972	6	1	4	4	2	8	6	6	8	4	3	4	3	7	6	2	6	9	9	4
GeneID4973	6	2	5	5	1	7	3	0	3	6	4	4	1	2	1	5	6	7	8	10
GeneID4974	8	2	9	5	7	2	4	3	1	2	5	3	5	3	5	3	3	6	4	3
GeneID4975	3	3	1	4	7	6	7	4	6	3	7	5	7	5	5	5	3	4	1	3
GeneID4976	9	7	4	2	7	10	3	6	7	7	2	7	3	3	5	3	5	8	1	3
GeneID4977	3	5	8	9	3	8	4	12	7	7	6	5	7	3	7	7	6	5	5	9
GeneID4978	2	5	6	5	1	3	3	4	6	8	11	3	4	7	2	7	6	5	5	6
GeneID4979	6	3	4	4	6	4	3	3	6	7	7	4	5	3	2	4	5	7	11	9
GeneID4980	5	6	2	7	1	2	7	5	4	4	5	2	6	5	5	0	3	3	8	7
GeneID4981	3	5	4	4	3	1	4	4	3	4	6	4	3	6	8	6	2	3	8	11
GeneID4982	4	6	5	3	2	5	5	3	3	5	3	10	4	6	7	4	9	6	6	5
GeneID4983	3	4	5	5	10	8	7	7	4	5	5	2	5	1	4	3	4	0	9	4
GeneID4984	7	4	3	5	8	1	4	6	2	3	5	2	7	6	5	3	3	10	6	4
GeneID4985	3	3	4	7	6	6	4	4	4	5	3	5	3	3	7	3	3	4	6	13
GeneID4986	6	5	7	5	5	7	7	7	4	9	4	4	1	5	5	5	5	4	4	5
GeneID4987	5	5	4	7	7	2	3	6	4	4	5	5	7	1	7	5	2	5	2	4
GeneID4988	0	7	5	7	10	5	7	2	4	7	7	7	3	7	5	5	3	3	10	5
GeneID4989	4	2	4	2	4	6	7	4	4	6	2	2	3	4	8	7	3	6	1	4
GeneID4990	4	8	7	5	9	6	7	5	5	3	2	2	9	4	8	8	5	9	10	8
GeneID4991	5	3	2	7	3	5	9	5	5	2	1	5	4	4	6	6	2	4	6	10
GeneID4992	1	3	3	2	7	2	4	4	2	11	5	9	11	8	7	6	7	8	4	5
GeneID4993	5	10	4	5	8	4	7	5	6	6	8	8	2	7	3	5	4	1	3	4
GeneID4994	4	6	4	3	8	6	3	6	4	2	4	7	4	4	6	3	4	6	3	8
GeneID4995	6	2	6	1	7	4	8	5	5	3	4	5	3	8	5	5	6	1	5	3
GeneID4996	6	2	9	9	6	5	4	7	4	4	6	7	7	5	6	7	5	9	6	7
GeneID4997	5	4	9	3	3	2	4	7	3	3	19	3	5	6	5	5	2	5	3	1
GeneID4998	5	1	5	5	2	9	6	8	8	4	3	7	4	3	3	5	3	3	5	1
GeneID4999	7	5	2	8	6	4	7	5	5	3	2	6	7	5	5	6	2	3	5	2
GeneID5000	9	7	7	1	8	9	6	6	2	4	7	6	3	4	6	2	6	3	4	6
